<?xml version='1.0' encoding='utf-8'?>
<osm version="0.6" upload="false" generator="JOSM">
  <bounds minlat="52.3914337" minlon="13.1216455" maxlat="52.3960821" maxlon="13.1371164" origin="openstreetmap-cgimap 2.1.0 (1321 spike-07.openstreetmap.org)" />
  <node id="-35122" action="modify" lat="52.39347444037" lon="13.13020412995">
    <tag k="highway" v="elevator" />
    <tag k="level" v="0;1;2" />
  </node>
  <node id="-35268" action="modify" lat="52.39333455148" lon="13.130287396">
    <tag k="amenity" v="drinking_water" />
    <tag k="level" v="0" />
  </node>
  <node id="-35304" action="modify" lat="52.39333455148" lon="13.130287396">
    <tag k="amenity" v="drinking_water" />
    <tag k="level" v="1" />
  </node>
  <node id="-35328" action="modify" lat="52.39333455148" lon="13.130287396">
    <tag k="amenity" v="drinking_water" />
    <tag k="level" v="2" />
  </node>
  <node id="-35345" action="modify" lat="52.39334120626" lon="13.13027285568">
    <tag k="amenity" v="printer" />
    <tag k="level" v="0" />
  </node>
  <node id="-35386" action="modify" lat="52.39334120626" lon="13.13027285568">
    <tag k="amenity" v="printer" />
    <tag k="level" v="1" />
  </node>
  <node id="-35403" action="modify" lat="52.39334120626" lon="13.13027285568">
    <tag k="amenity" v="printer" />
    <tag k="level" v="2" />
  </node>
  <node id="-35430" action="modify" lat="52.3933097578" lon="13.13029079263" />
  <node id="-35432" action="modify" lat="52.3933097375" lon="13.13029034501" />
  <node id="-35447" action="modify" lat="52.39330976493" lon="13.1302909499" />
  <node id="-35546" action="modify" lat="52.39355661448" lon="13.13012724947">
    <tag k="amenity" v="drinking_water" />
    <tag k="level" v="0" />
  </node>
  <node id="-35562" action="modify" lat="52.39321211851" lon="13.13014760738">
    <tag k="indoor" v="room" />
    <tag k="level" v="0" />
    <tag k="name" v="Bernhard Renard" />
    <tag k="room" v="office" />
  </node>
  <node id="-35648" action="modify" lat="52.39321212013" lon="13.13014760468">
    <tag k="indoor" v="room" />
    <tag k="level" v="1" />
    <tag k="name" v="Holger Karl" />
    <tag k="room" v="office" />
  </node>
  <node id="-35667" action="modify" lat="52.3932121197" lon="13.13014760743">
    <tag k="indoor" v="room" />
    <tag k="level" v="2" />
    <tag k="name" v="Tobias Friedrich" />
    <tag k="room" v="office" />
  </node>
  <node id="-35000" action="modify" lat="52.393490358" lon="13.13019437567">
    <tag k="automatic_door" v="yes" />
    <tag k="door" v="sliding" />
    <tag k="indoor" v="door" />
  </node>
  <node id="-34998" action="modify" lat="52.39349063528" lon="13.1302025546">
    <tag k="automatic_door" v="yes" />
    <tag k="door" v="sliding" />
    <tag k="indoor" v="door" />
  </node>
  <node id="-34996" action="modify" lat="52.39349091298" lon="13.130210746">
    <tag k="automatic_door" v="yes" />
    <tag k="door" v="sliding" />
    <tag k="indoor" v="door" />
  </node>
  <node id="-34495" action="modify" lat="52.39327623497" lon="13.13017114765" />
  <node id="-34343" action="modify" lat="52.39356761179" lon="13.13029090386">
    <tag k="door" v="hinged" />
    <tag k="indoor" v="door" />
  </node>
  <node id="-34341" action="modify" lat="52.39358261719" lon="13.13022499333">
    <tag k="door" v="hinged" />
    <tag k="indoor" v="door" />
  </node>
  <node id="-34330" action="modify" lat="52.39356193107" lon="13.13016084809">
    <tag k="door" v="hinged" />
    <tag k="indoor" v="door" />
  </node>
  <node id="-34329" action="modify" lat="52.39356108651" lon="13.13030512221">
    <tag k="door" v="hinged" />
    <tag k="indoor" v="door" />
  </node>
  <node id="-34328" action="modify" lat="52.39355463895" lon="13.13014987303">
    <tag k="door" v="hinged" />
    <tag k="indoor" v="door" />
  </node>
  <node id="-34203" action="modify" lat="52.39357276914" lon="13.1303037347">
    <tag k="door" v="hinged" />
    <tag k="indoor" v="door" />
  </node>
  <node id="-34202" action="modify" lat="52.39356582376" lon="13.13014844771">
    <tag k="door" v="hinged" />
    <tag k="indoor" v="door" />
  </node>
  <node id="-34099" action="modify" lat="52.39356205263" lon="13.13016363907">
    <tag k="door" v="hinged" />
    <tag k="indoor" v="door" />
  </node>
  <node id="-34097" action="modify" lat="52.39356753802" lon="13.13028949543">
    <tag k="door" v="hinged" />
    <tag k="indoor" v="door" />
  </node>
  <node id="-34060" action="modify" lat="52.39355241739" lon="13.13015015613">
    <tag k="door" v="hinged" />
    <tag k="indoor" v="door" />
  </node>
  <node id="-33589" action="modify" lat="52.39356141543" lon="13.13014900948" />
  <node id="-33205" action="modify" lat="52.39347295267" lon="13.13032525449" />
  <node id="-33204" action="modify" lat="52.39351205038" lon="13.13032040682" />
  <node id="-33138" action="modify" lat="52.39347337813" lon="13.13033479716" />
  <node id="-32793" action="modify" lat="52.39357209726" lon="13.13017370368" />
  <node id="-32145" action="modify" lat="52.39347609682" lon="13.13039577369" />
  <node id="-32135" action="modify" lat="52.3934738036" lon="13.13034433983" />
  <node id="-32087" action="modify" lat="52.39327440144" lon="13.13013263423" />
  <node id="-31852" action="modify" lat="52.39357789968" lon="13.1303031235" />
  <node id="-31528" action="modify" lat="52.39355039569" lon="13.13030639812" />
  <node id="-30951" action="modify" lat="52.39357728038" lon="13.1302893851">
    <tag k="door" v="hinged" />
    <tag k="indoor" v="door" />
    <tag k="level" v="2" />
  </node>
  <node id="-30920" action="modify" lat="52.39357267076" lon="13.13018712663">
    <tag k="door" v="hinged" />
    <tag k="indoor" v="door" />
    <tag k="level" v="2" />
  </node>
  <node id="-30885" action="modify" lat="52.39357151252" lon="13.13016143246">
    <tag k="door" v="hinged" />
    <tag k="indoor" v="door" />
    <tag k="level" v="2" />
  </node>
  <node id="-30858" action="modify" lat="52.39357089804" lon="13.13014780108" />
  <node id="-30856" action="modify" lat="52.39357669242" lon="13.13027634203" />
  <node id="-30855" action="modify" lat="52.39364474793" lon="13.13016564352" />
  <node id="-30853" action="modify" lat="52.39358150854" lon="13.13038318157" />
  <node id="-30852" action="modify" lat="52.39356724764" lon="13.13006682149" />
  <node id="-30596" action="modify" lat="52.39351519425" lon="13.13039109924" />
  <node id="-30595" action="modify" lat="52.39351163322" lon="13.13031102664" />
  <node id="-30540" action="modify" lat="52.39346951043" lon="13.13024193641" />
  <node id="-30539" action="modify" lat="52.39347130586" lon="13.13028652204" />
  <node id="-30538" action="modify" lat="52.39345946122" lon="13.13028800112" />
  <node id="-30537" action="modify" lat="52.393458086" lon="13.13025163492">
    <tag k="door" v="hinged" />
    <tag k="indoor" v="door" />
  </node>
  <node id="-30536" action="modify" lat="52.39345777686" lon="13.13024346001" />
  <node id="-30535" action="modify" lat="52.39342238149" lon="13.13026154397" />
  <node id="-30534" action="modify" lat="52.39342341231" lon="13.13028234643">
    <tag k="door" v="hinged" />
    <tag k="indoor" v="door" />
  </node>
  <node id="-30533" action="modify" lat="52.39342389279" lon="13.13029244267" />
  <node id="-30532" action="modify" lat="52.39344514458" lon="13.13028978889" />
  <node id="-30531" action="modify" lat="52.39344471945" lon="13.13027948">
    <tag k="door" v="hinged" />
    <tag k="indoor" v="door" />
  </node>
  <node id="-30530" action="modify" lat="52.39344386594" lon="13.13025878357" />
  <node id="-30529" action="modify" lat="52.39342137697" lon="13.13023957805" />
  <node id="-30528" action="modify" lat="52.39342238149" lon="13.13026154397" />
  <node id="-30527" action="modify" lat="52.39344386594" lon="13.13025878357" />
  <node id="-30526" action="modify" lat="52.39344275362" lon="13.13023321441">
    <tag k="door" v="hinged" />
    <tag k="indoor" v="door" />
  </node>
  <node id="-30525" action="modify" lat="52.39341938134" lon="13.13019538644" />
  <node id="-30524" action="modify" lat="52.39341976464" lon="13.13020387437">
    <tag k="door" v="hinged" />
    <tag k="indoor" v="door" />
  </node>
  <node id="-30523" action="modify" lat="52.39342085974" lon="13.1302282679" />
  <node id="-30522" action="modify" lat="52.39344242556" lon="13.13022567315" />
  <node id="-30521" action="modify" lat="52.39344140744" lon="13.13020166533">
    <tag k="door" v="hinged" />
    <tag k="indoor" v="door" />
  </node>
  <node id="-30520" action="modify" lat="52.39344104028" lon="13.13019300744" />
  <node id="-30519" action="modify" lat="52.39336256225" lon="13.1303001012" />
  <node id="-30518" action="modify" lat="52.39338548442" lon="13.13029723884">
    <tag k="door" v="hinged" />
    <tag k="indoor" v="door" />
  </node>
  <node id="-30517" action="modify" lat="52.39339498979" lon="13.13029605188" />
  <node id="-30516" action="modify" lat="52.39338138694" lon="13.13019955972">
    <tag k="door" v="hinged" />
    <tag k="indoor" v="door" />
  </node>
  <node id="-30515" action="modify" lat="52.39335825474" lon="13.13020210054" />
  <node id="-30514" action="modify" lat="52.39336020935" lon="13.13025115041" />
  <node id="-30513" action="modify" lat="52.39339269346" lon="13.13024728773" />
  <node id="-30512" action="modify" lat="52.3933924846" lon="13.13024285241" />
  <node id="-30511" action="modify" lat="52.39339074632" lon="13.13019853169" />
  <node id="-30441" action="modify" lat="52.39339074632" lon="13.13019853169" />
  <node id="-30440" action="modify" lat="52.39341976464" lon="13.13020387437">
    <tag k="door" v="hinged" />
    <tag k="indoor" v="door" />
  </node>
  <node id="-30439" action="modify" lat="52.39341938134" lon="13.13019538644" />
  <node id="-30438" action="modify" lat="52.3933924846" lon="13.13024285241" />
  <node id="-30437" action="modify" lat="52.39339269346" lon="13.13024728773" />
  <node id="-30436" action="modify" lat="52.39339498979" lon="13.13029605188" />
  <node id="-30435" action="modify" lat="52.39342389279" lon="13.13029244267" />
  <node id="-30434" action="modify" lat="52.39342341231" lon="13.13028234643">
    <tag k="door" v="hinged" />
    <tag k="indoor" v="door" />
  </node>
  <node id="-30433" action="modify" lat="52.39342137697" lon="13.13023957805" />
  <node id="-30432" action="modify" lat="52.39335082043" lon="13.13020291712">
    <tag k="door" v="hinged" />
    <tag k="indoor" v="door" />
  </node>
  <node id="-30431" action="modify" lat="52.39333453879" lon="13.13020470548" />
  <node id="-30430" action="modify" lat="52.39333673173" lon="13.1302541679" />
  <node id="-30429" action="modify" lat="52.39336020935" lon="13.13025115041" />
  <node id="-30428" action="modify" lat="52.39335825474" lon="13.13020210054" />
  <node id="-30427" action="modify" lat="52.39333673173" lon="13.1302541679" />
  <node id="-30426" action="modify" lat="52.39333903756" lon="13.1303030388" />
  <node id="-30425" action="modify" lat="52.39335589706" lon="13.13030093351">
    <tag k="door" v="hinged" />
    <tag k="indoor" v="door" />
  </node>
  <node id="-30424" action="modify" lat="52.39336256225" lon="13.1303001012" />
  <node id="-30423" action="modify" lat="52.39336020935" lon="13.13025115041" />
  <node id="-30418" action="modify" lat="52.39344061546" lon="13.13031935814">
    <tag k="door" v="hinged" />
    <tag k="indoor" v="door" />
  </node>
  <node id="-30416" action="modify" lat="52.3934725272" lon="13.13031571182" />
  <node id="-30415" action="modify" lat="52.39339643744" lon="13.13032440602">
    <tag k="door" v="hinged" />
    <tag k="indoor" v="door" />
  </node>
  <node id="-30414" action="modify" lat="52.3934333543" lon="13.13040087975" />
  <node id="-30413" action="modify" lat="52.39342987626" lon="13.13032058522" />
  <node id="-30412" action="modify" lat="52.39335180957" lon="13.13032950531">
    <tag k="door" v="hinged" />
    <tag k="indoor" v="door" />
  </node>
  <node id="-30410" action="modify" lat="52.39338547333" lon="13.13032565881" />
  <node id="-30407" action="modify" lat="52.39334137576" lon="13.1303306975" />
  <node id="-30401" action="modify" lat="52.393244485" lon="13.13032138157">
    <tag k="door" v="hinged" />
    <tag k="indoor" v="door" />
  </node>
  <node id="-30400" action="modify" lat="52.39319631104" lon="13.13035324383" />
  <node id="-30397" action="modify" lat="52.39324607117" lon="13.13035824415">
    <tag k="door" v="hinged" />
    <tag k="indoor" v="door" />
  </node>
  <node id="-30396" action="modify" lat="52.39324559619" lon="13.1303472056" />
  <node id="-30395" action="modify" lat="52.39319436466" lon="13.13030947847" />
  <node id="-30394" action="modify" lat="52.39324373242" lon="13.13030389148" />
  <node id="-30393" action="modify" lat="52.39324131267" lon="13.1302476564">
    <tag k="door" v="hinged" />
    <tag k="indoor" v="door" />
  </node>
  <node id="-30392" action="modify" lat="52.39319109732" lon="13.13023601039" />
  <node id="-30391" action="modify" lat="52.39324057115" lon="13.13023042348" />
  <node id="-30390" action="modify" lat="52.39323930717" lon="13.13020104834">
    <tag k="door" v="hinged" />
    <tag k="indoor" v="door" />
  </node>
  <node id="-30388" action="modify" lat="52.3931889711" lon="13.13018820113" />
  <node id="-30387" action="modify" lat="52.39323851566" lon="13.13018265364" />
  <node id="-30386" action="modify" lat="52.39323811163" lon="13.130173264">
    <tag k="door" v="hinged" />
    <tag k="indoor" v="door" />
  </node>
  <node id="-30385" action="modify" lat="52.39323704125" lon="13.13014838828" />
  <node id="-30382" action="modify" lat="52.39330211516" lon="13.13018082233">
    <tag k="door" v="hinged" />
    <tag k="indoor" v="door" />
  </node>
  <node id="-30381" action="modify" lat="52.39327684614" lon="13.13018398546" />
  <node id="-30379" action="modify" lat="52.39331273905" lon="13.13017949245" />
  <node id="-30378" action="modify" lat="52.39334670739" lon="13.13017524035">
    <tag k="door" v="hinged" />
    <tag k="indoor" v="door" />
  </node>
  <node id="-30376" action="modify" lat="52.39335693222" lon="13.13017396043" />
  <node id="-30375" action="modify" lat="52.39338806055" lon="13.13017006383">
    <tag k="door" v="hinged" />
    <tag k="indoor" v="door" />
  </node>
  <node id="-30370" action="modify" lat="52.39339888389" lon="13.13016870898" />
  <node id="-30094" action="modify" lat="52.39353104041" lon="13.13007114558" />
  <node id="-29641" action="modify" lat="52.39355907774" lon="13.13030536056">
    <tag k="door" v="hinged" />
    <tag k="indoor" v="door" />
    <tag k="level" v="1" />
  </node>
  <node id="-29611" action="modify" lat="52.39356628601" lon="13.13026077127">
    <tag k="door" v="hinged" />
    <tag k="indoor" v="door" />
    <tag k="level" v="1" />
  </node>
  <node id="-29449" action="modify" lat="52.39353263307" lon="13.13010702181" />
  <node id="-29391" action="modify" lat="52.39354153097" lon="13.13030745609" />
  <node id="-28552" action="modify" lat="52.39339549341" lon="13.1300873334" />
  <node id="-28551" action="modify" lat="52.39338806055" lon="13.13017006383">
    <tag k="door" v="hinged" />
    <tag k="indoor" v="door" />
  </node>
  <node id="-28550" action="modify" lat="52.39339888389" lon="13.13016870898" />
  <node id="-28549" action="modify" lat="52.39335304866" lon="13.13009240239" />
  <node id="-28548" action="modify" lat="52.39334670739" lon="13.13017524035">
    <tag k="door" v="hinged" />
    <tag k="indoor" v="door" />
  </node>
  <node id="-28547" action="modify" lat="52.39335693222" lon="13.13017396043" />
  <node id="-28546" action="modify" lat="52.39327294155" lon="13.13010196922" />
  <node id="-28545" action="modify" lat="52.39330906259" lon="13.13009765545" />
  <node id="-28544" action="modify" lat="52.39331273905" lon="13.13017949245" />
  <node id="-28543" action="modify" lat="52.39330211516" lon="13.13018082233">
    <tag k="door" v="hinged" />
    <tag k="indoor" v="door" />
  </node>
  <node id="-28542" action="modify" lat="52.39327684614" lon="13.13018398546" />
  <node id="-28494" action="modify" lat="52.39324607117" lon="13.13035824415">
    <tag k="door" v="hinged" />
    <tag k="indoor" v="door" />
  </node>
  <node id="-28493" action="modify" lat="52.39319631104" lon="13.13035324383" />
  <node id="-28492" action="modify" lat="52.39324559619" lon="13.1303472056" />
  <node id="-28491" action="modify" lat="52.393244485" lon="13.13032138157">
    <tag k="door" v="hinged" />
    <tag k="indoor" v="door" />
  </node>
  <node id="-28490" action="modify" lat="52.39319436466" lon="13.13030947847" />
  <node id="-28489" action="modify" lat="52.39324373242" lon="13.13030389148" />
  <node id="-28488" action="modify" lat="52.39324131267" lon="13.1302476564">
    <tag k="door" v="hinged" />
    <tag k="indoor" v="door" />
  </node>
  <node id="-28487" action="modify" lat="52.39319109732" lon="13.13023601039" />
  <node id="-28486" action="modify" lat="52.39324057115" lon="13.13023042348" />
  <node id="-28485" action="modify" lat="52.39323930717" lon="13.13020104834">
    <tag k="door" v="hinged" />
    <tag k="indoor" v="door" />
  </node>
  <node id="-28483" action="modify" lat="52.3931889711" lon="13.13018820113" />
  <node id="-28482" action="modify" lat="52.39323851566" lon="13.13018265364" />
  <node id="-28481" action="modify" lat="52.39323811163" lon="13.130173264">
    <tag k="door" v="hinged" />
    <tag k="indoor" v="door" />
  </node>
  <node id="-28480" action="modify" lat="52.39323704125" lon="13.13014838828" />
  <node id="-28451" action="modify" lat="52.39335180957" lon="13.13032950531">
    <tag k="door" v="hinged" />
    <tag k="indoor" v="door" />
  </node>
  <node id="-28450" action="modify" lat="52.39334137576" lon="13.1303306975" />
  <node id="-28448" action="modify" lat="52.39339643744" lon="13.13032440602">
    <tag k="door" v="hinged" />
    <tag k="indoor" v="door" />
  </node>
  <node id="-28447" action="modify" lat="52.39338547333" lon="13.13032565881" />
  <node id="-28445" action="modify" lat="52.39344061546" lon="13.13031935814">
    <tag k="door" v="hinged" />
    <tag k="indoor" v="door" />
  </node>
  <node id="-28444" action="modify" lat="52.39342987626" lon="13.13032058522" />
  <node id="-28443" action="modify" lat="52.3934333543" lon="13.13040087975" />
  <node id="-28441" action="modify" lat="52.3934725272" lon="13.13031571182" />
  <node id="-28285" action="modify" lat="52.39333673173" lon="13.1302541679" />
  <node id="-28284" action="modify" lat="52.39333903756" lon="13.1303030388" />
  <node id="-28283" action="modify" lat="52.39335589706" lon="13.13030093351">
    <tag k="door" v="hinged" />
    <tag k="indoor" v="door" />
  </node>
  <node id="-28282" action="modify" lat="52.39336256225" lon="13.1303001012" />
  <node id="-28281" action="modify" lat="52.39336020935" lon="13.13025115041" />
  <node id="-28280" action="modify" lat="52.39346951043" lon="13.13024193641" />
  <node id="-28279" action="modify" lat="52.39347130586" lon="13.13028652204" />
  <node id="-28278" action="modify" lat="52.39345946122" lon="13.13028800112" />
  <node id="-28277" action="modify" lat="52.393458086" lon="13.13025163492">
    <tag k="door" v="hinged" />
    <tag k="indoor" v="door" />
  </node>
  <node id="-28276" action="modify" lat="52.39345777686" lon="13.13024346001" />
  <node id="-28275" action="modify" lat="52.39342238149" lon="13.13026154397" />
  <node id="-28274" action="modify" lat="52.39342341231" lon="13.13028234643">
    <tag k="door" v="hinged" />
    <tag k="indoor" v="door" />
  </node>
  <node id="-28273" action="modify" lat="52.39342389279" lon="13.13029244267" />
  <node id="-28272" action="modify" lat="52.39344514458" lon="13.13028978889" />
  <node id="-28271" action="modify" lat="52.39344471945" lon="13.13027948">
    <tag k="door" v="hinged" />
    <tag k="indoor" v="door" />
  </node>
  <node id="-28270" action="modify" lat="52.39344386594" lon="13.13025878357" />
  <node id="-28193" action="modify" lat="52.39335082043" lon="13.13020291712">
    <tag k="door" v="hinged" />
    <tag k="indoor" v="door" />
  </node>
  <node id="-28192" action="modify" lat="52.39333453879" lon="13.13020470548" />
  <node id="-28191" action="modify" lat="52.39333673173" lon="13.1302541679" />
  <node id="-28190" action="modify" lat="52.39336256225" lon="13.1303001012" />
  <node id="-28189" action="modify" lat="52.39338548442" lon="13.13029723884">
    <tag k="door" v="hinged" />
    <tag k="indoor" v="door" />
  </node>
  <node id="-28188" action="modify" lat="52.39339498979" lon="13.13029605188" />
  <node id="-28187" action="modify" lat="52.39342389279" lon="13.13029244267" />
  <node id="-28186" action="modify" lat="52.39342341231" lon="13.13028234643">
    <tag k="door" v="hinged" />
    <tag k="indoor" v="door" />
  </node>
  <node id="-28185" action="modify" lat="52.39338138694" lon="13.13019955972">
    <tag k="door" v="hinged" />
    <tag k="indoor" v="door" />
  </node>
  <node id="-28184" action="modify" lat="52.39335825474" lon="13.13020210054" />
  <node id="-28183" action="modify" lat="52.39336020935" lon="13.13025115041" />
  <node id="-28182" action="modify" lat="52.39339269346" lon="13.13024728773" />
  <node id="-28181" action="modify" lat="52.39339074632" lon="13.13019853169" />
  <node id="-28180" action="modify" lat="52.3933924846" lon="13.13024285241" />
  <node id="-28179" action="modify" lat="52.39342137697" lon="13.13023957805" />
  <node id="-28178" action="modify" lat="52.39342238149" lon="13.13026154397" />
  <node id="-28177" action="modify" lat="52.39341938134" lon="13.13019538644" />
  <node id="-28176" action="modify" lat="52.39341976464" lon="13.13020387437">
    <tag k="door" v="hinged" />
    <tag k="indoor" v="door" />
  </node>
  <node id="-28175" action="modify" lat="52.39342085974" lon="13.1302282679" />
  <node id="-28169" action="modify" lat="52.39344386594" lon="13.13025878357" />
  <node id="-28168" action="modify" lat="52.39344275362" lon="13.13023321441">
    <tag k="door" v="hinged" />
    <tag k="indoor" v="door" />
  </node>
  <node id="-28167" action="modify" lat="52.39344242556" lon="13.13022567315" />
  <node id="-28166" action="modify" lat="52.39344140744" lon="13.13020166533">
    <tag k="door" v="hinged" />
    <tag k="indoor" v="door" />
  </node>
  <node id="-28165" action="modify" lat="52.39344104028" lon="13.13019300744" />
  <node id="-27916" action="modify" lat="52.39353464846" lon="13.13015242048" />
  <node id="-27909" action="modify" lat="52.39356703718" lon="13.13027800491" />
  <node id="-27906" action="modify" lat="52.39356818224" lon="13.13030427536" />
  <node id="-27900" action="modify" lat="52.39355788103" lon="13.13006794011" />
  <node id="-27899" action="modify" lat="52.39358959788" lon="13.13006415229" />
  <node id="-27895" action="modify" lat="52.39356253639" lon="13.13017474569" />
  <node id="-26784" action="modify" lat="52.39330568482" lon="13.13041612526" />
  <node id="-26756" action="modify" lat="52.39344143512" lon="13.13008184677" />
  <node id="-26733" action="modify" lat="52.39335082043" lon="13.13020291712">
    <tag k="door" v="hinged" />
    <tag k="indoor" v="door" />
  </node>
  <node id="-26732" action="modify" lat="52.39335589706" lon="13.13030093351">
    <tag k="door" v="hinged" />
    <tag k="indoor" v="door" />
  </node>
  <node id="-26731" action="modify" lat="52.39338548442" lon="13.13029723884">
    <tag k="door" v="hinged" />
    <tag k="indoor" v="door" />
  </node>
  <node id="-26730" action="modify" lat="52.39338138694" lon="13.13019955972">
    <tag k="door" v="hinged" />
    <tag k="indoor" v="door" />
  </node>
  <node id="-26729" action="modify" lat="52.39342341231" lon="13.13028234643">
    <tag k="door" v="hinged" />
    <tag k="indoor" v="door" />
  </node>
  <node id="-26728" action="modify" lat="52.39341976464" lon="13.13020387437">
    <tag k="door" v="hinged" />
    <tag k="indoor" v="door" />
  </node>
  <node id="-26727" action="modify" lat="52.39344140744" lon="13.13020166533">
    <tag k="door" v="hinged" />
    <tag k="indoor" v="door" />
  </node>
  <node id="-26726" action="modify" lat="52.39344275362" lon="13.13023321441">
    <tag k="door" v="hinged" />
    <tag k="indoor" v="door" />
  </node>
  <node id="-26725" action="modify" lat="52.39344471945" lon="13.13027948">
    <tag k="door" v="hinged" />
    <tag k="indoor" v="door" />
  </node>
  <node id="-26724" action="modify" lat="52.393458086" lon="13.13025163492">
    <tag k="door" v="hinged" />
    <tag k="indoor" v="door" />
  </node>
  <node id="-26700" action="modify" lat="52.39333903756" lon="13.1303030388" />
  <node id="-26699" action="modify" lat="52.39333453879" lon="13.13020470548" />
  <node id="-26698" action="modify" lat="52.39333673173" lon="13.1302541679" />
  <node id="-26697" action="modify" lat="52.39336256225" lon="13.1303001012" />
  <node id="-26696" action="modify" lat="52.39335825474" lon="13.13020210054" />
  <node id="-26695" action="modify" lat="52.39336020935" lon="13.13025115041" />
  <node id="-26694" action="modify" lat="52.39339269346" lon="13.13024728773" />
  <node id="-26692" action="modify" lat="52.39339498979" lon="13.13029605188" />
  <node id="-26691" action="modify" lat="52.39339074632" lon="13.13019853169" />
  <node id="-26690" action="modify" lat="52.3933924846" lon="13.13024285241" />
  <node id="-26689" action="modify" lat="52.39342137697" lon="13.13023957805" />
  <node id="-26684" action="modify" lat="52.39342389279" lon="13.13029244267" />
  <node id="-26683" action="modify" lat="52.39342238149" lon="13.13026154397" />
  <node id="-26682" action="modify" lat="52.39344386594" lon="13.13025878357" />
  <node id="-26681" action="modify" lat="52.39341938134" lon="13.13019538644" />
  <node id="-26680" action="modify" lat="52.39342085974" lon="13.1302282679" />
  <node id="-26679" action="modify" lat="52.39344242556" lon="13.13022567315" />
  <node id="-26675" action="modify" lat="52.39346951043" lon="13.13024193641" />
  <node id="-26674" action="modify" lat="52.39345777686" lon="13.13024346001" />
  <node id="-26673" action="modify" lat="52.39345946122" lon="13.13028800112" />
  <node id="-26672" action="modify" lat="52.39344514458" lon="13.13028978889" />
  <node id="-26671" action="modify" lat="52.39344104028" lon="13.13019300744" />
  <node id="-26670" action="modify" lat="52.39345565135" lon="13.13019140257" />
  <node id="-26669" action="modify" lat="52.39345698404" lon="13.13022181375" />
  <node id="-26668" action="modify" lat="52.39344061546" lon="13.13031935814">
    <tag k="door" v="hinged" />
    <tag k="indoor" v="door" />
  </node>
  <node id="-26667" action="modify" lat="52.39339643744" lon="13.13032440602">
    <tag k="door" v="hinged" />
    <tag k="indoor" v="door" />
  </node>
  <node id="-26666" action="modify" lat="52.39335180957" lon="13.13032950531">
    <tag k="door" v="hinged" />
    <tag k="indoor" v="door" />
  </node>
  <node id="-26663" action="modify" lat="52.39324607117" lon="13.13035824415">
    <tag k="door" v="hinged" />
    <tag k="indoor" v="door" />
  </node>
  <node id="-26662" action="modify" lat="52.393244485" lon="13.13032138157">
    <tag k="door" v="hinged" />
    <tag k="indoor" v="door" />
  </node>
  <node id="-26661" action="modify" lat="52.39324131267" lon="13.1302476564">
    <tag k="door" v="hinged" />
    <tag k="indoor" v="door" />
  </node>
  <node id="-26660" action="modify" lat="52.39323930717" lon="13.13020104834">
    <tag k="door" v="hinged" />
    <tag k="indoor" v="door" />
  </node>
  <node id="-26659" action="modify" lat="52.39323811163" lon="13.130173264">
    <tag k="door" v="hinged" />
    <tag k="indoor" v="door" />
  </node>
  <node id="-26658" action="modify" lat="52.39330211516" lon="13.13018082233">
    <tag k="door" v="hinged" />
    <tag k="indoor" v="door" />
  </node>
  <node id="-26657" action="modify" lat="52.39334670739" lon="13.13017524035">
    <tag k="door" v="hinged" />
    <tag k="indoor" v="door" />
  </node>
  <node id="-26656" action="modify" lat="52.39338806055" lon="13.13017006383">
    <tag k="door" v="hinged" />
    <tag k="indoor" v="door" />
  </node>
  <node id="-26653" action="modify" lat="52.39348510836" lon="13.13007663106" />
  <node id="-26652" action="modify" lat="52.39339549341" lon="13.1300873334" />
  <node id="-26651" action="modify" lat="52.39339888389" lon="13.13016870898" />
  <node id="-26649" action="modify" lat="52.39335304866" lon="13.13009240239" />
  <node id="-26648" action="modify" lat="52.39335693222" lon="13.13017396043" />
  <node id="-26647" action="modify" lat="52.39327294155" lon="13.13010196922" />
  <node id="-26646" action="modify" lat="52.39330906259" lon="13.13009765545" />
  <node id="-26645" action="modify" lat="52.39331273905" lon="13.13017949245" />
  <node id="-26644" action="modify" lat="52.39327684614" lon="13.13018398546" />
  <node id="-26641" action="modify" lat="52.39323559939" lon="13.13010642881" />
  <node id="-26639" action="modify" lat="52.3931889711" lon="13.13018820113" />
  <node id="-26638" action="modify" lat="52.39323851566" lon="13.13018265364" />
  <node id="-26636" action="modify" lat="52.39319109732" lon="13.13023601039" />
  <node id="-26635" action="modify" lat="52.39324057115" lon="13.13023042348" />
  <node id="-26633" action="modify" lat="52.39319436466" lon="13.13030947847" />
  <node id="-26632" action="modify" lat="52.39324373242" lon="13.13030389148" />
  <node id="-26630" action="modify" lat="52.39319631104" lon="13.13035324383" />
  <node id="-26629" action="modify" lat="52.39324559619" lon="13.1303472056" />
  <node id="-26627" action="modify" lat="52.39334137576" lon="13.1303306975" />
  <node id="-26626" action="modify" lat="52.39334506952" lon="13.13041142172" />
  <node id="-26625" action="modify" lat="52.39338547333" lon="13.13032565881" />
  <node id="-26624" action="modify" lat="52.39338906298" lon="13.13040616778" />
  <node id="-26623" action="modify" lat="52.39342987626" lon="13.13032058522" />
  <node id="-26622" action="modify" lat="52.39343335423" lon="13.13040087826" />
  <node id="-26621" action="modify" lat="52.39347609682" lon="13.13039577369" />
  <node id="-26620" action="modify" lat="52.3934725272" lon="13.13031571182" />
  <node id="-26610" action="modify" lat="52.39323704125" lon="13.13014838828" />
  <node id="-26609" action="modify" lat="52.39324885377" lon="13.13042291233" />
  <node id="-26608" action="modify" lat="52.39326327961" lon="13.13042118952" />
  <node id="-26586" action="modify" lat="52.39347130586" lon="13.13028652204" />
  <node id="-26585" action="modify" lat="52.3934686461" lon="13.13022047265" />
  <node id="-26584" action="modify" lat="52.3934911518" lon="13.13021779044" />
  <node id="-26583" action="modify" lat="52.39349012882" lon="13.13018761558" />
  <node id="-26511" action="modify" lat="52.39354360243" lon="13.13015127945" />
  <node id="-26392" action="modify" lat="52.39354508544" lon="13.13038752417" />
  <node id="-26338" action="modify" lat="52.39353054324" lon="13.13038926346">
    <tag k="entrance" v="main" />
    <tag k="name" v="Zugang Ost" />
  </node>
  <node id="-26335" action="modify" lat="52.39356705739" lon="13.13027790848" />
  <node id="-26334" action="modify" lat="52.39357167289" lon="13.13038435942" />
  <node id="-26331" action="modify" lat="52.39364930446" lon="13.13026812035" />
  <node id="-26330" action="modify" lat="52.39358482645" lon="13.1302758351" />
  <node id="-26329" action="modify" lat="52.39358034869" lon="13.13017278823" />
  <node id="-26296" action="modify" lat="52.39351593767" lon="13.13007294924">
    <tag k="entrance" v="main" />
    <tag k="name" v="Zugang West" />
  </node>
  <node id="249783114" timestamp="2017-05-26T15:57:03Z" uid="1468248" user="PantherStrix" version="12" changeset="49006247" lat="52.3922071" lon="13.1302517" />
  <node id="249783115" timestamp="2017-05-26T15:57:03Z" uid="1468248" user="PantherStrix" version="10" changeset="49006247" lat="52.3921824" lon="13.1300908" />
  <node id="249783116" timestamp="2017-05-26T15:57:03Z" uid="1468248" user="PantherStrix" version="10" changeset="49006247" lat="52.3923107" lon="13.1300841" />
  <node id="249783117" timestamp="2017-05-26T15:57:03Z" uid="1468248" user="PantherStrix" version="10" changeset="49006247" lat="52.3923217" lon="13.1305959" />
  <node id="249783118" timestamp="2017-05-26T15:57:03Z" uid="1468248" user="PantherStrix" version="10" changeset="49006247" lat="52.3920407" lon="13.1306117" />
  <node id="249783119" timestamp="2017-05-26T15:57:03Z" uid="1468248" user="PantherStrix" version="10" changeset="49006247" lat="52.3920355" lon="13.130347" />
  <node id="249783120" timestamp="2017-05-26T15:57:03Z" uid="1468248" user="PantherStrix" version="10" changeset="49006247" lat="52.392118" lon="13.1303426" />
  <node id="249783121" timestamp="2025-04-17T08:01:40Z" uid="66391" user="geozeisig" version="17" changeset="165058540" lat="52.3921411" lon="13.1304686">
    <tag k="access" v="private" />
    <tag k="addr:city" v="Potsdam" />
    <tag k="addr:country" v="DE" />
    <tag k="addr:housenumber" v="146a" />
    <tag k="addr:postcode" v="14482" />
    <tag k="addr:street" v="Stahnsdorfer Straße" />
    <tag k="addr:suburb" v="Babelsberg Süd" />
    <tag k="door" v="hinged" />
    <tag k="entrance" v="staircase" />
    <tag k="level" v="0" />
  </node>
  <node id="249783122" timestamp="2025-04-17T08:01:40Z" uid="66391" user="geozeisig" version="17" changeset="165058540" lat="52.3922127" lon="13.1304649">
    <tag k="access" v="private" />
    <tag k="addr:city" v="Potsdam" />
    <tag k="addr:country" v="DE" />
    <tag k="addr:housenumber" v="146b" />
    <tag k="addr:postcode" v="14482" />
    <tag k="addr:street" v="Stahnsdorfer Straße" />
    <tag k="addr:suburb" v="Babelsberg Süd" />
    <tag k="door" v="hinged" />
    <tag k="entrance" v="staircase" />
    <tag k="level" v="0" />
  </node>
  <node id="249783123" timestamp="2025-04-17T08:01:40Z" uid="66391" user="geozeisig" version="17" changeset="165058540" lat="52.3922169" lon="13.1302512">
    <tag k="access" v="private" />
    <tag k="addr:city" v="Potsdam" />
    <tag k="addr:country" v="DE" />
    <tag k="addr:housenumber" v="146c" />
    <tag k="addr:postcode" v="14482" />
    <tag k="addr:street" v="Stahnsdorfer Straße" />
    <tag k="addr:suburb" v="Babelsberg Süd" />
    <tag k="door" v="hinged" />
    <tag k="entrance" v="staircase" />
    <tag k="level" v="0" />
  </node>
  <node id="249783124" timestamp="2017-05-26T15:57:03Z" uid="1468248" user="PantherStrix" version="11" changeset="49006247" lat="52.3925834" lon="13.1298355" />
  <node id="249783125" timestamp="2017-05-26T15:57:03Z" uid="1468248" user="PantherStrix" version="10" changeset="49006247" lat="52.3925822" lon="13.129691" />
  <node id="249783126" timestamp="2017-05-26T15:57:03Z" uid="1468248" user="PantherStrix" version="10" changeset="49006247" lat="52.3927422" lon="13.1296875" />
  <node id="249783127" timestamp="2017-05-26T15:57:04Z" uid="1468248" user="PantherStrix" version="10" changeset="49006247" lat="52.3927467" lon="13.130142" />
  <node id="249783128" timestamp="2017-05-26T15:57:04Z" uid="1468248" user="PantherStrix" version="10" changeset="49006247" lat="52.3924336" lon="13.1301505" />
  <node id="249783129" timestamp="2017-05-26T15:57:04Z" uid="1468248" user="PantherStrix" version="10" changeset="49006247" lat="52.3924319" lon="13.1299437" />
  <node id="249783130" timestamp="2017-05-26T15:57:04Z" uid="1468248" user="PantherStrix" version="10" changeset="49006247" lat="52.3925087" lon="13.1299421" />
  <node id="249783131" timestamp="2025-04-17T08:01:40Z" uid="66391" user="geozeisig" version="15" changeset="165058540" lat="52.3925094" lon="13.1300203">
    <tag k="access" v="private" />
    <tag k="addr:city" v="Potsdam" />
    <tag k="addr:country" v="DE" />
    <tag k="addr:housenumber" v="144c" />
    <tag k="addr:postcode" v="14482" />
    <tag k="addr:street" v="Stahnsdorfer Straße" />
    <tag k="addr:suburb" v="Babelsberg Süd" />
    <tag k="door" v="hinged" />
    <tag k="entrance" v="staircase" />
    <tag k="level" v="0" />
  </node>
  <node id="249783132" timestamp="2025-04-17T08:01:40Z" uid="66391" user="geozeisig" version="15" changeset="165058540" lat="52.3926577" lon="13.1300171">
    <tag k="access" v="private" />
    <tag k="addr:city" v="Potsdam" />
    <tag k="addr:country" v="DE" />
    <tag k="addr:housenumber" v="144b" />
    <tag k="addr:postcode" v="14482" />
    <tag k="addr:street" v="Stahnsdorfer Straße" />
    <tag k="addr:suburb" v="Babelsberg Süd" />
    <tag k="door" v="hinged" />
    <tag k="entrance" v="staircase" />
    <tag k="level" v="0" />
  </node>
  <node id="249783133" timestamp="2025-04-17T08:01:40Z" uid="66391" user="geozeisig" version="15" changeset="165058540" lat="52.3926562" lon="13.129834">
    <tag k="access" v="private" />
    <tag k="addr:city" v="Potsdam" />
    <tag k="addr:country" v="DE" />
    <tag k="addr:housenumber" v="144a" />
    <tag k="addr:postcode" v="14482" />
    <tag k="addr:street" v="Stahnsdorfer Straße" />
    <tag k="addr:suburb" v="Babelsberg Süd" />
    <tag k="door" v="hinged" />
    <tag k="entrance" v="staircase" />
    <tag k="level" v="0" />
  </node>
  <node id="249783134" timestamp="2017-05-26T15:57:04Z" uid="1468248" user="PantherStrix" version="13" changeset="49006247" lat="52.3921029" lon="13.1299951" />
  <node id="249783135" timestamp="2017-05-26T15:57:04Z" uid="1468248" user="PantherStrix" version="12" changeset="49006247" lat="52.3920183" lon="13.1299997" />
  <node id="249783136" timestamp="2025-04-17T08:01:40Z" uid="66391" user="geozeisig" version="19" changeset="165058540" lat="52.392004" lon="13.1298671">
    <tag k="access" v="private" />
    <tag k="addr:city" v="Potsdam" />
    <tag k="addr:country" v="DE" />
    <tag k="addr:housenumber" v="148a" />
    <tag k="addr:postcode" v="14482" />
    <tag k="addr:street" v="Stahnsdorfer Straße" />
    <tag k="addr:suburb" v="Babelsberg Süd" />
    <tag k="door" v="hinged" />
    <tag k="entrance" v="staircase" />
    <tag k="level" v="0" />
  </node>
  <node id="249783137" timestamp="2025-04-17T08:01:40Z" uid="66391" user="geozeisig" version="18" changeset="165058540" lat="52.3918987" lon="13.1299013">
    <tag k="access" v="private" />
    <tag k="addr:city" v="Potsdam" />
    <tag k="addr:country" v="DE" />
    <tag k="addr:housenumber" v="148b" />
    <tag k="addr:postcode" v="14482" />
    <tag k="addr:street" v="Stahnsdorfer Straße" />
    <tag k="addr:suburb" v="Babelsberg Süd" />
    <tag k="door" v="hinged" />
    <tag k="entrance" v="staircase" />
    <tag k="level" v="0" />
  </node>
  <node id="249783138" timestamp="2025-04-17T08:01:40Z" uid="66391" user="geozeisig" version="19" changeset="165058540" lat="52.3919179" lon="13.1301067">
    <tag k="access" v="private" />
    <tag k="addr:city" v="Potsdam" />
    <tag k="addr:country" v="DE" />
    <tag k="addr:housenumber" v="148c" />
    <tag k="addr:postcode" v="14482" />
    <tag k="addr:street" v="Stahnsdorfer Straße" />
    <tag k="addr:suburb" v="Babelsberg Süd" />
    <tag k="door" v="hinged" />
    <tag k="entrance" v="staircase" />
    <tag k="level" v="0" />
  </node>
  <node id="249783139" timestamp="2017-05-26T15:57:05Z" uid="1468248" user="PantherStrix" version="12" changeset="49006247" lat="52.3919507" lon="13.1301049" />
  <node id="249783140" timestamp="2017-05-26T15:57:05Z" uid="1468248" user="PantherStrix" version="12" changeset="49006247" lat="52.3919538" lon="13.1302576" />
  <node id="249783141" timestamp="2017-05-26T15:57:05Z" uid="1468248" user="PantherStrix" version="12" changeset="49006247" lat="52.39182" lon="13.130265" />
  <node id="249783142" timestamp="2017-05-26T15:57:05Z" uid="1468248" user="PantherStrix" version="12" changeset="49006247" lat="52.3918092" lon="13.1297358" />
  <node id="249783143" timestamp="2017-05-26T15:57:05Z" uid="1468248" user="PantherStrix" version="12" changeset="49006247" lat="52.3920973" lon="13.1297208" />
  <node id="249783144" timestamp="2017-05-26T15:57:05Z" uid="1468248" user="PantherStrix" version="12" changeset="49006247" lat="52.3920919" lon="13.1292584" />
  <node id="249783145" timestamp="2017-05-26T15:57:05Z" uid="1468248" user="PantherStrix" version="11" changeset="49006247" lat="52.3920972" lon="13.1295246" />
  <node id="249783146" timestamp="2017-05-26T15:57:05Z" uid="1468248" user="PantherStrix" version="11" changeset="49006247" lat="52.3918102" lon="13.1295407" />
  <node id="249783147" timestamp="2017-05-26T15:57:05Z" uid="1468248" user="PantherStrix" version="11" changeset="49006247" lat="52.3917996" lon="13.1290243" />
  <node id="249783148" timestamp="2017-05-26T15:57:05Z" uid="1468248" user="PantherStrix" version="11" changeset="49006247" lat="52.3919286" lon="13.1290173" />
  <node id="249783149" timestamp="2017-05-26T15:57:05Z" uid="1468248" user="PantherStrix" version="11" changeset="49006247" lat="52.3919321" lon="13.1291865" />
  <node id="249783150" timestamp="2025-04-17T08:01:40Z" uid="66391" user="geozeisig" version="16" changeset="165058540" lat="52.3918878" lon="13.1291889">
    <tag k="access" v="private" />
    <tag k="addr:city" v="Potsdam" />
    <tag k="addr:country" v="DE" />
    <tag k="addr:housenumber" v="150c" />
    <tag k="addr:postcode" v="14482" />
    <tag k="addr:street" v="Stahnsdorfer Straße" />
    <tag k="addr:suburb" v="Babelsberg Süd" />
    <tag k="door" v="hinged" />
    <tag k="entrance" v="staircase" />
    <tag k="level" v="0" />
  </node>
  <node id="249783151" timestamp="2025-04-17T08:01:40Z" uid="66391" user="geozeisig" version="16" changeset="165058540" lat="52.391892" lon="13.1293934">
    <tag k="access" v="private" />
    <tag k="addr:city" v="Potsdam" />
    <tag k="addr:country" v="DE" />
    <tag k="addr:housenumber" v="150b" />
    <tag k="addr:postcode" v="14482" />
    <tag k="addr:street" v="Stahnsdorfer Straße" />
    <tag k="addr:suburb" v="Babelsberg Süd" />
    <tag k="door" v="hinged" />
    <tag k="entrance" v="staircase" />
    <tag k="level" v="0" />
  </node>
  <node id="249783152" timestamp="2025-04-17T08:01:40Z" uid="66391" user="geozeisig" version="16" changeset="165058540" lat="52.3920079" lon="13.1293872">
    <tag k="access" v="private" />
    <tag k="addr:city" v="Potsdam" />
    <tag k="addr:country" v="DE" />
    <tag k="addr:housenumber" v="150a" />
    <tag k="addr:postcode" v="14482" />
    <tag k="addr:street" v="Stahnsdorfer Straße" />
    <tag k="addr:suburb" v="Babelsberg Süd" />
    <tag k="door" v="hinged" />
    <tag k="entrance" v="staircase" />
    <tag k="level" v="0" />
  </node>
  <node id="249783153" timestamp="2017-05-26T15:57:05Z" uid="1468248" user="PantherStrix" version="11" changeset="49006247" lat="52.3920054" lon="13.1292631" />
  <node id="249783154" timestamp="2017-05-26T15:57:05Z" uid="1468248" user="PantherStrix" version="10" changeset="49006247" lat="52.3922237" lon="13.1285529" />
  <node id="249783155" timestamp="2017-05-26T15:57:05Z" uid="1468248" user="PantherStrix" version="9" changeset="49006247" lat="52.392233" lon="13.1290238" />
  <node id="249783156" timestamp="2017-05-26T15:57:05Z" uid="1468248" user="PantherStrix" version="9" changeset="49006247" lat="52.3920709" lon="13.129032" />
  <node id="249783157" timestamp="2017-05-26T15:57:05Z" uid="1468248" user="PantherStrix" version="9" changeset="49006247" lat="52.3920682" lon="13.1288901" />
  <node id="249783158" timestamp="2025-04-17T08:01:40Z" uid="66391" user="geozeisig" version="16" changeset="165058540" lat="52.3921325" lon="13.1288868">
    <tag k="access" v="private" />
    <tag k="addr:city" v="Potsdam" />
    <tag k="addr:country" v="DE" />
    <tag k="addr:housenumber" v="140a" />
    <tag k="addr:postcode" v="14482" />
    <tag k="addr:street" v="Stahnsdorfer Straße" />
    <tag k="addr:suburb" v="Babelsberg Süd" />
    <tag k="door" v="hinged" />
    <tag k="entrance" v="staircase" />
    <tag k="level" v="0" />
  </node>
  <node id="249783159" timestamp="2025-04-17T08:01:40Z" uid="66391" user="geozeisig" version="15" changeset="165058540" lat="52.392129" lon="13.128701">
    <tag k="access" v="private" />
    <tag k="addr:city" v="Potsdam" />
    <tag k="addr:country" v="DE" />
    <tag k="addr:housenumber" v="140b" />
    <tag k="addr:postcode" v="14482" />
    <tag k="addr:street" v="Stahnsdorfer Straße" />
    <tag k="addr:suburb" v="Babelsberg Süd" />
    <tag k="door" v="hinged" />
    <tag k="entrance" v="staircase" />
    <tag k="level" v="0" />
  </node>
  <node id="249783160" timestamp="2025-04-17T08:01:40Z" uid="66391" user="geozeisig" version="16" changeset="165058540" lat="52.3920127" lon="13.1287068">
    <tag k="access" v="private" />
    <tag k="addr:city" v="Potsdam" />
    <tag k="addr:country" v="DE" />
    <tag k="addr:housenumber" v="140c" />
    <tag k="addr:postcode" v="14482" />
    <tag k="addr:street" v="Stahnsdorfer Straße" />
    <tag k="addr:suburb" v="Babelsberg Süd" />
    <tag k="door" v="hinged" />
    <tag k="entrance" v="staircase" />
    <tag k="level" v="0" />
  </node>
  <node id="249783161" timestamp="2017-05-26T15:57:06Z" uid="1468248" user="PantherStrix" version="9" changeset="49006247" lat="52.3920141" lon="13.1287827" />
  <node id="249783162" timestamp="2017-05-26T15:57:06Z" uid="1468248" user="PantherStrix" version="9" changeset="49006247" lat="52.3919125" lon="13.1287879" />
  <node id="249783163" timestamp="2017-05-26T15:57:06Z" uid="1468248" user="PantherStrix" version="9" changeset="49006247" lat="52.3919083" lon="13.1285702" />
  <node id="249783164" timestamp="2017-05-26T15:57:06Z" uid="1468248" user="PantherStrix" version="10" changeset="49006247" lat="52.3926505" lon="13.1290286" />
  <node id="249783165" timestamp="2017-05-26T15:57:06Z" uid="1468248" user="PantherStrix" version="9" changeset="49006247" lat="52.3926601" lon="13.1294959" />
  <node id="249783166" timestamp="2017-05-26T15:57:06Z" uid="1468248" user="PantherStrix" version="9" changeset="49006247" lat="52.3924909" lon="13.129505" />
  <node id="249783167" timestamp="2017-05-26T15:57:06Z" uid="1468248" user="PantherStrix" version="9" changeset="49006247" lat="52.3924881" lon="13.1293678" />
  <node id="249783168" timestamp="2025-04-17T08:01:40Z" uid="66391" user="geozeisig" version="15" changeset="165058540" lat="52.3925688" lon="13.1293634">
    <tag k="access" v="private" />
    <tag k="addr:city" v="Potsdam" />
    <tag k="addr:country" v="DE" />
    <tag k="addr:housenumber" v="142a" />
    <tag k="addr:postcode" v="14482" />
    <tag k="addr:street" v="Stahnsdorfer Straße" />
    <tag k="addr:suburb" v="Babelsberg Süd" />
    <tag k="door" v="hinged" />
    <tag k="entrance" v="staircase" />
    <tag k="level" v="0" />
  </node>
  <node id="249783169" timestamp="2025-04-17T08:01:40Z" uid="66391" user="geozeisig" version="14" changeset="165058540" lat="52.3925643" lon="13.1291708">
    <tag k="access" v="private" />
    <tag k="addr:city" v="Potsdam" />
    <tag k="addr:country" v="DE" />
    <tag k="addr:housenumber" v="142b" />
    <tag k="addr:postcode" v="14482" />
    <tag k="addr:street" v="Stahnsdorfer Straße" />
    <tag k="addr:suburb" v="Babelsberg Süd" />
    <tag k="door" v="hinged" />
    <tag k="entrance" v="staircase" />
    <tag k="level" v="0" />
  </node>
  <node id="249783170" timestamp="2025-04-17T08:01:40Z" uid="66391" user="geozeisig" version="15" changeset="165058540" lat="52.392423" lon="13.1291785">
    <tag k="access" v="private" />
    <tag k="addr:city" v="Potsdam" />
    <tag k="addr:country" v="DE" />
    <tag k="addr:housenumber" v="142c" />
    <tag k="addr:postcode" v="14482" />
    <tag k="addr:street" v="Stahnsdorfer Straße" />
    <tag k="addr:suburb" v="Babelsberg Süd" />
    <tag k="door" v="hinged" />
    <tag k="entrance" v="staircase" />
    <tag k="level" v="0" />
  </node>
  <node id="249783171" timestamp="2017-05-26T15:57:06Z" uid="1468248" user="PantherStrix" version="9" changeset="49006247" lat="52.3924245" lon="13.1292574" />
  <node id="249783172" timestamp="2017-05-26T15:57:06Z" uid="1468248" user="PantherStrix" version="10" changeset="49006247" lat="52.3923375" lon="13.1292622" />
  <node id="249783173" timestamp="2017-05-26T15:57:06Z" uid="1468248" user="PantherStrix" version="9" changeset="49006247" lat="52.3923331" lon="13.1290439" />
  <node id="249783174" timestamp="2017-05-26T15:57:06Z" uid="1468248" user="PantherStrix" version="11" changeset="49006247" lat="52.392594" lon="13.1308813" />
  <node id="249783175" timestamp="2017-05-26T15:57:06Z" uid="1468248" user="PantherStrix" version="10" changeset="49006247" lat="52.3925884" lon="13.1306168" />
  <node id="249783176" timestamp="2017-05-26T15:57:06Z" uid="1468248" user="PantherStrix" version="10" changeset="49006247" lat="52.3928774" lon="13.1306007" />
  <node id="249783177" timestamp="2017-05-26T15:57:06Z" uid="1468248" user="PantherStrix" version="10" changeset="49006247" lat="52.3928884" lon="13.1311088" />
  <node id="249783178" timestamp="2017-05-26T15:57:06Z" uid="1468248" user="PantherStrix" version="10" changeset="49006247" lat="52.3927545" lon="13.1311163" />
  <node id="249783179" timestamp="2017-05-26T15:57:06Z" uid="1468248" user="PantherStrix" version="10" changeset="49006247" lat="52.3927514" lon="13.1309671" />
  <node id="249783180" timestamp="2025-04-17T08:01:40Z" uid="66391" user="geozeisig" version="15" changeset="165058540" lat="52.3927901" lon="13.1309649">
    <tag k="access" v="private" />
    <tag k="addr:city" v="Potsdam" />
    <tag k="addr:country" v="DE" />
    <tag k="addr:housenumber" v="152c" />
    <tag k="addr:postcode" v="14482" />
    <tag k="addr:street" v="Stahnsdorfer Straße" />
    <tag k="addr:suburb" v="Babelsberg Süd" />
    <tag k="door" v="hinged" />
    <tag k="entrance" v="staircase" />
    <tag k="level" v="0" />
  </node>
  <node id="249783181" timestamp="2025-04-17T08:01:40Z" uid="66391" user="geozeisig" version="15" changeset="165058540" lat="52.3927854" lon="13.1307419">
    <tag k="access" v="private" />
    <tag k="addr:city" v="Potsdam" />
    <tag k="addr:country" v="DE" />
    <tag k="addr:housenumber" v="152b" />
    <tag k="addr:postcode" v="14482" />
    <tag k="addr:street" v="Stahnsdorfer Straße" />
    <tag k="addr:suburb" v="Babelsberg Süd" />
    <tag k="door" v="hinged" />
    <tag k="entrance" v="staircase" />
    <tag k="level" v="0" />
  </node>
  <node id="249783182" timestamp="2025-04-17T08:01:40Z" uid="66391" user="geozeisig" version="15" changeset="165058540" lat="52.392682" lon="13.1307476">
    <tag k="access" v="private" />
    <tag k="addr:city" v="Potsdam" />
    <tag k="addr:country" v="DE" />
    <tag k="addr:housenumber" v="152a" />
    <tag k="addr:postcode" v="14482" />
    <tag k="addr:street" v="Stahnsdorfer Straße" />
    <tag k="addr:suburb" v="Babelsberg Süd" />
    <tag k="door" v="hinged" />
    <tag k="entrance" v="staircase" />
    <tag k="level" v="0" />
  </node>
  <node id="249783183" timestamp="2017-05-26T15:57:07Z" uid="1468248" user="PantherStrix" version="10" changeset="49006247" lat="52.3926847" lon="13.1308762" />
  <node id="249783184" timestamp="2017-05-26T15:57:07Z" uid="1468248" user="PantherStrix" version="11" changeset="49006247" lat="52.3930001" lon="13.1313488" />
  <node id="249783185" timestamp="2017-05-26T15:57:07Z" uid="1468248" user="PantherStrix" version="10" changeset="49006247" lat="52.3930103" lon="13.1318189" />
  <node id="249783186" timestamp="2017-05-26T15:57:07Z" uid="1468248" user="PantherStrix" version="10" changeset="49006247" lat="52.3927065" lon="13.1318349" />
  <node id="249783187" timestamp="2017-05-26T15:57:07Z" uid="1468248" user="PantherStrix" version="10" changeset="49006247" lat="52.3927021" lon="13.131626" />
  <node id="249783188" timestamp="2017-05-26T15:57:07Z" uid="1468248" user="PantherStrix" version="10" changeset="49006247" lat="52.3927746" lon="13.1316219" />
  <node id="249783189" timestamp="2025-04-17T08:01:40Z" uid="66391" user="geozeisig" version="15" changeset="165058540" lat="52.392776" lon="13.1316928">
    <tag k="access" v="private" />
    <tag k="addr:city" v="Potsdam" />
    <tag k="addr:country" v="DE" />
    <tag k="addr:housenumber" v="154c" />
    <tag k="addr:postcode" v="14482" />
    <tag k="addr:street" v="Stahnsdorfer Straße" />
    <tag k="addr:suburb" v="Babelsberg Süd" />
    <tag k="door" v="hinged" />
    <tag k="entrance" v="staircase" />
    <tag k="level" v="0" />
  </node>
  <node id="249783190" timestamp="2025-04-17T08:01:40Z" uid="66391" user="geozeisig" version="15" changeset="165058540" lat="52.3929064" lon="13.1316863">
    <tag k="access" v="private" />
    <tag k="addr:city" v="Potsdam" />
    <tag k="addr:country" v="DE" />
    <tag k="addr:housenumber" v="154b" />
    <tag k="addr:postcode" v="14482" />
    <tag k="addr:street" v="Stahnsdorfer Straße" />
    <tag k="addr:suburb" v="Babelsberg Süd" />
    <tag k="door" v="hinged" />
    <tag k="entrance" v="staircase" />
    <tag k="level" v="0" />
  </node>
  <node id="249783191" timestamp="2025-04-17T08:01:40Z" uid="66391" user="geozeisig" version="15" changeset="165058540" lat="52.3929032" lon="13.1314891">
    <tag k="access" v="private" />
    <tag k="addr:city" v="Potsdam" />
    <tag k="addr:country" v="DE" />
    <tag k="addr:housenumber" v="154a" />
    <tag k="addr:postcode" v="14482" />
    <tag k="addr:street" v="Stahnsdorfer Straße" />
    <tag k="addr:suburb" v="Babelsberg Süd" />
    <tag k="door" v="hinged" />
    <tag k="entrance" v="staircase" />
    <tag k="level" v="0" />
  </node>
  <node id="249783192" timestamp="2017-05-26T15:57:07Z" uid="1468248" user="PantherStrix" version="10" changeset="49006247" lat="52.3928377" lon="13.1314928" />
  <node id="249783193" timestamp="2017-05-26T15:57:07Z" uid="1468248" user="PantherStrix" version="10" changeset="49006247" lat="52.3928349" lon="13.131358" />
  <node id="249783194" timestamp="2017-05-26T15:57:07Z" uid="1468248" user="PantherStrix" version="11" changeset="49006247" lat="52.3926221" lon="13.1311124" />
  <node id="249783195" timestamp="2017-05-26T15:57:07Z" uid="1468248" user="PantherStrix" version="10" changeset="49006247" lat="52.3926263" lon="13.1313609" />
  <node id="249783196" timestamp="2017-05-26T15:57:07Z" uid="1468248" user="PantherStrix" version="10" changeset="49006247" lat="52.3923393" lon="13.1313754" />
  <node id="249783197" timestamp="2017-05-26T15:57:07Z" uid="1468248" user="PantherStrix" version="10" changeset="49006247" lat="52.3923297" lon="13.1308843" />
  <node id="249783198" timestamp="2017-05-26T15:57:07Z" uid="1468248" user="PantherStrix" version="10" changeset="49006247" lat="52.3924537" lon="13.1308786" />
  <node id="249783199" timestamp="2017-05-26T15:57:07Z" uid="1468248" user="PantherStrix" version="10" changeset="49006247" lat="52.3924559" lon="13.1310029" />
  <node id="249783200" timestamp="2025-04-17T08:01:40Z" uid="66391" user="geozeisig" version="15" changeset="165058540" lat="52.3924045" lon="13.1310052">
    <tag k="access" v="private" />
    <tag k="addr:city" v="Potsdam" />
    <tag k="addr:country" v="DE" />
    <tag k="addr:housenumber" v="156c" />
    <tag k="addr:postcode" v="14482" />
    <tag k="addr:street" v="Stahnsdorfer Straße" />
    <tag k="addr:suburb" v="Babelsberg Süd" />
    <tag k="door" v="hinged" />
    <tag k="entrance" v="staircase" />
    <tag k="level" v="0" />
  </node>
  <node id="249783201" timestamp="2025-04-17T08:01:40Z" uid="66391" user="geozeisig" version="15" changeset="165058540" lat="52.3924082" lon="13.1312182">
    <tag k="access" v="private" />
    <tag k="addr:city" v="Potsdam" />
    <tag k="addr:country" v="DE" />
    <tag k="addr:housenumber" v="156b" />
    <tag k="addr:postcode" v="14482" />
    <tag k="addr:street" v="Stahnsdorfer Straße" />
    <tag k="addr:suburb" v="Babelsberg Süd" />
    <tag k="door" v="hinged" />
    <tag k="entrance" v="staircase" />
    <tag k="level" v="0" />
  </node>
  <node id="249783202" timestamp="2025-04-17T08:01:40Z" uid="66391" user="geozeisig" version="15" changeset="165058540" lat="52.3925295" lon="13.1312127">
    <tag k="access" v="private" />
    <tag k="addr:city" v="Potsdam" />
    <tag k="addr:country" v="DE" />
    <tag k="addr:housenumber" v="156a" />
    <tag k="addr:postcode" v="14482" />
    <tag k="addr:street" v="Stahnsdorfer Straße" />
    <tag k="addr:suburb" v="Babelsberg Süd" />
    <tag k="door" v="hinged" />
    <tag k="entrance" v="staircase" />
    <tag k="level" v="0" />
  </node>
  <node id="249783203" timestamp="2017-05-26T15:57:07Z" uid="1468248" user="PantherStrix" version="10" changeset="49006247" lat="52.3925279" lon="13.1311167" />
  <node id="249783204" action="modify" timestamp="2020-05-03T17:03:59Z" uid="1468248" user="PantherStrix" version="13" changeset="84573049" lat="52.39363996776" lon="13.1300581368" />
  <node id="249783205" action="modify" timestamp="2020-05-03T17:03:59Z" uid="1468248" user="PantherStrix" version="13" changeset="84573049" lat="52.39365403604" lon="13.13037453436" />
  <node id="249783206" action="modify" timestamp="2020-05-03T17:03:59Z" uid="1468248" user="PantherStrix" version="13" changeset="84573049" lat="52.39319967062" lon="13.13042878603" />
  <node id="249783207" timestamp="2020-05-03T17:03:59Z" uid="1468248" user="PantherStrix" version="13" changeset="84573049" lat="52.3931856" lon="13.1301124" />
  <node id="249783208" timestamp="2024-02-27T17:35:51Z" uid="1468248" user="PantherStrix" version="8" changeset="147983389" lat="52.3940879" lon="13.1297579" />
  <node id="249783209" timestamp="2024-02-27T17:35:51Z" uid="1468248" user="PantherStrix" version="7" changeset="147983389" lat="52.3941603" lon="13.1316099" />
  <node id="249783210" timestamp="2024-02-27T17:35:51Z" uid="1468248" user="PantherStrix" version="7" changeset="147983389" lat="52.3940743" lon="13.131619" />
  <node id="249783211" timestamp="2024-02-27T17:35:51Z" uid="1468248" user="PantherStrix" version="7" changeset="147983389" lat="52.3940822" lon="13.1318231" />
  <node id="249783213" timestamp="2024-02-27T17:35:51Z" uid="1468248" user="PantherStrix" version="7" changeset="147983389" lat="52.3939899" lon="13.1318328" />
  <node id="249783214" timestamp="2024-02-27T17:35:51Z" uid="1468248" user="PantherStrix" version="8" changeset="147983389" lat="52.3939021" lon="13.1297774" />
  <node id="249783216" timestamp="2024-02-27T17:35:51Z" uid="1468248" user="PantherStrix" version="7" changeset="147983389" lat="52.3942431" lon="13.1320053" />
  <node id="249783217" timestamp="2024-02-27T17:35:51Z" uid="1468248" user="PantherStrix" version="7" changeset="147983389" lat="52.394259" lon="13.1323862" />
  <node id="249783219" timestamp="2024-02-27T17:35:51Z" uid="1468248" user="PantherStrix" version="7" changeset="147983389" lat="52.3941576" lon="13.1323976" />
  <node id="249783220" timestamp="2024-02-27T17:35:51Z" uid="1468248" user="PantherStrix" version="7" changeset="147983389" lat="52.3941611" lon="13.1328017" />
  <node id="249783221" timestamp="2024-02-27T17:35:51Z" uid="1468248" user="PantherStrix" version="7" changeset="147983389" lat="52.3940088" lon="13.1328188" />
  <node id="249783222" timestamp="2024-02-27T17:35:51Z" uid="1468248" user="PantherStrix" version="7" changeset="147983389" lat="52.3940009" lon="13.1320842" />
  <node id="249783223" timestamp="2024-02-27T17:35:51Z" uid="1468248" user="PantherStrix" version="7" changeset="147983389" lat="52.3940996" lon="13.1320731" />
  <node id="249783224" timestamp="2024-02-27T17:35:51Z" uid="1468248" user="PantherStrix" version="7" changeset="147983389" lat="52.3940974" lon="13.1320217" />
  <node id="249783225" timestamp="2020-05-03T15:49:41Z" uid="1468248" user="PantherStrix" version="16" changeset="84569892" lat="52.3934502" lon="13.1311611" />
  <node id="249783238" timestamp="2020-05-03T15:49:41Z" uid="1468248" user="PantherStrix" version="14" changeset="84569892" lat="52.3934724" lon="13.1325626" />
  <node id="249783239" timestamp="2020-05-03T15:49:41Z" uid="1468248" user="PantherStrix" version="13" changeset="84569892" lat="52.3932991" lon="13.1325806" />
  <node id="249783240" timestamp="2020-05-03T15:49:41Z" uid="1468248" user="PantherStrix" version="13" changeset="84569892" lat="52.3932822" lon="13.132145" />
  <node id="249783241" timestamp="2020-05-03T15:49:41Z" uid="1468248" user="PantherStrix" version="13" changeset="84569892" lat="52.3934619" lon="13.1321263" />
  <node id="249783242" timestamp="2020-05-03T15:49:41Z" uid="1468248" user="PantherStrix" version="13" changeset="84569892" lat="52.3934404" lon="13.1317279" />
  <node id="249783244" timestamp="2020-05-03T15:49:41Z" uid="1468248" user="PantherStrix" version="13" changeset="84569892" lat="52.3932673" lon="13.1317458" />
  <node id="249783245" timestamp="2020-05-03T15:49:41Z" uid="1468248" user="PantherStrix" version="13" changeset="84569892" lat="52.3932456" lon="13.1311823" />
  <node id="249783247" timestamp="2025-02-27T13:02:22Z" uid="1468248" user="PantherStrix" version="6" changeset="163011624" lat="52.3934774" lon="13.1274239" />
  <node id="249783251" timestamp="2025-02-27T13:02:22Z" uid="1468248" user="PantherStrix" version="7" changeset="163011624" lat="52.3935653" lon="13.1277042" />
  <node id="249783252" timestamp="2025-02-27T13:02:22Z" uid="1468248" user="PantherStrix" version="7" changeset="163011624" lat="52.3936975" lon="13.1277445" />
  <node id="249783254" timestamp="2025-02-27T13:02:22Z" uid="1468248" user="PantherStrix" version="7" changeset="163011624" lat="52.3936737" lon="13.1279546" />
  <node id="249783255" timestamp="2025-02-27T13:02:22Z" uid="1468248" user="PantherStrix" version="7" changeset="163011624" lat="52.393411" lon="13.1278749" />
  <node id="249783256" timestamp="2025-02-27T13:02:22Z" uid="1468248" user="PantherStrix" version="6" changeset="163011624" lat="52.39346" lon="13.127576" />
  <node id="249783258" timestamp="2025-02-27T13:02:22Z" uid="1468248" user="PantherStrix" version="6" changeset="163011624" lat="52.3919398" lon="13.1271164" />
  <node id="249783260" timestamp="2025-02-27T13:02:22Z" uid="1468248" user="PantherStrix" version="6" changeset="163011624" lat="52.391902" lon="13.1274501" />
  <node id="249783261" timestamp="2025-02-27T13:02:22Z" uid="1468248" user="PantherStrix" version="6" changeset="163011624" lat="52.3917869" lon="13.127415" />
  <node id="249783263" timestamp="2025-02-27T13:02:22Z" uid="1468248" user="PantherStrix" version="6" changeset="163011624" lat="52.3918855" lon="13.1265462" />
  <node id="249783264" timestamp="2025-02-27T13:02:22Z" uid="1468248" user="PantherStrix" version="7" changeset="163011624" lat="52.3920018" lon="13.1265817" />
  <node id="249783266" timestamp="2025-02-27T13:02:22Z" uid="1468248" user="PantherStrix" version="6" changeset="163011624" lat="52.3919591" lon="13.1269582" />
  <node id="249783267" timestamp="2024-02-27T17:35:51Z" uid="1468248" user="PantherStrix" version="8" changeset="147983389" lat="52.3936693" lon="13.1283015" />
  <node id="249783268" timestamp="2024-02-27T17:35:51Z" uid="1468248" user="PantherStrix" version="8" changeset="147983389" lat="52.3937715" lon="13.128291" />
  <node id="249783270" timestamp="2024-02-27T17:35:51Z" uid="1468248" user="PantherStrix" version="8" changeset="147983389" lat="52.3937975" lon="13.1285569" />
  <node id="249783271" timestamp="2024-02-27T17:35:51Z" uid="1468248" user="PantherStrix" version="8" changeset="147983389" lat="52.3936492" lon="13.1285721" />
  <node id="249783274" timestamp="2024-02-27T17:35:51Z" uid="1468248" user="PantherStrix" version="9" changeset="147983389" lat="52.3937077" lon="13.1289952" />
  <node id="249783276" timestamp="2024-02-27T17:35:51Z" uid="1468248" user="PantherStrix" version="9" changeset="147983389" lat="52.393723" lon="13.1293516" />
  <node id="249783277" timestamp="2024-02-27T17:35:51Z" uid="1468248" user="PantherStrix" version="9" changeset="147983389" lat="52.3935821" lon="13.1293687" />
  <node id="249783278" timestamp="2022-02-05T18:27:37Z" uid="1468248" user="PantherStrix" version="7" changeset="117056303" lat="52.3923185" lon="13.1235214" />
  <node id="249783280" timestamp="2022-02-05T18:27:37Z" uid="1468248" user="PantherStrix" version="7" changeset="117056303" lat="52.392348" lon="13.1239102" />
  <node id="249783281" timestamp="2022-02-05T18:27:37Z" uid="1468248" user="PantherStrix" version="7" changeset="117056303" lat="52.3919903" lon="13.1239815" />
  <node id="249783284" timestamp="2022-02-05T18:27:37Z" uid="1468248" user="PantherStrix" version="7" changeset="117056303" lat="52.3919609" lon="13.1235919" />
  <node id="249783285" timestamp="2022-02-05T18:27:37Z" uid="1468248" user="PantherStrix" version="7" changeset="117056303" lat="52.3920309" lon="13.1235777" />
  <node id="249783287" timestamp="2022-02-05T18:27:37Z" uid="1468248" user="PantherStrix" version="7" changeset="117056303" lat="52.3920505" lon="13.1238368" />
  <node id="249783288" timestamp="2022-02-05T18:27:37Z" uid="1468248" user="PantherStrix" version="7" changeset="117056303" lat="52.3922672" lon="13.123794" />
  <node id="249783289" timestamp="2022-02-05T18:27:37Z" uid="1468248" user="PantherStrix" version="7" changeset="117056303" lat="52.3922477" lon="13.1235357" />
  <node id="267473659" timestamp="2025-02-27T13:02:22Z" uid="1468248" user="PantherStrix" version="11" changeset="163011624" lat="52.3936055" lon="13.1279342" />
  <node id="267473660" timestamp="2019-10-03T05:52:26Z" uid="1468248" user="PantherStrix" version="7" changeset="75211105" lat="52.3921278" lon="13.1280047" />
  <node id="267473661" timestamp="2019-10-03T05:52:26Z" uid="1468248" user="PantherStrix" version="7" changeset="75211105" lat="52.3927925" lon="13.1287062" />
  <node id="267473662" timestamp="2025-02-27T13:02:22Z" uid="1468248" user="PantherStrix" version="9" changeset="163011624" lat="52.3934556" lon="13.1283681" />
  <node id="286831145" timestamp="2024-02-27T17:35:51Z" uid="1468248" user="PantherStrix" version="10" changeset="147983389" lat="52.3948899" lon="13.128548">
    <tag k="access" v="customers" />
    <tag k="automatic_door" v="no" />
    <tag k="door" v="hinged" />
    <tag k="entrance" v="main" />
    <tag k="name" v="Potsdam per pedales" />
    <tag k="wheelchair" v="no" />
  </node>
  <node id="420646832" timestamp="2026-05-09T08:58:01Z" uid="9043033" user="hansegucker" version="16" changeset="182414872" lat="52.3932775" lon="13.131179">
    <tag k="access" v="customers" />
    <tag k="addr:city" v="Potsdam" />
    <tag k="addr:country" v="DE" />
    <tag k="addr:floor" v="0" />
    <tag k="addr:housenumber" v="2-3" />
    <tag k="addr:postcode" v="14482" />
    <tag k="addr:street" v="Prof.-Dr.-Helmert-Straße" />
    <tag k="addr:suburb" v="Babelsberg Süd" />
    <tag k="amenity" v="cafe" />
    <tag k="check_date" v="2026-05-09" />
    <tag k="check_date:opening_hours" v="2026-05-09" />
    <tag k="contact:email" v="info@ulfscafe.de" />
    <tag k="contact:phone" v="+49 331 550 9380" />
    <tag k="contact:website" v="https://www.ulfscafe.de/" />
    <tag k="diet:vegetarian" v="yes" />
    <tag k="drink:club-mate" v="retail" />
    <tag k="entrance" v="main" />
    <tag k="indoor_seating" v="yes" />
    <tag k="level" v="0" />
    <tag k="name" v="Ulf's Café im HPI" />
    <tag k="opening_hours" v="Mo-Fr 08:00-16:00" />
    <tag k="outdoor_seating" v="yes" />
    <tag k="smoking" v="outside" />
    <tag k="wheelchair" v="yes" />
  </node>
  <node id="420646837" timestamp="2020-05-03T15:49:41Z" uid="1468248" user="PantherStrix" version="5" changeset="84569892" lat="52.3934685" lon="13.131614" />
  <node id="420646846" timestamp="2024-02-27T17:35:51Z" uid="1468248" user="PantherStrix" version="8" changeset="147983389" lat="52.3937158" lon="13.1291847">
    <tag k="entrance" v="yes" />
  </node>
  <node id="420646876" timestamp="2019-10-03T05:52:26Z" uid="1468248" user="PantherStrix" version="5" changeset="75211105" lat="52.3927902" lon="13.128584" />
  <node id="420646901" timestamp="2024-02-27T17:35:51Z" uid="1468248" user="PantherStrix" version="8" changeset="147983389" lat="52.3935623" lon="13.129196">
    <tag k="entrance" v="main" />
  </node>
  <node id="446296164" timestamp="2023-07-06T19:36:19Z" uid="1468248" user="PantherStrix" version="7" changeset="138202311" lat="52.3948462" lon="13.1285396">
    <tag k="access" v="customers" />
    <tag k="automatic_door" v="no" />
    <tag k="door" v="hinged" />
    <tag k="entrance" v="main" />
    <tag k="name" v="Bahnland" />
  </node>
  <node id="922286126" timestamp="2019-10-03T05:52:26Z" uid="1468248" user="PantherStrix" version="6" changeset="75211105" lat="52.3931496" lon="13.1286882" />
  <node id="922286128" timestamp="2025-02-27T13:02:22Z" uid="1468248" user="PantherStrix" version="7" changeset="163011624" lat="52.3931454" lon="13.1285723" />
  <node id="922286129" timestamp="2025-02-27T13:02:22Z" uid="1468248" user="PantherStrix" version="5" changeset="163011624" lat="52.3934596" lon="13.1285584" />
  <node id="922286130" timestamp="2025-02-27T13:02:22Z" uid="1468248" user="PantherStrix" version="4" changeset="163011624" lat="52.3935503" lon="13.1283181" />
  <node id="922288950" timestamp="2019-10-03T05:52:26Z" uid="1468248" user="PantherStrix" version="3" changeset="75211105" lat="52.3923921" lon="13.1281875" />
  <node id="922288954" timestamp="2019-10-03T05:52:26Z" uid="1468248" user="PantherStrix" version="3" changeset="75211105" lat="52.3923999" lon="13.1286037" />
  <node id="922289553" timestamp="2019-10-03T05:52:26Z" uid="1468248" user="PantherStrix" version="4" changeset="75211105" lat="52.392478" lon="13.1279909" />
  <node id="922289554" timestamp="2025-02-27T13:02:22Z" uid="1468248" user="PantherStrix" version="7" changeset="163011624" lat="52.392468" lon="13.1272859" />
  <node id="922289555" timestamp="2025-02-27T13:02:22Z" uid="1468248" user="PantherStrix" version="9" changeset="163011624" lat="52.3924409" lon="13.1272777" />
  <node id="922289556" timestamp="2019-10-03T05:52:26Z" uid="1468248" user="PantherStrix" version="3" changeset="75211105" lat="52.3922879" lon="13.1279966" />
  <node id="922289557" timestamp="2019-10-03T05:52:26Z" uid="1468248" user="PantherStrix" version="4" changeset="75211105" lat="52.3921315" lon="13.1282006" />
  <node id="922292270" timestamp="2025-02-27T13:02:22Z" uid="1468248" user="PantherStrix" version="6" changeset="163011624" lat="52.3934333" lon="13.1276782" />
  <node id="922292273" timestamp="2020-01-11T09:49:56Z" uid="1468248" user="PantherStrix" version="4" changeset="79446972" lat="52.3932962" lon="13.127681" />
  <node id="922292275" timestamp="2019-10-03T05:52:26Z" uid="1468248" user="PantherStrix" version="3" changeset="75211105" lat="52.3933059" lon="13.1281777" />
  <node id="922292276" timestamp="2019-10-03T05:52:26Z" uid="1468248" user="PantherStrix" version="4" changeset="75211105" lat="52.3931426" lon="13.1281855" />
  <node id="922292277" timestamp="2019-10-03T05:52:26Z" uid="1468248" user="PantherStrix" version="4" changeset="75211105" lat="52.3931386" lon="13.1279596" />
  <node id="922330052" timestamp="2025-02-27T13:02:22Z" uid="1468248" user="PantherStrix" version="6" changeset="163011624" lat="52.3932641" lon="13.1275278">
    <tag k="entrance" v="yes" />
  </node>
  <node id="922330058" timestamp="2019-10-03T05:52:26Z" uid="1468248" user="PantherStrix" version="4" changeset="75211105" lat="52.3932776" lon="13.128179">
    <tag k="entrance" v="yes" />
  </node>
  <node id="922333280" timestamp="2019-10-03T05:52:26Z" uid="1468248" user="PantherStrix" version="4" changeset="75211105" lat="52.3930474" lon="13.1279639">
    <tag k="entrance" v="yes" />
  </node>
  <node id="922334015" timestamp="2019-10-03T05:52:26Z" uid="1468248" user="PantherStrix" version="5" changeset="75211105" lat="52.3925593" lon="13.1279871">
    <tag k="access" v="yes" />
    <tag k="entrance" v="yes" />
  </node>
  <node id="922335063" timestamp="2019-10-03T05:52:26Z" uid="1468248" user="PantherStrix" version="4" changeset="75211105" lat="52.3924743" lon="13.1277937">
    <tag k="entrance" v="yes" />
  </node>
  <node id="922335614" timestamp="2025-02-27T13:02:22Z" uid="1468248" user="PantherStrix" version="6" changeset="163011624" lat="52.3924466" lon="13.1270682">
    <tag k="access" v="yes" />
    <tag k="automatic_door" v="button" />
    <tag k="door" v="hinged" />
    <tag k="entrance" v="yes" />
    <tag k="wheelchair" v="yes" />
  </node>
  <node id="924215612" timestamp="2022-02-27T10:10:15Z" uid="1468248" user="PantherStrix" version="6" changeset="117902296" lat="52.3933159" lon="13.129057" />
  <node id="924215613" timestamp="2022-02-27T10:10:15Z" uid="1468248" user="PantherStrix" version="6" changeset="117902296" lat="52.3933256" lon="13.1292412" />
  <node id="924215614" timestamp="2022-02-27T10:10:15Z" uid="1468248" user="PantherStrix" version="7" changeset="117902296" lat="52.3933955" lon="13.1292313" />
  <node id="924215615" timestamp="2022-02-27T10:10:15Z" uid="1468248" user="PantherStrix" version="6" changeset="117902296" lat="52.3933858" lon="13.1290471" />
  <node id="926859410" timestamp="2020-05-03T15:49:41Z" uid="1468248" user="PantherStrix" version="4" changeset="84569892" lat="52.3940131" lon="13.1330814" />
  <node id="926859440" timestamp="2020-05-03T15:49:41Z" uid="1468248" user="PantherStrix" version="5" changeset="84569892" lat="52.3939166" lon="13.1333749" />
  <node id="926859449" timestamp="2020-05-03T15:49:41Z" uid="1468248" user="PantherStrix" version="4" changeset="84569892" lat="52.3935358" lon="13.1328654" />
  <node id="926859452" timestamp="2017-05-25T13:36:26Z" uid="1468248" user="PantherStrix" version="3" changeset="48974398" lat="52.3933567" lon="13.132896" />
  <node id="926893992" timestamp="2025-02-27T13:02:22Z" uid="1468248" user="PantherStrix" version="7" changeset="163011624" lat="52.3935901" lon="13.1276065">
    <tag k="door" v="hinged" />
    <tag k="entrance" v="yes" />
    <tag k="level" v="0" />
    <tag k="name" v="Mensa Griebnitzsee" />
    <tag k="operator" v="Studentenwerk Potsdam" />
    <tag k="operator:type" v="public" />
    <tag k="wheelchair" v="yes" />
  </node>
  <node id="931636326" timestamp="2022-02-05T18:27:37Z" uid="1468248" user="PantherStrix" version="9" changeset="117056303" lat="52.3918689" lon="13.1237727" />
  <node id="931636327" timestamp="2022-02-05T18:27:37Z" uid="1468248" user="PantherStrix" version="8" changeset="117056303" lat="52.3919088" lon="13.1243369" />
  <node id="931636328" timestamp="2022-02-05T18:27:37Z" uid="1468248" user="PantherStrix" version="8" changeset="117056303" lat="52.3917826" lon="13.1243609" />
  <node id="931636329" timestamp="2022-02-05T18:27:37Z" uid="1468248" user="PantherStrix" version="8" changeset="117056303" lat="52.3917428" lon="13.1237967" />
  <node id="955135701" timestamp="2023-08-27T16:15:28Z" uid="21904" user="dnaber" version="13" changeset="140459063" lat="52.39498" lon="13.1286698">
    <tag k="access" v="customers" />
    <tag k="automatic_door" v="no" />
    <tag k="door" v="hinged" />
    <tag k="entrance" v="main" />
    <tag k="name" v="Buena Vida Coffee Club" />
    <tag k="old_name" v="Erfrischungshalle" />
    <tag k="opening_hours" v="Mo-Fr 07:00-15:00" />
    <tag k="wheelchair" v="limited" />
  </node>
  <node id="994059607" timestamp="2020-05-03T15:49:41Z" uid="1468248" user="PantherStrix" version="4" changeset="84569892" lat="52.3940159" lon="13.1332776" />
  <node id="994520508" timestamp="2020-05-03T15:49:41Z" uid="1468248" user="PantherStrix" version="9" changeset="84569892" lat="52.393539" lon="13.1323854">
    <tag k="access" v="no" />
    <tag k="entrance" v="emergency" />
  </node>
  <node id="994520547" timestamp="2020-05-03T15:49:41Z" uid="1468248" user="PantherStrix" version="5" changeset="84569892" lat="52.3935031" lon="13.1316105" />
  <node id="1014280962" timestamp="2024-02-27T17:35:51Z" uid="1468248" user="PantherStrix" version="5" changeset="147983389" lat="52.3936441" lon="13.1284387" />
  <node id="1014280965" timestamp="2025-02-27T13:02:22Z" uid="1468248" user="PantherStrix" version="4" changeset="163011624" lat="52.3936412" lon="13.1279447" />
  <node id="1014280967" timestamp="2025-02-27T13:02:22Z" uid="1468248" user="PantherStrix" version="4" changeset="163011624" lat="52.3934349" lon="13.1276649" />
  <node id="1014280972" timestamp="2025-02-27T13:02:22Z" uid="1468248" user="PantherStrix" version="4" changeset="163011624" lat="52.3936328" lon="13.1280188" />
  <node id="1014280975" timestamp="2019-10-03T05:52:26Z" uid="1468248" user="PantherStrix" version="2" changeset="75211105" lat="52.392277" lon="13.1274183" />
  <node id="1014280978" timestamp="2025-02-27T13:02:22Z" uid="1468248" user="PantherStrix" version="4" changeset="163011624" lat="52.3933186" lon="13.1273755" />
  <node id="1014280980" timestamp="2025-02-27T13:02:22Z" uid="1468248" user="PantherStrix" version="4" changeset="163011624" lat="52.3933231" lon="13.1273356" />
  <node id="1014280982" timestamp="2025-02-27T13:02:22Z" uid="1468248" user="PantherStrix" version="3" changeset="163011624" lat="52.3934441" lon="13.1283667" />
  <node id="1014280984" timestamp="2025-02-27T13:02:22Z" uid="1468248" user="PantherStrix" version="4" changeset="163011624" lat="52.3925327" lon="13.1273269" />
  <node id="1014280986" timestamp="2025-02-27T13:02:22Z" uid="1468248" user="PantherStrix" version="6" changeset="163011624" lat="52.3928027" lon="13.1271681" />
  <node id="1014280987" timestamp="2025-02-27T13:02:22Z" uid="1468248" user="PantherStrix" version="6" changeset="163011624" lat="52.3928058" lon="13.1271106" />
  <node id="1014280993" timestamp="2025-02-27T13:02:22Z" uid="1468248" user="PantherStrix" version="4" changeset="163011624" lat="52.3935988" lon="13.1279938" />
  <node id="1014280995" timestamp="2025-02-27T13:02:22Z" uid="1468248" user="PantherStrix" version="4" changeset="163011624" lat="52.392535" lon="13.1273064" />
  <node id="1014280997" timestamp="2025-02-27T13:02:22Z" uid="1468248" user="PantherStrix" version="4" changeset="163011624" lat="52.392121" lon="13.126969" />
  <node id="1014280998" timestamp="2025-02-27T13:02:22Z" uid="1468248" user="PantherStrix" version="4" changeset="163011624" lat="52.3927513" lon="13.1273945" />
  <node id="1014280999" timestamp="2024-02-27T17:35:51Z" uid="1468248" user="PantherStrix" version="5" changeset="147983389" lat="52.3937924" lon="13.1284229" />
  <node id="1014281000" timestamp="2024-02-27T17:35:51Z" uid="1468248" user="PantherStrix" version="5" changeset="147983389" lat="52.3936744" lon="13.1284356" />
  <node id="1014281001" timestamp="2025-02-27T13:02:22Z" uid="1468248" user="PantherStrix" version="7" changeset="163011624" lat="52.3926483" lon="13.1270624" />
  <node id="1014281002" timestamp="2025-02-27T13:02:22Z" uid="1468248" user="PantherStrix" version="4" changeset="163011624" lat="52.3926316" lon="13.1274493" />
  <node id="1014281003" timestamp="2025-02-27T13:02:22Z" uid="1468248" user="PantherStrix" version="2" changeset="163011624" lat="52.3935866" lon="13.1279906" />
  <node id="1014281004" timestamp="2025-02-27T13:02:22Z" uid="1468248" user="PantherStrix" version="5" changeset="163011624" lat="52.3926419" lon="13.1271188" />
  <node id="1014281005" timestamp="2025-02-27T13:02:22Z" uid="1468248" user="PantherStrix" version="4" changeset="163011624" lat="52.3926417" lon="13.1273601" />
  <node id="1014281006" timestamp="2025-02-27T13:02:22Z" uid="1468248" user="PantherStrix" version="4" changeset="163011624" lat="52.3934494" lon="13.1276694" />
  <node id="1014281007" timestamp="2024-02-27T17:35:51Z" uid="1468248" user="PantherStrix" version="5" changeset="147983389" lat="52.3937766" lon="13.1284245" />
  <node id="1014281008" timestamp="2019-10-03T05:52:26Z" uid="1468248" user="PantherStrix" version="3" changeset="75211105" lat="52.3924352" lon="13.1274656" />
  <node id="1014281013" timestamp="2025-02-27T13:02:22Z" uid="1468248" user="PantherStrix" version="5" changeset="163011624" lat="52.3928624" lon="13.1274054" />
  <node id="1014281014" timestamp="2025-02-27T13:02:22Z" uid="1468248" user="PantherStrix" version="3" changeset="163011624" lat="52.3934431" lon="13.1283239" />
  <node id="1014281016" timestamp="2025-02-27T13:02:22Z" uid="1468248" user="PantherStrix" version="4" changeset="163011624" lat="52.3933013" lon="13.1275276" />
  <node id="1014281017" timestamp="2025-02-27T13:02:22Z" uid="1468248" user="PantherStrix" version="4" changeset="163011624" lat="52.3921167" lon="13.1270062" />
  <node id="1014281020" timestamp="2025-02-27T13:02:22Z" uid="1468248" user="PantherStrix" version="4" changeset="163011624" lat="52.3928599" lon="13.1274276" />
  <node id="1014281024" timestamp="2025-02-27T13:02:22Z" uid="1468248" user="PantherStrix" version="4" changeset="163011624" lat="52.3927397" lon="13.1274969" />
  <node id="1014281025" timestamp="2025-02-27T13:02:22Z" uid="1468248" user="PantherStrix" version="4" changeset="163011624" lat="52.3933001" lon="13.1275388" />
  <node id="1037530857" timestamp="2024-02-27T17:35:51Z" uid="1468248" user="PantherStrix" version="5" changeset="147983389" lat="52.3937113" lon="13.1294215" />
  <node id="1037530859" timestamp="2024-02-27T17:35:51Z" uid="1468248" user="PantherStrix" version="5" changeset="147983389" lat="52.393647" lon="13.1294289" />
  <node id="1037530861" timestamp="2024-02-27T17:35:51Z" uid="1468248" user="PantherStrix" version="5" changeset="147983389" lat="52.3937084" lon="13.1293533" />
  <node id="1037530868" timestamp="2024-02-27T17:35:51Z" uid="1468248" user="PantherStrix" version="5" changeset="147983389" lat="52.3936441" lon="13.1293615" />
  <node id="1038356835" timestamp="2020-05-03T15:49:41Z" uid="1468248" user="PantherStrix" version="6" changeset="84569892" lat="52.3934094" lon="13.1320155" />
  <node id="1038356841" timestamp="2020-05-03T15:49:41Z" uid="1468248" user="PantherStrix" version="6" changeset="84569892" lat="52.3933617" lon="13.1311703" />
  <node id="1038356843" timestamp="2020-05-03T15:49:41Z" uid="1468248" user="PantherStrix" version="6" changeset="84569892" lat="52.3934024" lon="13.1318333" />
  <node id="1038356845" timestamp="2020-05-03T15:49:41Z" uid="1468248" user="PantherStrix" version="6" changeset="84569892" lat="52.3934574" lon="13.1320105" />
  <node id="1038356850" timestamp="2020-05-03T15:49:41Z" uid="1468248" user="PantherStrix" version="6" changeset="84569892" lat="52.3934443" lon="13.131829" />
  <node id="1038395541" timestamp="2023-07-06T19:36:19Z" uid="1468248" user="PantherStrix" version="3" changeset="138202311" lat="52.3950105" lon="13.1286893" />
  <node id="1038395542" timestamp="2024-02-27T17:35:51Z" uid="1468248" user="PantherStrix" version="4" changeset="147983389" lat="52.3949535" lon="13.1285279" />
  <node id="1038395554" timestamp="2023-07-06T19:36:19Z" uid="1468248" user="PantherStrix" version="3" changeset="138202311" lat="52.3950028" lon="13.1287375" />
  <node id="1038395558" timestamp="2023-07-06T19:36:19Z" uid="1468248" user="PantherStrix" version="3" changeset="138202311" lat="52.3948217" lon="13.1284435" />
  <node id="1038395560" timestamp="2023-07-06T19:36:19Z" uid="1468248" user="PantherStrix" version="3" changeset="138202311" lat="52.3949706" lon="13.1286728" />
  <node id="1038395567" timestamp="2023-07-06T19:36:19Z" uid="1468248" user="PantherStrix" version="3" changeset="138202311" lat="52.3950056" lon="13.1286783" />
  <node id="1038395583" timestamp="2023-07-06T19:36:19Z" uid="1468248" user="PantherStrix" version="3" changeset="138202311" lat="52.3949202" lon="13.1282467" />
  <node id="1038395589" timestamp="2023-07-06T19:36:19Z" uid="1468248" user="PantherStrix" version="3" changeset="138202311" lat="52.3949398" lon="13.1286509" />
  <node id="1038395593" timestamp="2023-07-06T19:36:19Z" uid="1468248" user="PantherStrix" version="3" changeset="138202311" lat="52.3949509" lon="13.1281964" />
  <node id="1038395601" timestamp="2023-07-06T19:36:19Z" uid="1468248" user="PantherStrix" version="3" changeset="138202311" lat="52.3950127" lon="13.1287019" />
  <node id="1038395604" timestamp="2023-07-06T19:36:19Z" uid="1468248" user="PantherStrix" version="3" changeset="138202311" lat="52.3949523" lon="13.1287571" />
  <node id="1038395623" timestamp="2023-07-06T19:36:19Z" uid="1468248" user="PantherStrix" version="3" changeset="138202311" lat="52.3948158" lon="13.1286901" />
  <node id="1038395625" timestamp="2023-07-06T19:36:19Z" uid="1468248" user="PantherStrix" version="3" changeset="138202311" lat="52.3948005" lon="13.1282669" />
  <node id="1038395629" timestamp="2023-07-06T19:36:19Z" uid="1468248" user="PantherStrix" version="3" changeset="138202311" lat="52.3949472" lon="13.1281854" />
  <node id="1038395635" timestamp="2023-07-06T19:36:19Z" uid="1468248" user="PantherStrix" version="3" changeset="138202311" lat="52.3949522" lon="13.1282109" />
  <node id="1038395639" timestamp="2024-02-27T17:35:51Z" uid="1468248" user="PantherStrix" version="4" changeset="147983389" lat="52.3949389" lon="13.1284048" />
  <node id="1038395661" timestamp="2023-07-06T19:36:19Z" uid="1468248" user="PantherStrix" version="3" changeset="138202311" lat="52.3949239" lon="13.1281719" />
  <node id="1038395663" timestamp="2023-07-06T19:36:19Z" uid="1468248" user="PantherStrix" version="3" changeset="138202311" lat="52.3948447" lon="13.1281971" />
  <node id="1068064193" timestamp="2020-01-11T09:49:56Z" uid="1468248" user="PantherStrix" version="3" changeset="79446972" lat="52.3933041" lon="13.1280838" />
  <node id="1068064198" timestamp="2012-05-01T23:34:47Z" uid="32112" user="SverigeFan" version="2" changeset="11475248" lat="52.3940824" lon="13.1337067" />
  <node id="1068064215" timestamp="2025-02-27T13:02:22Z" uid="1468248" user="PantherStrix" version="4" changeset="163011624" lat="52.3932398" lon="13.1275204" />
  <node id="1068064217" timestamp="2017-05-25T13:36:26Z" uid="1468248" user="PantherStrix" version="2" changeset="48974398" lat="52.3938" lon="13.1335236" />
  <node id="1068064219" timestamp="2012-05-01T23:34:47Z" uid="32112" user="SverigeFan" version="2" changeset="11475248" lat="52.3939042" lon="13.1336337" />
  <node id="1068064227" action="modify" timestamp="2020-05-03T17:03:59Z" uid="1468248" user="PantherStrix" version="9" changeset="84573049" lat="52.39351069888" lon="13.13007357489" />
  <node id="1068064262" timestamp="2022-08-05T09:30:17Z" uid="15862952" user="Biohtoaster" version="4" changeset="124513640" lat="52.3941728" lon="13.1333662">
    <tag k="automatic_door" v="motion" />
    <tag k="door" v="hinged" />
    <tag k="entrance" v="exit" />
    <tag k="level" v="0" />
    <tag k="wheelchair" v="yes" />
  </node>
  <node id="1068064274" timestamp="2025-02-27T13:02:22Z" uid="1468248" user="PantherStrix" version="4" changeset="163011624" lat="52.3934119" lon="13.1274039" />
  <node id="1068064307" action="modify" timestamp="2023-11-05T12:26:25Z" uid="16371836" user="Till_btn" version="10" changeset="143647567" lat="52.39333199923" lon="13.13041298265" />
  <node id="1068064341" timestamp="2012-05-01T23:34:47Z" uid="32112" user="SverigeFan" version="2" changeset="11475248" lat="52.3941776" lon="13.1332311" />
  <node id="1068064371" timestamp="2012-05-01T23:34:47Z" uid="32112" user="SverigeFan" version="2" changeset="11475248" lat="52.3941746" lon="13.1330726" />
  <node id="1119264892" timestamp="2022-02-05T18:27:37Z" uid="1468248" user="PantherStrix" version="6" changeset="117056303" lat="52.3921179" lon="13.1239423" />
  <node id="1119264949" timestamp="2022-02-05T18:27:37Z" uid="1468248" user="PantherStrix" version="6" changeset="117056303" lat="52.3922041" lon="13.1237463" />
  <node id="1119264969" timestamp="2022-02-05T18:27:37Z" uid="1468248" user="PantherStrix" version="6" changeset="117056303" lat="52.3921091" lon="13.1238249" />
  <node id="1119264990" timestamp="2022-02-05T18:27:37Z" uid="1468248" user="PantherStrix" version="6" changeset="117056303" lat="52.3921047" lon="13.1237665" />
  <node id="1119265032" timestamp="2022-02-05T18:27:37Z" uid="1468248" user="PantherStrix" version="6" changeset="117056303" lat="52.3922086" lon="13.1238059" />
  <node id="1123753907" timestamp="2025-02-27T13:02:22Z" uid="1468248" user="PantherStrix" version="5" changeset="163011624" lat="52.3936224" lon="13.1271981">
    <tag k="access" v="no" />
    <tag k="entrance" v="emergency" />
    <tag k="wheelchair" v="no" />
  </node>
  <node id="1737829964" timestamp="2020-05-03T15:49:41Z" uid="1468248" user="PantherStrix" version="3" changeset="84569892" lat="52.3939753" lon="13.1333843" />
  <node id="1737829965" timestamp="2012-05-01T23:34:40Z" uid="32112" user="SverigeFan" version="1" changeset="11475248" lat="52.3939869" lon="13.1336976" />
  <node id="1737829966" timestamp="2012-05-01T23:34:40Z" uid="32112" user="SverigeFan" version="1" changeset="11475248" lat="52.3941349" lon="13.1336533" />
  <node id="1737829967" timestamp="2012-05-01T23:34:40Z" uid="32112" user="SverigeFan" version="1" changeset="11475248" lat="52.3941597" lon="13.1335289" />
  <node id="2014738099" timestamp="2021-11-01T09:49:50Z" uid="881429" user="atpl_pilot" version="4" changeset="113226698" lat="52.3945909" lon="13.1244755" />
  <node id="2014738102" timestamp="2021-11-01T09:49:50Z" uid="881429" user="atpl_pilot" version="4" changeset="113226698" lat="52.3946077" lon="13.1252105" />
  <node id="2014738205" timestamp="2021-11-01T09:49:50Z" uid="881429" user="atpl_pilot" version="4" changeset="113226698" lat="52.3947187" lon="13.1244684" />
  <node id="2014738211" timestamp="2021-11-01T09:49:50Z" uid="881429" user="atpl_pilot" version="4" changeset="113226698" lat="52.3947199" lon="13.1245249" />
  <node id="2014738222" timestamp="2021-11-01T09:49:50Z" uid="881429" user="atpl_pilot" version="4" changeset="113226698" lat="52.3947229" lon="13.1246526" />
  <node id="2014738229" timestamp="2021-11-01T09:49:50Z" uid="881429" user="atpl_pilot" version="4" changeset="113226698" lat="52.3947309" lon="13.1250191" />
  <node id="2014738234" timestamp="2021-11-01T09:49:50Z" uid="881429" user="atpl_pilot" version="4" changeset="113226698" lat="52.3947344" lon="13.1251472" />
  <node id="2014738240" timestamp="2021-11-01T09:49:50Z" uid="881429" user="atpl_pilot" version="4" changeset="113226698" lat="52.3947355" lon="13.1252033" />
  <node id="2014738276" timestamp="2021-11-01T09:49:50Z" uid="881429" user="atpl_pilot" version="5" changeset="113226698" lat="52.3948636" lon="13.1244691" />
  <node id="2014738288" timestamp="2021-11-01T09:49:50Z" uid="881429" user="atpl_pilot" version="5" changeset="113226698" lat="52.3948646" lon="13.1245168" />
  <node id="2014738296" timestamp="2021-11-01T09:49:50Z" uid="881429" user="atpl_pilot" version="5" changeset="113226698" lat="52.3948672" lon="13.1246446" />
  <node id="2014738306" timestamp="2021-11-01T09:49:50Z" uid="881429" user="atpl_pilot" version="5" changeset="113226698" lat="52.3948682" lon="13.1246909" />
  <node id="2014738312" timestamp="2021-11-01T09:49:50Z" uid="881429" user="atpl_pilot" version="4" changeset="113226698" lat="52.3948747" lon="13.124964" />
  <node id="2014738318" timestamp="2021-11-01T09:49:50Z" uid="881429" user="atpl_pilot" version="4" changeset="113226698" lat="52.3948757" lon="13.125011" />
  <node id="2014738325" timestamp="2021-11-01T09:49:50Z" uid="881429" user="atpl_pilot" version="4" changeset="113226698" lat="52.3948783" lon="13.1251391" />
  <node id="2014738331" timestamp="2021-11-01T09:49:50Z" uid="881429" user="atpl_pilot" version="4" changeset="113226698" lat="52.3948793" lon="13.1251851" />
  <node id="2014738385" timestamp="2021-11-01T09:49:50Z" uid="881429" user="atpl_pilot" version="5" changeset="113226698" lat="52.3949982" lon="13.1244616" />
  <node id="2014738391" timestamp="2021-11-01T09:49:50Z" uid="881429" user="atpl_pilot" version="5" changeset="113226698" lat="52.3950028" lon="13.1246834" />
  <node id="2014738394" timestamp="2021-11-01T09:49:50Z" uid="881429" user="atpl_pilot" version="4" changeset="113226698" lat="52.3950098" lon="13.1249565" />
  <node id="2014738397" timestamp="2021-11-01T09:49:50Z" uid="881429" user="atpl_pilot" version="4" changeset="113226698" lat="52.3950144" lon="13.1251775" />
  <node id="2122554821" timestamp="2022-02-05T18:27:37Z" uid="1468248" user="PantherStrix" version="5" changeset="117056303" lat="52.3922178" lon="13.123922" />
  <node id="2122554822" timestamp="2022-02-05T18:27:37Z" uid="1468248" user="PantherStrix" version="5" changeset="117056303" lat="52.392329" lon="13.1242729" />
  <node id="2122554823" timestamp="2022-02-05T18:27:37Z" uid="1468248" user="PantherStrix" version="5" changeset="117056303" lat="52.3920436" lon="13.1240894" />
  <node id="2122554824" timestamp="2022-02-05T18:27:37Z" uid="1468248" user="PantherStrix" version="5" changeset="117056303" lat="52.3920615" lon="13.1243271" />
  <node id="2122554825" timestamp="2022-02-05T18:27:37Z" uid="1468248" user="PantherStrix" version="5" changeset="117056303" lat="52.3922278" lon="13.1240536" />
  <node id="2122554826" timestamp="2022-02-05T18:27:37Z" uid="1468248" user="PantherStrix" version="5" changeset="117056303" lat="52.3923111" lon="13.1240367" />
  <node id="2122554827" timestamp="2022-02-05T18:27:37Z" uid="1468248" user="PantherStrix" version="5" changeset="117056303" lat="52.3921278" lon="13.1240724" />
  <node id="2122561528" timestamp="2022-02-05T18:27:37Z" uid="1468248" user="PantherStrix" version="6" changeset="117056303" lat="52.3921213" lon="13.1239874">
    <tag k="entrance" v="yes" />
  </node>
  <node id="2122561538" timestamp="2022-02-05T18:27:37Z" uid="1468248" user="PantherStrix" version="4" changeset="117056303" lat="52.3918891" lon="13.1240588">
    <tag k="entrance" v="yes" />
  </node>
  <node id="2513869307" timestamp="2023-07-06T19:36:19Z" uid="1468248" user="PantherStrix" version="4" changeset="138202311" lat="52.3947965" lon="13.1285258" />
  <node id="2781520747" timestamp="2025-02-27T13:02:22Z" uid="1468248" user="PantherStrix" version="7" changeset="163011624" lat="52.3931993" lon="13.1285699">
    <tag k="automatic_door" v="button" />
    <tag k="door" v="hinged" />
    <tag k="entrance" v="main" />
    <tag k="level" v="0" />
    <tag k="name" v="Haus 6" />
    <tag k="wheelchair" v="yes" />
  </node>
  <node id="3811283549" timestamp="2021-11-01T09:49:50Z" uid="881429" user="atpl_pilot" version="4" changeset="113226698" lat="52.3947488" lon="13.1248368">
    <tag k="entrance" v="main" />
    <tag k="ref" v="187" />
  </node>
  <node id="3811289158" timestamp="2021-11-01T09:49:50Z" uid="881429" user="atpl_pilot" version="5" changeset="113226698" lat="52.3949143" lon="13.1246883">
    <tag k="entrance" v="main" />
    <tag k="ref" v="185" />
  </node>
  <node id="3811289163" timestamp="2021-11-01T09:49:50Z" uid="881429" user="atpl_pilot" version="4" changeset="113226698" lat="52.39492" lon="13.1249615">
    <tag k="entrance" v="main" />
    <tag k="ref" v="189" />
  </node>
  <node id="3872783887" timestamp="2017-05-26T15:57:14Z" uid="1468248" user="PantherStrix" version="3" changeset="49006247" lat="52.3917924" lon="13.1292163" />
  <node id="3872783888" timestamp="2017-05-26T15:57:14Z" uid="1468248" user="PantherStrix" version="3" changeset="49006247" lat="52.3917945" lon="13.1293201" />
  <node id="3872783889" timestamp="2017-05-26T15:57:14Z" uid="1468248" user="PantherStrix" version="3" changeset="49006247" lat="52.3918034" lon="13.1292157" />
  <node id="3872783890" timestamp="2017-05-26T15:57:14Z" uid="1468248" user="PantherStrix" version="3" changeset="49006247" lat="52.3918057" lon="13.1293195" />
  <node id="3872783891" timestamp="2017-05-26T15:57:14Z" uid="1468248" user="PantherStrix" version="3" changeset="49006247" lat="52.3918076" lon="13.1299483" />
  <node id="3872783892" timestamp="2017-05-26T15:57:14Z" uid="1468248" user="PantherStrix" version="3" changeset="49006247" lat="52.3918095" lon="13.1300377" />
  <node id="3872783893" timestamp="2017-05-26T15:57:14Z" uid="1468248" user="PantherStrix" version="3" changeset="49006247" lat="52.3918135" lon="13.129948" />
  <node id="3872783894" timestamp="2017-05-26T15:57:14Z" uid="1468248" user="PantherStrix" version="3" changeset="49006247" lat="52.3918153" lon="13.1300374" />
  <node id="3872783902" timestamp="2017-05-26T15:57:14Z" uid="1468248" user="PantherStrix" version="3" changeset="49006247" lat="52.3919197" lon="13.1295348" />
  <node id="3872783903" timestamp="2017-05-26T15:57:14Z" uid="1468248" user="PantherStrix" version="3" changeset="49006247" lat="52.39192" lon="13.1295479" />
  <node id="3872783904" timestamp="2017-05-26T15:57:14Z" uid="1468248" user="PantherStrix" version="3" changeset="49006247" lat="52.3919223" lon="13.1297185" />
  <node id="3872783905" timestamp="2017-05-26T15:57:14Z" uid="1468248" user="PantherStrix" version="3" changeset="49006247" lat="52.3919225" lon="13.1297296" />
  <node id="3872783906" timestamp="2017-05-26T15:57:14Z" uid="1468248" user="PantherStrix" version="3" changeset="49006247" lat="52.3919226" lon="13.12986" />
  <node id="3872783907" timestamp="2017-05-26T15:57:14Z" uid="1468248" user="PantherStrix" version="3" changeset="49006247" lat="52.3919228" lon="13.1298725" />
  <node id="3872783910" timestamp="2017-05-26T15:57:14Z" uid="1468248" user="PantherStrix" version="3" changeset="49006247" lat="52.391974" lon="13.1295313" />
  <node id="3872783911" timestamp="2017-05-26T15:57:14Z" uid="1468248" user="PantherStrix" version="3" changeset="49006247" lat="52.3919743" lon="13.1295449" />
  <node id="3872783913" timestamp="2017-05-26T15:57:14Z" uid="1468248" user="PantherStrix" version="3" changeset="49006247" lat="52.3919845" lon="13.1297151" />
  <node id="3872783914" timestamp="2017-05-26T15:57:14Z" uid="1468248" user="PantherStrix" version="3" changeset="49006247" lat="52.3919848" lon="13.1297269" />
  <node id="3872783915" timestamp="2017-05-26T15:57:14Z" uid="1468248" user="PantherStrix" version="3" changeset="49006247" lat="52.3919848" lon="13.1298566" />
  <node id="3872783916" timestamp="2017-05-26T15:57:14Z" uid="1468248" user="PantherStrix" version="3" changeset="49006247" lat="52.3919851" lon="13.1298681" />
  <node id="3872783918" timestamp="2017-05-26T15:57:14Z" uid="1468248" user="PantherStrix" version="2" changeset="49006247" lat="52.3919927" lon="13.1285463" />
  <node id="3872783919" timestamp="2017-05-26T15:57:14Z" uid="1468248" user="PantherStrix" version="2" changeset="49006247" lat="52.3919931" lon="13.1285659" />
  <node id="3872783926" timestamp="2017-05-26T15:57:15Z" uid="1468248" user="PantherStrix" version="2" changeset="49006247" lat="52.3921233" lon="13.1285397" />
  <node id="3872783927" timestamp="2017-05-26T15:57:15Z" uid="1468248" user="PantherStrix" version="2" changeset="49006247" lat="52.3921236" lon="13.1285579" />
  <node id="3872783928" timestamp="2017-05-26T15:57:15Z" uid="1468248" user="PantherStrix" version="3" changeset="49006247" lat="52.3921455" lon="13.1306062" />
  <node id="3872783929" timestamp="2017-05-26T15:57:15Z" uid="1468248" user="PantherStrix" version="3" changeset="49006247" lat="52.3921458" lon="13.1306199" />
  <node id="3872783934" timestamp="2017-05-26T15:57:15Z" uid="1468248" user="PantherStrix" version="3" changeset="49006247" lat="52.392208" lon="13.1306019" />
  <node id="3872783935" timestamp="2017-05-26T15:57:15Z" uid="1468248" user="PantherStrix" version="3" changeset="49006247" lat="52.3922083" lon="13.1306167" />
  <node id="3872783936" timestamp="2017-05-26T15:57:15Z" uid="1468248" user="PantherStrix" version="2" changeset="49006247" lat="52.392226" lon="13.1286749" />
  <node id="3872783937" timestamp="2017-05-26T15:57:15Z" uid="1468248" user="PantherStrix" version="2" changeset="49006247" lat="52.3922295" lon="13.1288375" />
  <node id="3872783938" timestamp="2017-05-26T15:57:15Z" uid="1468248" user="PantherStrix" version="2" changeset="49006247" lat="52.3922356" lon="13.1286744" />
  <node id="3872783939" timestamp="2017-05-26T15:57:15Z" uid="1468248" user="PantherStrix" version="2" changeset="49006247" lat="52.3922386" lon="13.128837" />
  <node id="3872783940" timestamp="2017-05-26T15:57:15Z" uid="1468248" user="PantherStrix" version="3" changeset="49006247" lat="52.3923141" lon="13.1302563" />
  <node id="3872783941" timestamp="2017-05-26T15:57:15Z" uid="1468248" user="PantherStrix" version="3" changeset="49006247" lat="52.3923172" lon="13.1303653" />
  <node id="3872783942" timestamp="2017-05-26T15:57:15Z" uid="1468248" user="PantherStrix" version="3" changeset="49006247" lat="52.3923218" lon="13.1302559" />
  <node id="3872783943" timestamp="2017-05-26T15:57:15Z" uid="1468248" user="PantherStrix" version="3" changeset="49006247" lat="52.392324" lon="13.1303649" />
  <node id="3872783944" timestamp="2017-05-26T15:57:15Z" uid="1468248" user="PantherStrix" version="3" changeset="49006247" lat="52.3923246" lon="13.131067" />
  <node id="3872783945" timestamp="2017-05-26T15:57:15Z" uid="1468248" user="PantherStrix" version="3" changeset="49006247" lat="52.3923262" lon="13.1311634" />
  <node id="3872783946" timestamp="2017-05-26T15:57:15Z" uid="1468248" user="PantherStrix" version="3" changeset="49006247" lat="52.3923328" lon="13.1310666" />
  <node id="3872783948" timestamp="2017-05-26T15:57:15Z" uid="1468248" user="PantherStrix" version="3" changeset="49006247" lat="52.3923356" lon="13.131163" />
  <node id="3872783949" timestamp="2017-05-26T15:57:15Z" uid="1468248" user="PantherStrix" version="3" changeset="49006247" lat="52.3924483" lon="13.1313704" />
  <node id="3872783950" timestamp="2017-05-26T15:57:15Z" uid="1468248" user="PantherStrix" version="3" changeset="49006247" lat="52.3924485" lon="13.1313837" />
  <node id="3872783951" timestamp="2017-05-26T15:57:15Z" uid="1468248" user="PantherStrix" version="3" changeset="49006247" lat="52.3924594" lon="13.1290158" />
  <node id="3872783952" timestamp="2017-05-26T15:57:15Z" uid="1468248" user="PantherStrix" version="3" changeset="49006247" lat="52.3924598" lon="13.129037" />
  <node id="3872783953" timestamp="2017-05-26T15:57:15Z" uid="1468248" user="PantherStrix" version="3" changeset="49006247" lat="52.3925079" lon="13.1313664" />
  <node id="3872783954" timestamp="2017-05-26T15:57:15Z" uid="1468248" user="PantherStrix" version="3" changeset="49006247" lat="52.3925082" lon="13.1313809" />
  <node id="3872783955" timestamp="2017-05-26T15:57:15Z" uid="1468248" user="PantherStrix" version="3" changeset="49006247" lat="52.3925153" lon="13.1290128" />
  <node id="3872783956" timestamp="2017-05-26T15:57:15Z" uid="1468248" user="PantherStrix" version="3" changeset="49006247" lat="52.3925158" lon="13.1290359" />
  <node id="3872784357" timestamp="2017-05-26T15:57:15Z" uid="1468248" user="PantherStrix" version="3" changeset="49006247" lat="52.3925478" lon="13.1301481" />
  <node id="3872784358" timestamp="2017-05-26T15:57:15Z" uid="1468248" user="PantherStrix" version="3" changeset="49006247" lat="52.3925479" lon="13.1301593" />
  <node id="3872784359" timestamp="2017-05-26T15:57:15Z" uid="1468248" user="PantherStrix" version="3" changeset="49006247" lat="52.3925614" lon="13.1300023" />
  <node id="3872784360" timestamp="2017-05-26T15:57:15Z" uid="1468248" user="PantherStrix" version="3" changeset="49006247" lat="52.3925615" lon="13.1300192" />
  <node id="3872784361" timestamp="2017-05-26T15:57:15Z" uid="1468248" user="PantherStrix" version="3" changeset="49006247" lat="52.3925648" lon="13.1291918" />
  <node id="3872784362" timestamp="2017-05-26T15:57:15Z" uid="1468248" user="PantherStrix" version="3" changeset="49006247" lat="52.3925675" lon="13.1292974" />
  <node id="3872784363" timestamp="2017-05-26T15:57:15Z" uid="1468248" user="PantherStrix" version="3" changeset="49006247" lat="52.3925727" lon="13.1291914" />
  <node id="3872784364" timestamp="2017-05-26T15:57:15Z" uid="1468248" user="PantherStrix" version="3" changeset="49006247" lat="52.3925748" lon="13.129297" />
  <node id="3872784365" timestamp="2017-05-26T15:57:15Z" uid="1468248" user="PantherStrix" version="3" changeset="49006247" lat="52.3926125" lon="13.1300012" />
  <node id="3872784366" timestamp="2017-05-26T15:57:15Z" uid="1468248" user="PantherStrix" version="3" changeset="49006247" lat="52.3926127" lon="13.1300181" />
  <node id="3872784367" timestamp="2017-05-26T15:57:15Z" uid="1468248" user="PantherStrix" version="3" changeset="49006247" lat="52.3926148" lon="13.1301448" />
  <node id="3872784368" timestamp="2017-05-26T15:57:16Z" uid="1468248" user="PantherStrix" version="3" changeset="49006247" lat="52.3926149" lon="13.1301579" />
  <node id="3872784369" timestamp="2017-05-26T15:57:16Z" uid="1468248" user="PantherStrix" version="3" changeset="49006247" lat="52.3926535" lon="13.1291769" />
  <node id="3872784370" timestamp="2017-05-26T15:57:16Z" uid="1468248" user="PantherStrix" version="3" changeset="49006247" lat="52.3926559" lon="13.1292872" />
  <node id="3872784371" timestamp="2017-05-26T15:57:16Z" uid="1468248" user="PantherStrix" version="3" changeset="49006247" lat="52.3926613" lon="13.1291765" />
  <node id="3872784372" timestamp="2017-05-26T15:57:16Z" uid="1468248" user="PantherStrix" version="3" changeset="49006247" lat="52.3926635" lon="13.1292868" />
  <node id="3872784375" timestamp="2017-05-26T15:57:16Z" uid="1468248" user="PantherStrix" version="3" changeset="49006247" lat="52.3927072" lon="13.1305918" />
  <node id="3872784376" timestamp="2017-05-26T15:57:16Z" uid="1468248" user="PantherStrix" version="3" changeset="49006247" lat="52.3927076" lon="13.1306101" />
  <node id="3872784377" timestamp="2017-05-26T15:57:16Z" uid="1468248" user="PantherStrix" version="3" changeset="49006247" lat="52.3927095" lon="13.130725" />
  <node id="3872784378" timestamp="2017-05-26T15:57:16Z" uid="1468248" user="PantherStrix" version="3" changeset="49006247" lat="52.3927099" lon="13.130746" />
  <node id="3872784379" timestamp="2017-05-26T15:57:16Z" uid="1468248" user="PantherStrix" version="3" changeset="49006247" lat="52.3927435" lon="13.1298599" />
  <node id="3872784380" timestamp="2017-05-26T15:57:16Z" uid="1468248" user="PantherStrix" version="3" changeset="49006247" lat="52.3927451" lon="13.129939" />
  <node id="3872784381" timestamp="2017-05-26T15:57:16Z" uid="1468248" user="PantherStrix" version="3" changeset="49006247" lat="52.392752" lon="13.1298597" />
  <node id="3872784382" timestamp="2017-05-26T15:57:16Z" uid="1468248" user="PantherStrix" version="3" changeset="49006247" lat="52.3927527" lon="13.1299389" />
  <node id="3872784385" timestamp="2017-05-26T15:57:16Z" uid="1468248" user="PantherStrix" version="3" changeset="49006247" lat="52.3927694" lon="13.1305883" />
  <node id="3872784386" timestamp="2017-05-26T15:57:16Z" uid="1468248" user="PantherStrix" version="3" changeset="49006247" lat="52.3927698" lon="13.1306067" />
  <node id="3872784387" timestamp="2017-05-26T15:57:16Z" uid="1468248" user="PantherStrix" version="3" changeset="49006247" lat="52.3927728" lon="13.1307215" />
  <node id="3872784388" timestamp="2017-05-26T15:57:16Z" uid="1468248" user="PantherStrix" version="3" changeset="49006247" lat="52.3927732" lon="13.1307426" />
  <node id="3872784389" timestamp="2017-05-26T15:57:16Z" uid="1468248" user="PantherStrix" version="3" changeset="49006247" lat="52.3928194" lon="13.1318286" />
  <node id="3872784390" timestamp="2017-05-26T15:57:16Z" uid="1468248" user="PantherStrix" version="3" changeset="49006247" lat="52.3928197" lon="13.1318414" />
  <node id="3872784391" timestamp="2017-05-26T15:57:16Z" uid="1468248" user="PantherStrix" version="3" changeset="49006247" lat="52.3928213" lon="13.1316708" />
  <node id="3872784392" timestamp="2017-05-26T15:57:16Z" uid="1468248" user="PantherStrix" version="3" changeset="49006247" lat="52.3928217" lon="13.1316902" />
  <node id="3872784393" timestamp="2017-05-26T15:57:16Z" uid="1468248" user="PantherStrix" version="3" changeset="49006247" lat="52.3928806" lon="13.1316675" />
  <node id="3872784394" timestamp="2017-05-26T15:57:16Z" uid="1468248" user="PantherStrix" version="3" changeset="49006247" lat="52.392881" lon="13.1316877" />
  <node id="3872784395" timestamp="2017-05-26T15:57:16Z" uid="1468248" user="PantherStrix" version="3" changeset="49006247" lat="52.3928814" lon="13.1307882" />
  <node id="3872784396" timestamp="2017-05-26T15:57:16Z" uid="1468248" user="PantherStrix" version="3" changeset="49006247" lat="52.3928836" lon="13.1308799" />
  <node id="3872784397" timestamp="2017-05-26T15:57:16Z" uid="1468248" user="PantherStrix" version="3" changeset="49006247" lat="52.3928853" lon="13.1318259" />
  <node id="3872784398" timestamp="2017-05-26T15:57:16Z" uid="1468248" user="PantherStrix" version="3" changeset="49006247" lat="52.3928855" lon="13.1318377" />
  <node id="3872784399" timestamp="2017-05-26T15:57:16Z" uid="1468248" user="PantherStrix" version="3" changeset="49006247" lat="52.3928919" lon="13.1307876" />
  <node id="3872784400" timestamp="2017-05-26T15:57:16Z" uid="1468248" user="PantherStrix" version="3" changeset="49006247" lat="52.3928939" lon="13.1308793" />
  <node id="3872784401" timestamp="2017-05-26T15:57:16Z" uid="1468248" user="PantherStrix" version="3" changeset="49006247" lat="52.3929038" lon="13.1315183" />
  <node id="3872784402" timestamp="2017-05-26T15:57:16Z" uid="1468248" user="PantherStrix" version="3" changeset="49006247" lat="52.3929051" lon="13.1316234" />
  <node id="3872784403" timestamp="2017-05-26T15:57:16Z" uid="1468248" user="PantherStrix" version="3" changeset="49006247" lat="52.3929153" lon="13.1315177" />
  <node id="3872784404" timestamp="2017-05-26T15:57:16Z" uid="1468248" user="PantherStrix" version="3" changeset="49006247" lat="52.3929175" lon="13.1316227" />
  <node id="3872784405" timestamp="2017-05-26T15:57:16Z" uid="1468248" user="PantherStrix" version="3" changeset="49006247" lat="52.3930035" lon="13.1315107" />
  <node id="3872784406" timestamp="2017-05-26T15:57:16Z" uid="1468248" user="PantherStrix" version="3" changeset="49006247" lat="52.3930058" lon="13.1316071" />
  <node id="3872784407" timestamp="2017-05-26T15:57:16Z" uid="1468248" user="PantherStrix" version="3" changeset="49006247" lat="52.3930133" lon="13.1315102" />
  <node id="3872784408" timestamp="2017-05-26T15:57:16Z" uid="1468248" user="PantherStrix" version="3" changeset="49006247" lat="52.3930154" lon="13.1316065" />
  <node id="3982109413" timestamp="2017-05-26T15:57:16Z" uid="1468248" user="PantherStrix" version="3" changeset="49006247" lat="52.3922367" lon="13.1302502" />
  <node id="3982109414" timestamp="2017-05-26T15:57:16Z" uid="1468248" user="PantherStrix" version="3" changeset="49006247" lat="52.3922409" lon="13.1304634" />
  <node id="3982109415" timestamp="2017-05-26T15:57:16Z" uid="1468248" user="PantherStrix" version="3" changeset="49006247" lat="52.3921205" lon="13.1304697" />
  <node id="3986172906" timestamp="2017-05-26T15:57:16Z" uid="1468248" user="PantherStrix" version="3" changeset="49006247" lat="52.3922063" lon="13.1302146" />
  <node id="3986172907" timestamp="2017-05-26T15:57:16Z" uid="1468248" user="PantherStrix" version="3" changeset="49006247" lat="52.3921848" lon="13.1302157" />
  <node id="3986243907" timestamp="2023-04-19T22:19:11Z" uid="6895624" user="nw520" version="6" changeset="135123708" lat="52.3939963" lon="13.1333622">
    <tag k="access" v="customers" />
    <tag k="automatic_door" v="motion" />
    <tag k="door" v="hinged" />
    <tag k="door:wings" v="2" />
    <tag k="entrance" v="main" />
    <tag k="level" v="0" />
  </node>
  <node id="3986243908" timestamp="2022-08-05T09:30:17Z" uid="15862952" user="Biohtoaster" version="4" changeset="124513640" lat="52.3934544" lon="13.1328837">
    <tag k="access" v="private" />
    <tag k="automatic_door" v="no" />
    <tag k="door" v="hinged" />
    <tag k="entrance" v="yes" />
    <tag k="level" v="0" />
    <tag k="wheelchair" v="yes" />
  </node>
  <node id="3986243909" timestamp="2020-05-03T15:49:41Z" uid="1468248" user="PantherStrix" version="6" changeset="84569892" lat="52.3934708" lon="13.1325214" />
  <node id="3986243910" timestamp="2024-02-27T17:35:51Z" uid="1468248" user="PantherStrix" version="5" changeset="147983389" lat="52.3939767" lon="13.1323334">
    <tag k="door" v="hinged" />
    <tag k="entrance" v="main" />
    <tag k="level" v="0" />
  </node>
  <node id="3986243911" timestamp="2024-02-27T17:35:51Z" uid="1468248" user="PantherStrix" version="5" changeset="147983389" lat="52.3939324" lon="13.1308057">
    <tag k="entrance" v="main" />
    <tag k="wheelchair" v="yes" />
  </node>
  <node id="3995933581" timestamp="2017-05-26T15:57:16Z" uid="1468248" user="PantherStrix" version="3" changeset="49006247" lat="52.3919029" lon="13.1301075" />
  <node id="3995933582" timestamp="2017-05-26T15:57:16Z" uid="1468248" user="PantherStrix" version="3" changeset="49006247" lat="52.3918981" lon="13.1298739" />
  <node id="3995933583" timestamp="2017-05-26T15:57:16Z" uid="1468248" user="PantherStrix" version="3" changeset="49006247" lat="52.3920156" lon="13.1298664" />
  <node id="4206043585" timestamp="2024-02-27T17:35:51Z" uid="1468248" user="PantherStrix" version="6" changeset="147983389" lat="52.3941676" lon="13.1324434">
    <tag k="access" v="permissive" />
    <tag k="entrance" v="yes" />
    <tag k="level" v="0" />
  </node>
  <node id="4206050064" timestamp="2023-04-19T13:31:38Z" uid="6895624" user="nw520" version="2" changeset="135103060" lat="52.3941061" lon="13.1330741">
    <tag k="access" v="private" />
    <tag k="entrance" v="yes" />
    <tag k="level" v="0" />
  </node>
  <node id="4206050070" timestamp="2020-05-03T15:49:41Z" uid="1468248" user="PantherStrix" version="5" changeset="84569892" lat="52.3934869" lon="13.1325198">
    <tag k="access" v="private" />
    <tag k="entrance" v="yes" />
  </node>
  <node id="4206050071" timestamp="2020-05-03T15:49:41Z" uid="1468248" user="PantherStrix" version="5" changeset="84569892" lat="52.393443" lon="13.1317948">
    <tag k="entrance" v="exit" />
  </node>
  <node id="4206050072" timestamp="2020-05-03T15:49:41Z" uid="1468248" user="PantherStrix" version="5" changeset="84569892" lat="52.3934586" lon="13.132042">
    <tag k="entrance" v="exit" />
  </node>
  <node id="4206050073" timestamp="2020-05-03T15:49:41Z" uid="1468248" user="PantherStrix" version="5" changeset="84569892" lat="52.3935027" lon="13.1316005">
    <tag k="access" v="no" />
    <tag k="entrance" v="emergency" />
  </node>
  <node id="4206050076" timestamp="2020-05-03T15:49:41Z" uid="1468248" user="PantherStrix" version="5" changeset="84569892" lat="52.3934534" lon="13.1312424">
    <tag k="access" v="private" />
    <tag k="entrance" v="main" />
  </node>
  <node id="4812003456" timestamp="2024-02-27T17:35:51Z" uid="1468248" user="PantherStrix" version="9" changeset="147983389" lat="52.3949304" lon="13.1282435">
    <tag k="access" v="customers" />
    <tag k="automatic_door" v="no" />
    <tag k="door" v="hinged" />
    <tag k="entrance" v="service" />
    <tag k="name" v="Fiesta Mexicana" />
    <tag k="wheelchair" v="limited" />
  </node>
  <node id="4866140047" timestamp="2025-02-27T13:02:22Z" uid="1468248" user="PantherStrix" version="5" changeset="163011624" lat="52.3927278" lon="13.1270944">
    <tag k="access" v="yes" />
    <tag k="door" v="hinged" />
    <tag k="entrance" v="main" />
    <tag k="level" v="0" />
    <tag k="step_count" v="3" />
    <tag k="wheelchair" v="no" />
  </node>
  <node id="4866140052" timestamp="2025-02-27T13:02:22Z" uid="1468248" user="PantherStrix" version="4" changeset="163011624" lat="52.3921327" lon="13.1271838">
    <tag k="entrance" v="yes" />
  </node>
  <node id="4866140059" timestamp="2025-02-27T13:02:22Z" uid="1468248" user="PantherStrix" version="3" changeset="163011624" lat="52.3918722" lon="13.1266639">
    <tag k="access" v="no" />
    <tag k="entrance" v="emergency" />
    <tag k="layer" v="1" />
    <tag k="wheelchair" v="no" />
  </node>
  <node id="4866140060" timestamp="2025-02-27T13:02:22Z" uid="1468248" user="PantherStrix" version="3" changeset="163011624" lat="52.3917984" lon="13.1273138">
    <tag k="access" v="no" />
    <tag k="entrance" v="emergency" />
    <tag k="layer" v="1" />
    <tag k="wheelchair" v="no" />
  </node>
  <node id="4866140062" timestamp="2025-02-27T13:02:22Z" uid="1468248" user="PantherStrix" version="3" changeset="163011624" lat="52.3935656" lon="13.1281801" />
  <node id="4866140065" timestamp="2025-02-27T13:02:22Z" uid="1468248" user="PantherStrix" version="3" changeset="163011624" lat="52.3936961" lon="13.1277573" />
  <node id="4868435246" timestamp="2025-02-27T13:02:22Z" uid="1468248" user="PantherStrix" version="4" changeset="163011624" lat="52.3934954" lon="13.1272655">
    <tag k="entrance" v="yes" />
    <tag k="name" v="Professur für Public und Nonprofit Management; Universitätsbibliothek Bereich Universitätsarchiv" />
  </node>
  <node id="4868435247" timestamp="2025-02-27T13:02:22Z" uid="1468248" user="PantherStrix" version="3" changeset="163011624" lat="52.393483" lon="13.1273741">
    <tag k="entrance" v="yes" />
    <tag k="name" v="Eltern-Kind-Raum" />
  </node>
  <node id="4874646830" timestamp="2025-04-16T19:43:29Z" uid="13547320" user="VonMorgen" version="7" changeset="165043918" lat="52.3926083" lon="13.1245511">
    <tag k="camera:mount" v="wall" />
    <tag k="camera:type" v="fixed" />
    <tag k="check_date" v="2025-04-16" />
    <tag k="man_made" v="surveillance" />
    <tag k="operator" v="Hasso-Plattner-Institut" />
    <tag k="surveillance" v="outdoor" />
    <tag k="surveillance:type" v="camera" />
    <tag k="surveillance:zone" v="building" />
  </node>
  <node id="4874646831" timestamp="2025-04-16T19:43:31Z" uid="13547320" user="VonMorgen" version="7" changeset="165043918" lat="52.3924829" lon="13.1245757">
    <tag k="camera:mount" v="wall" />
    <tag k="camera:type" v="fixed" />
    <tag k="check_date" v="2025-04-16" />
    <tag k="man_made" v="surveillance" />
    <tag k="operator" v="Hasso-Plattner-Institut" />
    <tag k="surveillance" v="outdoor" />
    <tag k="surveillance:type" v="camera" />
    <tag k="surveillance:zone" v="building" />
  </node>
  <node id="4874646832" timestamp="2022-02-05T18:27:37Z" uid="1468248" user="PantherStrix" version="6" changeset="117056303" lat="52.3924417" lon="13.124011" />
  <node id="4874646833" timestamp="2025-04-16T19:44:34Z" uid="13547320" user="VonMorgen" version="7" changeset="165043918" lat="52.3925671" lon="13.1239864">
    <tag k="camera:mount" v="wall" />
    <tag k="camera:type" v="fixed" />
    <tag k="check_date" v="2025-04-16" />
    <tag k="man_made" v="surveillance" />
    <tag k="operator" v="Hasso-Plattner-Institut" />
    <tag k="surveillance" v="outdoor" />
    <tag k="surveillance:type" v="camera" />
    <tag k="surveillance:zone" v="building" />
  </node>
  <node id="4874646944" timestamp="2025-02-27T13:02:22Z" uid="1468248" user="PantherStrix" version="3" changeset="163011624" lat="52.3920987" lon="13.1271648" />
  <node id="4876143624" timestamp="2017-05-25T13:36:20Z" uid="1468248" user="PantherStrix" version="1" changeset="48974398" lat="52.3933565" lon="13.1328812" />
  <node id="4876143625" timestamp="2020-05-03T15:49:41Z" uid="1468248" user="PantherStrix" version="2" changeset="84569892" lat="52.393443" lon="13.1328728" />
  <node id="4876143626" timestamp="2020-05-03T15:49:41Z" uid="1468248" user="PantherStrix" version="2" changeset="84569892" lat="52.3934435" lon="13.132885" />
  <node id="4876143627" timestamp="2020-05-03T15:49:41Z" uid="1468248" user="PantherStrix" version="2" changeset="84569892" lat="52.3934663" lon="13.1328823" />
  <node id="4876143628" timestamp="2020-05-03T15:49:41Z" uid="1468248" user="PantherStrix" version="2" changeset="84569892" lat="52.3934658" lon="13.1328709" />
  <node id="4876143629" timestamp="2020-05-03T15:49:41Z" uid="1468248" user="PantherStrix" version="2" changeset="84569892" lat="52.3938646" lon="13.1333228" />
  <node id="4876143630" timestamp="2020-05-03T15:49:41Z" uid="1468248" user="PantherStrix" version="2" changeset="84569892" lat="52.393958" lon="13.1333912" />
  <node id="4876143631" timestamp="2020-05-03T15:49:41Z" uid="1468248" user="PantherStrix" version="2" changeset="84569892" lat="52.3939363" lon="13.1333887" />
  <node id="4876143696" timestamp="2019-10-03T05:52:26Z" uid="1468248" user="PantherStrix" version="2" changeset="75211105" lat="52.3932542" lon="13.1281802" />
  <node id="5329585056" timestamp="2020-05-03T15:49:41Z" uid="1468248" user="PantherStrix" version="3" changeset="84569892" lat="52.3934566" lon="13.1313254" />
  <node id="5329585057" timestamp="2020-05-03T15:49:41Z" uid="1468248" user="PantherStrix" version="3" changeset="84569892" lat="52.393461" lon="13.1314408" />
  <node id="5329585058" timestamp="2020-05-03T15:49:41Z" uid="1468248" user="PantherStrix" version="3" changeset="84569892" lat="52.3934964" lon="13.1314371" />
  <node id="5329585059" timestamp="2020-05-03T15:49:41Z" uid="1468248" user="PantherStrix" version="3" changeset="84569892" lat="52.3934728" lon="13.131724" />
  <node id="5329585060" timestamp="2020-05-03T15:49:41Z" uid="1468248" user="PantherStrix" version="3" changeset="84569892" lat="52.3936377" lon="13.1321076" />
  <node id="5329585061" timestamp="2020-05-03T15:49:41Z" uid="1468248" user="PantherStrix" version="3" changeset="84569892" lat="52.3936223" lon="13.1317085" />
  <node id="5329585072" timestamp="2020-05-03T15:49:41Z" uid="1468248" user="PantherStrix" version="3" changeset="84569892" lat="52.3934892" lon="13.132123" />
  <node id="5329585073" timestamp="2020-05-03T15:49:41Z" uid="1468248" user="PantherStrix" version="3" changeset="84569892" lat="52.3934935" lon="13.132232" />
  <node id="5329585074" timestamp="2020-05-03T15:49:41Z" uid="1468248" user="PantherStrix" version="3" changeset="84569892" lat="52.3935329" lon="13.132228" />
  <node id="5329585075" timestamp="2020-05-03T15:49:41Z" uid="1468248" user="PantherStrix" version="3" changeset="84569892" lat="52.3935396" lon="13.1324015" />
  <node id="5329585078" timestamp="2020-05-03T15:49:41Z" uid="1468248" user="PantherStrix" version="3" changeset="84569892" lat="52.3935008" lon="13.1324055" />
  <node id="5329585079" timestamp="2020-05-03T15:49:41Z" uid="1468248" user="PantherStrix" version="3" changeset="84569892" lat="52.3935051" lon="13.1325179" />
  <node id="5761733043" timestamp="2024-02-27T17:35:51Z" uid="1468248" user="PantherStrix" version="5" changeset="147983389" lat="52.3937246" lon="13.1285793">
    <tag k="entrance" v="main" />
  </node>
  <node id="5761775410" timestamp="2025-02-27T13:02:22Z" uid="1468248" user="PantherStrix" version="4" changeset="163011624" lat="52.3933079" lon="13.1285651">
    <tag k="access" v="no" />
    <tag k="entrance" v="emergency" />
    <tag k="wheelchair" v="yes" />
  </node>
  <node id="5761775411" timestamp="2019-10-03T05:52:26Z" uid="1468248" user="PantherStrix" version="2" changeset="75211105" lat="52.3928258" lon="13.1287045">
    <tag k="access" v="no" />
    <tag k="entrance" v="emergency" />
    <tag k="layer" v="1" />
    <tag k="wheelchair" v="no" />
  </node>
  <node id="5761775412" timestamp="2019-10-03T05:52:26Z" uid="1468248" user="PantherStrix" version="2" changeset="75211105" lat="52.3923988" lon="13.1285468">
    <tag k="access" v="no" />
    <tag k="entrance" v="emergency" />
    <tag k="layer" v="1" />
    <tag k="wheelchair" v="no" />
  </node>
  <node id="5793712874" timestamp="2024-02-27T17:35:51Z" uid="1468248" user="PantherStrix" version="4" changeset="147983389" lat="52.3937187" lon="13.1282793">
    <tag k="entrance" v="yes" />
  </node>
  <node id="5793712879" timestamp="2025-02-27T13:02:22Z" uid="1468248" user="PantherStrix" version="3" changeset="163011624" lat="52.393422" lon="13.12856">
    <tag k="access" v="no" />
    <tag k="entrance" v="emergency" />
    <tag k="wheelchair" v="yes" />
  </node>
  <node id="6846250398" timestamp="2025-02-27T13:02:22Z" uid="1468248" user="PantherStrix" version="2" changeset="163011624" lat="52.3934538" lon="13.127888" />
  <node id="6846250400" timestamp="2025-02-27T13:02:22Z" uid="1468248" user="PantherStrix" version="2" changeset="163011624" lat="52.393584" lon="13.1275367" />
  <node id="7057689098" timestamp="2023-07-06T19:36:19Z" uid="1468248" user="PantherStrix" version="2" changeset="138202311" lat="52.3950126" lon="13.1287104" />
  <node id="7057689120" timestamp="2024-02-27T17:35:51Z" uid="1468248" user="PantherStrix" version="3" changeset="147983389" lat="52.3949206" lon="13.1284109">
    <tag k="access" v="customers" />
    <tag k="door" v="hinged" />
    <tag k="entrance" v="main" />
    <tag k="level" v="0" />
    <tag k="name" v="Fiesta Mexicana" />
    <tag k="step_count" v="0" />
    <tag k="wheelchair" v="limited" />
  </node>
  <node id="7057689121" timestamp="2023-07-06T19:36:19Z" uid="1468248" user="PantherStrix" version="2" changeset="138202311" lat="52.394851" lon="13.128251" />
  <node id="7057689134" timestamp="2023-07-06T19:36:19Z" uid="1468248" user="PantherStrix" version="2" changeset="138202311" lat="52.394995" lon="13.1287437" />
  <node id="7057689135" timestamp="2023-07-06T19:36:19Z" uid="1468248" user="PantherStrix" version="2" changeset="138202311" lat="52.3948428" lon="13.1285112" />
  <node id="7057689136" timestamp="2023-07-06T19:36:19Z" uid="1468248" user="PantherStrix" version="2" changeset="138202311" lat="52.394967" lon="13.1286424" />
  <node id="7057689137" timestamp="2023-07-06T19:36:19Z" uid="1468248" user="PantherStrix" version="2" changeset="138202311" lat="52.3948621" lon="13.1286754" />
  <node id="7057689138" timestamp="2024-02-27T17:35:51Z" uid="1468248" user="PantherStrix" version="3" changeset="147983389" lat="52.3948487" lon="13.128561" />
  <node id="7476350748" timestamp="2020-05-03T15:49:41Z" uid="1468248" user="PantherStrix" version="1" changeset="84569892" lat="52.3934031" lon="13.131166">
    <tag k="entrance" v="main" />
  </node>
  <node id="7476350749" timestamp="2020-05-03T15:49:41Z" uid="1468248" user="PantherStrix" version="1" changeset="84569892" lat="52.3940103" lon="13.1333298" />
  <node id="7476477609" action="modify" timestamp="2020-05-03T17:03:59Z" uid="1468248" user="PantherStrix" version="2" changeset="84573049" lat="52.39351430027" lon="13.13039120612" />
  <node id="7476487334" action="modify" timestamp="2020-05-03T17:03:59Z" uid="1468248" user="PantherStrix" version="1" changeset="84573049" lat="52.39358959788" lon="13.13006415229" />
  <node id="7483738519" timestamp="2024-02-27T17:35:51Z" uid="1468248" user="PantherStrix" version="2" changeset="147983389" lat="52.3939387" lon="13.1307054">
    <tag k="description" v="Gedenktafel für das Außenkommando des Konzentrationslagers Sachsenhausen" />
    <tag k="historic" v="memorial" />
    <tag k="image" v="https://commons.wikimedia.org/wiki/File:Gedenktafel_Prof.-Dr.-Helmert-Str_(Potsdam)_KZ_Sachsenhausen.jpg" />
    <tag k="inscription" v="Auf diesem Gelände existierte vom 1. Juli 1944 bis zum März 1945 ein Außenkommando des Konzentrationslagers Sachsenhausen. [...]" />
    <tag k="material" v="metal" />
    <tag k="memorial" v="plaque" />
    <tag k="name" v="Gedenktafel für das Außenkommando des Konzentrationslagers Sachsenhausen" />
    <tag k="start_date" v="2009-04-18" />
  </node>
  <node id="8676268326" timestamp="2022-02-05T18:27:37Z" uid="1468248" user="PantherStrix" version="2" changeset="117056303" lat="52.3921509" lon="13.1237571">
    <tag k="entrance" v="yes" />
  </node>
  <node id="8676268327" timestamp="2022-02-05T18:27:37Z" uid="1468248" user="PantherStrix" version="2" changeset="117056303" lat="52.3919668" lon="13.1238256">
    <tag k="entrance" v="yes" />
  </node>
  <node id="8676268329" timestamp="2022-02-05T18:27:37Z" uid="1468248" user="PantherStrix" version="2" changeset="117056303" lat="52.3924625" lon="13.1242958">
    <tag k="entrance" v="yes" />
  </node>
  <node id="8910129208" timestamp="2023-07-06T19:36:19Z" uid="1468248" user="PantherStrix" version="2" changeset="138202311" lat="52.3948943" lon="13.1286653">
    <tag k="entrance" v="yes" />
  </node>
  <node id="8977535601" timestamp="2024-11-14T16:45:29Z" uid="1468248" user="PantherStrix" version="3" changeset="159138243" lat="52.3922204" lon="13.1252431" />
  <node id="8977535602" timestamp="2024-11-14T16:45:29Z" uid="1468248" user="PantherStrix" version="3" changeset="159138243" lat="52.3922134" lon="13.1249348" />
  <node id="8977535603" timestamp="2024-11-14T16:45:29Z" uid="1468248" user="PantherStrix" version="3" changeset="159138243" lat="52.3921252" lon="13.1249402" />
  <node id="8977535604" timestamp="2024-11-14T16:45:29Z" uid="1468248" user="PantherStrix" version="3" changeset="159138243" lat="52.3921322" lon="13.1252485" />
  <node id="8977535605" timestamp="2024-11-14T16:45:29Z" uid="1468248" user="PantherStrix" version="3" changeset="159138243" lat="52.3924534" lon="13.1248395" />
  <node id="8977535606" timestamp="2024-11-14T16:45:29Z" uid="1468248" user="PantherStrix" version="3" changeset="159138243" lat="52.3924641" lon="13.12531" />
  <node id="8977535607" timestamp="2024-11-14T16:45:29Z" uid="1468248" user="PantherStrix" version="3" changeset="159138243" lat="52.3922223" lon="13.1253248" />
  <node id="8977535608" timestamp="2024-11-14T16:45:29Z" uid="1468248" user="PantherStrix" version="3" changeset="159138243" lat="52.3922116" lon="13.1248543" />
  <node id="8977535609" timestamp="2024-11-14T16:45:29Z" uid="1468248" user="PantherStrix" version="3" changeset="159138243" lat="52.3921234" lon="13.1248596" />
  <node id="8977535610" timestamp="2024-11-14T16:45:29Z" uid="1468248" user="PantherStrix" version="3" changeset="159138243" lat="52.392134" lon="13.1253296" />
  <node id="8977535611" timestamp="2024-11-14T16:45:29Z" uid="1468248" user="PantherStrix" version="3" changeset="159138243" lat="52.392007" lon="13.1253373" />
  <node id="8977535612" timestamp="2024-11-14T16:45:29Z" uid="1468248" user="PantherStrix" version="3" changeset="159138243" lat="52.3919964" lon="13.1248673" />
  <node id="9215892544" timestamp="2021-11-01T09:49:50Z" uid="881429" user="atpl_pilot" version="1" changeset="113226698" lat="52.394728" lon="13.1248111" />
  <node id="9215892545" timestamp="2021-11-01T09:49:50Z" uid="881429" user="atpl_pilot" version="1" changeset="113226698" lat="52.3947482" lon="13.12481" />
  <node id="9215892546" timestamp="2021-11-01T09:49:50Z" uid="881429" user="atpl_pilot" version="1" changeset="113226698" lat="52.3947493" lon="13.1248603" />
  <node id="9215892547" timestamp="2021-11-01T09:49:50Z" uid="881429" user="atpl_pilot" version="1" changeset="113226698" lat="52.3947293" lon="13.1248614" />
  <node id="9215892548" timestamp="2021-11-01T09:49:50Z" uid="881429" user="atpl_pilot" version="1" changeset="113226698" lat="52.3947306" lon="13.1249203" />
  <node id="9215892549" timestamp="2021-11-01T09:49:50Z" uid="881429" user="atpl_pilot" version="1" changeset="113226698" lat="52.3947288" lon="13.1249204" />
  <node id="9215892550" timestamp="2021-11-01T09:49:50Z" uid="881429" user="atpl_pilot" version="1" changeset="113226698" lat="52.3947268" lon="13.1247518" />
  <node id="9215892551" timestamp="2021-11-01T09:49:50Z" uid="881429" user="atpl_pilot" version="1" changeset="113226698" lat="52.3947249" lon="13.1247519" />
  <node id="9215892552" timestamp="2021-11-01T09:49:50Z" uid="881429" user="atpl_pilot" version="1" changeset="113226698" lat="52.3945841" lon="13.1249282" />
  <node id="9215892553" timestamp="2021-11-01T09:49:50Z" uid="881429" user="atpl_pilot" version="1" changeset="113226698" lat="52.3946018" lon="13.1249272" />
  <node id="9215892554" timestamp="2021-11-01T09:49:50Z" uid="881429" user="atpl_pilot" version="1" changeset="113226698" lat="52.3945807" lon="13.1247619" />
  <node id="9215892555" timestamp="2021-11-01T09:49:50Z" uid="881429" user="atpl_pilot" version="1" changeset="113226698" lat="52.3945968" lon="13.124761" />
  <node id="9481748347" timestamp="2022-02-05T18:27:37Z" uid="1468248" user="PantherStrix" version="1" changeset="117056303" lat="52.3923497" lon="13.1237828" />
  <node id="9481748348" timestamp="2022-02-05T18:27:37Z" uid="1468248" user="PantherStrix" version="1" changeset="117056303" lat="52.3923459" lon="13.1237323" />
  <node id="9481748349" timestamp="2022-02-05T18:27:37Z" uid="1468248" user="PantherStrix" version="1" changeset="117056303" lat="52.3923386" lon="13.1237851" />
  <node id="9481748350" timestamp="2022-02-05T18:27:37Z" uid="1468248" user="PantherStrix" version="1" changeset="117056303" lat="52.3923345" lon="13.1237346" />
  <node id="9481748351" timestamp="2022-02-05T18:27:37Z" uid="1468248" user="PantherStrix" version="1" changeset="117056303" lat="52.3922669" lon="13.1239121" />
  <node id="9481748352" timestamp="2022-02-05T18:27:37Z" uid="1468248" user="PantherStrix" version="1" changeset="117056303" lat="52.392268" lon="13.1239265" />
  <node id="9481748353" timestamp="2022-02-05T18:27:37Z" uid="1468248" user="PantherStrix" version="1" changeset="117056303" lat="52.3920686" lon="13.1239523" />
  <node id="9481748354" timestamp="2022-02-05T18:27:37Z" uid="1468248" user="PantherStrix" version="1" changeset="117056303" lat="52.3920696" lon="13.1239654" />
  <node id="9481748355" timestamp="2022-02-05T18:27:37Z" uid="1468248" user="PantherStrix" version="1" changeset="117056303" lat="52.3919808" lon="13.1238562" />
  <node id="9481748356" timestamp="2022-02-05T18:27:37Z" uid="1468248" user="PantherStrix" version="1" changeset="117056303" lat="52.3919769" lon="13.1238047" />
  <node id="9481748357" timestamp="2022-02-05T18:27:37Z" uid="1468248" user="PantherStrix" version="1" changeset="117056303" lat="52.3919693" lon="13.1238586" />
  <node id="9481748358" timestamp="2022-02-05T18:27:37Z" uid="1468248" user="PantherStrix" version="1" changeset="117056303" lat="52.3919654" lon="13.1238071" />
  <node id="10853102162" timestamp="2023-04-28T16:41:13Z" uid="2804186" user="thomasrosen" version="1" changeset="135477109" lat="52.3928696" lon="13.131491" />
  <node id="11030670245" timestamp="2023-07-06T19:36:19Z" uid="1468248" user="PantherStrix" version="1" changeset="138202311" lat="52.394936" lon="13.1283801" />
  <node id="11030670257" timestamp="2023-07-06T19:36:19Z" uid="1468248" user="PantherStrix" version="1" changeset="138202311" lat="52.3949331" lon="13.1281716" />
  <node id="11030670258" timestamp="2023-07-06T19:36:19Z" uid="1468248" user="PantherStrix" version="1" changeset="138202311" lat="52.3949408" lon="13.1281762" />
  <node id="11030670259" timestamp="2023-07-06T19:36:19Z" uid="1468248" user="PantherStrix" version="1" changeset="138202311" lat="52.3949496" lon="13.1282268" />
  <node id="11030670260" timestamp="2023-07-06T19:36:19Z" uid="1468248" user="PantherStrix" version="1" changeset="138202311" lat="52.3949445" lon="13.1282375" />
  <node id="11030670261" timestamp="2023-07-06T19:36:19Z" uid="1468248" user="PantherStrix" version="1" changeset="138202311" lat="52.394987" lon="13.1286676" />
  <node id="11030670262" timestamp="2023-07-06T19:36:19Z" uid="1468248" user="PantherStrix" version="1" changeset="138202311" lat="52.3950061" lon="13.128733" />
  <node id="11030670263" timestamp="2023-07-06T19:36:19Z" uid="1468248" user="PantherStrix" version="1" changeset="138202311" lat="52.3950114" lon="13.1287192" />
  <node id="11030670264" timestamp="2023-07-06T19:36:19Z" uid="1468248" user="PantherStrix" version="1" changeset="138202311" lat="52.3950097" lon="13.1287251" />
  <node id="11030670265" timestamp="2023-07-06T19:36:19Z" uid="1468248" user="PantherStrix" version="1" changeset="138202311" lat="52.3949938" lon="13.1286683" />
  <node id="11030670266" timestamp="2023-07-06T19:36:19Z" uid="1468248" user="PantherStrix" version="1" changeset="138202311" lat="52.3950013" lon="13.128673" />
  <node id="11324758193" timestamp="2025-02-27T13:02:22Z" uid="1468248" user="PantherStrix" version="2" changeset="163011624" lat="52.3934678" lon="13.127421">
    <tag k="entrance" v="yes" />
  </node>
  <node id="11324758207" timestamp="2025-02-27T13:02:22Z" uid="1468248" user="PantherStrix" version="2" changeset="163011624" lat="52.393297" lon="13.1277204">
    <tag k="entrance" v="yes" />
  </node>
  <node id="11634139786" timestamp="2024-11-14T16:45:29Z" uid="1468248" user="PantherStrix" version="2" changeset="159138243" lat="52.3923493" lon="13.125317">
    <tag k="entrance" v="yes" />
  </node>
  <node id="11634139801" timestamp="2024-11-14T16:45:29Z" uid="1468248" user="PantherStrix" version="2" changeset="159138243" lat="52.3923408" lon="13.1248464">
    <tag k="entrance" v="yes" />
  </node>
  <node id="11669607546" timestamp="2024-02-27T17:35:51Z" uid="1468248" user="PantherStrix" version="1" changeset="147983389" lat="52.394136" lon="13.1309391" />
  <node id="11669607547" timestamp="2024-02-27T17:35:51Z" uid="1468248" user="PantherStrix" version="1" changeset="147983389" lat="52.3941242" lon="13.130637" />
  <node id="11669607548" timestamp="2024-02-27T17:35:51Z" uid="1468248" user="PantherStrix" version="1" changeset="147983389" lat="52.3941341" lon="13.1309393" />
  <node id="11669607549" timestamp="2024-02-27T17:35:51Z" uid="1468248" user="PantherStrix" version="1" changeset="147983389" lat="52.3941223" lon="13.1306372" />
  <node id="11669607550" timestamp="2024-02-27T17:35:51Z" uid="1468248" user="PantherStrix" version="1" changeset="147983389" lat="52.3939283" lon="13.1307787" />
  <node id="11669607551" timestamp="2024-02-27T17:35:51Z" uid="1468248" user="PantherStrix" version="1" changeset="147983389" lat="52.3939312" lon="13.1307559" />
  <node id="11669607552" timestamp="2024-02-27T17:35:51Z" uid="1468248" user="PantherStrix" version="1" changeset="147983389" lat="52.3939274" lon="13.1307563" />
  <node id="11669607553" timestamp="2024-02-27T17:35:51Z" uid="1468248" user="PantherStrix" version="1" changeset="147983389" lat="52.3939313" lon="13.1307597" />
  <node id="11669607554" timestamp="2024-02-27T17:35:51Z" uid="1468248" user="PantherStrix" version="1" changeset="147983389" lat="52.3939352" lon="13.130864" />
  <node id="11669607555" timestamp="2024-02-27T17:35:51Z" uid="1468248" user="PantherStrix" version="1" changeset="147983389" lat="52.3939316" lon="13.1308643" />
  <node id="11669607556" timestamp="2024-02-27T17:35:51Z" uid="1468248" user="PantherStrix" version="1" changeset="147983389" lat="52.3939309" lon="13.1308467" />
  <node id="11669607557" timestamp="2024-02-27T17:35:51Z" uid="1468248" user="PantherStrix" version="1" changeset="147983389" lat="52.3939197" lon="13.1308479" />
  <node id="11669607558" timestamp="2024-02-27T17:35:51Z" uid="1468248" user="PantherStrix" version="1" changeset="147983389" lat="52.3939195" lon="13.1308416" />
  <node id="11669607559" timestamp="2024-02-27T17:35:51Z" uid="1468248" user="PantherStrix" version="1" changeset="147983389" lat="52.393935" lon="13.1308593" />
  <node id="11669607560" timestamp="2024-02-27T17:35:51Z" uid="1468248" user="PantherStrix" version="1" changeset="147983389" lat="52.3939337" lon="13.1308401" />
  <node id="11669607561" timestamp="2024-02-27T17:35:51Z" uid="1468248" user="PantherStrix" version="1" changeset="147983389" lat="52.3939313" lon="13.1307784" />
  <node id="11669607562" timestamp="2024-02-27T17:35:51Z" uid="1468248" user="PantherStrix" version="1" changeset="147983389" lat="52.3939408" lon="13.1307587" />
  <node id="11669607563" timestamp="2024-02-27T17:35:51Z" uid="1468248" user="PantherStrix" version="1" changeset="147983389" lat="52.393945" lon="13.1308582" />
  <node id="11669607564" timestamp="2024-02-27T17:35:51Z" uid="1468248" user="PantherStrix" version="1" changeset="147983389" lat="52.3939491" lon="13.1309633" />
  <node id="11669607565" timestamp="2024-02-27T17:35:51Z" uid="1468248" user="PantherStrix" version="1" changeset="147983389" lat="52.3939366" lon="13.130652" />
  <node id="11669607566" timestamp="2024-02-27T17:35:51Z" uid="1468248" user="PantherStrix" version="1" changeset="147983389" lat="52.3939092" lon="13.1299603" />
  <node id="11669607567" timestamp="2024-02-27T17:35:51Z" uid="1468248" user="PantherStrix" version="1" changeset="147983389" lat="52.3939121" lon="13.12996" />
  <node id="11669607568" timestamp="2024-02-27T17:35:51Z" uid="1468248" user="PantherStrix" version="1" changeset="147983389" lat="52.3939391" lon="13.1306517" />
  <node id="11669621969" timestamp="2024-02-27T17:35:51Z" uid="1468248" user="PantherStrix" version="1" changeset="147983389" lat="52.3939559" lon="13.1309626" />
  <node id="11669621980" timestamp="2024-02-27T17:35:51Z" uid="1468248" user="PantherStrix" version="1" changeset="147983389" lat="52.3941684" lon="13.132463" />
  <node id="11669621981" timestamp="2024-02-27T17:35:51Z" uid="1468248" user="PantherStrix" version="1" changeset="147983389" lat="52.3941668" lon="13.1324238" />
  <node id="11669621982" timestamp="2024-02-27T17:35:51Z" uid="1468248" user="PantherStrix" version="1" changeset="147983389" lat="52.3941604" lon="13.1324639" />
  <node id="11669621983" timestamp="2024-02-27T17:35:51Z" uid="1468248" user="PantherStrix" version="1" changeset="147983389" lat="52.3941587" lon="13.1324247" />
  <node id="11669621984" timestamp="2024-02-27T17:35:51Z" uid="1468248" user="PantherStrix" version="1" changeset="147983389" lat="52.3941607" lon="13.1327909" />
  <node id="11669621985" timestamp="2024-02-27T17:35:51Z" uid="1468248" user="PantherStrix" version="1" changeset="147983389" lat="52.394174" lon="13.1327894" />
  <node id="11669621986" timestamp="2024-02-27T17:35:51Z" uid="1468248" user="PantherStrix" version="1" changeset="147983389" lat="52.3940031" lon="13.1321361" />
  <node id="11669621987" timestamp="2024-02-27T17:35:51Z" uid="1468248" user="PantherStrix" version="1" changeset="147983389" lat="52.393975" lon="13.1321393" />
  <node id="11669621988" timestamp="2024-02-27T17:35:51Z" uid="1468248" user="PantherStrix" version="1" changeset="147983389" lat="52.3939965" lon="13.1325252" />
  <node id="11669621989" timestamp="2024-02-27T17:35:51Z" uid="1468248" user="PantherStrix" version="1" changeset="147983389" lat="52.3939909" lon="13.1325258" />
  <node id="11669621990" timestamp="2024-02-27T17:35:51Z" uid="1468248" user="PantherStrix" version="1" changeset="147983389" lat="52.3939741" lon="13.1322701" />
  <node id="11669621991" timestamp="2024-02-27T17:35:51Z" uid="1468248" user="PantherStrix" version="1" changeset="147983389" lat="52.3939794" lon="13.1323967" />
  <node id="11669621992" timestamp="2024-02-27T17:35:51Z" uid="1468248" user="PantherStrix" version="1" changeset="147983389" lat="52.3939855" lon="13.1323961" />
  <node id="11669621993" timestamp="2024-02-27T17:35:51Z" uid="1468248" user="PantherStrix" version="1" changeset="147983389" lat="52.3939804" lon="13.1322694" />
  <node id="11669622015" timestamp="2024-02-27T17:35:51Z" uid="1468248" user="PantherStrix" version="1" changeset="147983389" lat="52.3935667" lon="13.1290115" />
  <node id="11669622016" timestamp="2024-02-27T17:35:51Z" uid="1468248" user="PantherStrix" version="1" changeset="147983389" lat="52.3935766" lon="13.1292396" />
  <node id="11669622017" timestamp="2024-02-27T17:35:51Z" uid="1468248" user="PantherStrix" version="1" changeset="147983389" lat="52.3935726" lon="13.1291495" />
  <node id="11669622018" timestamp="2024-02-27T17:35:51Z" uid="1468248" user="PantherStrix" version="1" changeset="147983389" lat="52.3935642" lon="13.1292411" />
  <node id="11669622019" timestamp="2024-02-27T17:35:51Z" uid="1468248" user="PantherStrix" version="1" changeset="147983389" lat="52.3935603" lon="13.1291509" />
  <node id="11669622022" timestamp="2024-02-27T17:35:51Z" uid="1468248" user="PantherStrix" version="1" changeset="147983389" lat="52.393647" lon="13.1285158" />
  <node id="11669622024" timestamp="2024-02-27T17:35:51Z" uid="1468248" user="PantherStrix" version="1" changeset="147983389" lat="52.3938074" lon="13.1284958" />
  <node id="11669622025" timestamp="2024-02-27T17:35:51Z" uid="1468248" user="PantherStrix" version="1" changeset="147983389" lat="52.3938086" lon="13.1285263" />
  <node id="11669622026" timestamp="2024-02-27T17:35:51Z" uid="1468248" user="PantherStrix" version="1" changeset="147983389" lat="52.393797" lon="13.1285418" />
  <node id="11669622027" timestamp="2024-02-27T17:35:51Z" uid="1468248" user="PantherStrix" version="1" changeset="147983389" lat="52.3937948" lon="13.1284839" />
  <node id="11669622028" timestamp="2024-02-27T17:35:51Z" uid="1468248" user="PantherStrix" version="1" changeset="147983389" lat="52.3937291" lon="13.1282782" />
  <node id="11669622029" timestamp="2024-02-27T17:35:51Z" uid="1468248" user="PantherStrix" version="1" changeset="147983389" lat="52.3937082" lon="13.1282804" />
  <node id="11669622030" timestamp="2024-02-27T17:35:51Z" uid="1468248" user="PantherStrix" version="1" changeset="147983389" lat="52.3937298" lon="13.1282953" />
  <node id="11669622031" timestamp="2024-02-27T17:35:51Z" uid="1468248" user="PantherStrix" version="1" changeset="147983389" lat="52.3937089" lon="13.1282975" />
  <node id="11669622032" timestamp="2024-02-27T17:35:51Z" uid="1468248" user="PantherStrix" version="1" changeset="147983389" lat="52.3937111" lon="13.1285806" />
  <node id="11669622033" timestamp="2024-02-27T17:35:51Z" uid="1468248" user="PantherStrix" version="1" changeset="147983389" lat="52.3937381" lon="13.1285779" />
  <node id="11669622034" timestamp="2024-02-27T17:35:51Z" uid="1468248" user="PantherStrix" version="1" changeset="147983389" lat="52.3937375" lon="13.1285631" />
  <node id="11669622035" timestamp="2024-02-27T17:35:51Z" uid="1468248" user="PantherStrix" version="1" changeset="147983389" lat="52.3937105" lon="13.1285659" />
  <node id="12339689144" timestamp="2024-11-14T16:45:29Z" uid="1468248" user="PantherStrix" version="1" changeset="159138243" lat="52.3924584" lon="13.1250611" />
  <node id="12623246405" timestamp="2025-02-27T13:02:22Z" uid="1468248" user="PantherStrix" version="1" changeset="163011624" lat="52.3928091" lon="13.1271116" />
  <node id="12623246423" timestamp="2025-02-27T13:02:22Z" uid="1468248" user="PantherStrix" version="1" changeset="163011624" lat="52.3935199" lon="13.1270496" />
  <node id="12623246424" timestamp="2025-02-27T13:02:22Z" uid="1468248" user="PantherStrix" version="1" changeset="163011624" lat="52.3936353" lon="13.1270847" />
  <node id="12623246426" timestamp="2025-02-27T13:02:22Z" uid="1468248" user="PantherStrix" version="1" changeset="163011624" lat="52.3935953" lon="13.1275604" />
  <node id="12623246427" timestamp="2025-02-27T13:02:22Z" uid="1468248" user="PantherStrix" version="1" changeset="163011624" lat="52.3935928" lon="13.1274592" />
  <node id="12623246428" timestamp="2025-02-27T13:02:22Z" uid="1468248" user="PantherStrix" version="1" changeset="163011624" lat="52.3928305" lon="13.1271855" />
  <node id="12623246429" timestamp="2025-02-27T13:02:22Z" uid="1468248" user="PantherStrix" version="1" changeset="163011624" lat="52.3928315" lon="13.1271769" />
  <node id="12623246430" timestamp="2025-02-27T13:02:22Z" uid="1468248" user="PantherStrix" version="1" changeset="163011624" lat="52.3927719" lon="13.1271003" />
  <node id="12623246431" timestamp="2025-02-27T13:02:22Z" uid="1468248" user="PantherStrix" version="1" changeset="163011624" lat="52.3927711" lon="13.1271076" />
  <node id="12623246432" timestamp="2025-02-27T13:02:22Z" uid="1468248" user="PantherStrix" version="1" changeset="163011624" lat="52.3926845" lon="13.1270812" />
  <node id="12623246433" timestamp="2025-02-27T13:02:22Z" uid="1468248" user="PantherStrix" version="1" changeset="163011624" lat="52.3926854" lon="13.1270737" />
  <node id="12623246434" timestamp="2025-02-27T13:02:22Z" uid="1468248" user="PantherStrix" version="1" changeset="163011624" lat="52.3926135" lon="13.1271101" />
  <node id="12623246435" timestamp="2025-02-27T13:02:22Z" uid="1468248" user="PantherStrix" version="1" changeset="163011624" lat="52.3926125" lon="13.1271188" />
  <node id="12623246436" timestamp="2025-02-27T13:02:22Z" uid="1468248" user="PantherStrix" version="1" changeset="163011624" lat="52.3920978" lon="13.1271731" />
  <node id="12623246437" timestamp="2025-02-27T13:02:22Z" uid="1468248" user="PantherStrix" version="1" changeset="163011624" lat="52.3926299" lon="13.1274637" />
  <node id="12623246438" timestamp="2025-02-27T13:02:22Z" uid="1468248" user="PantherStrix" version="1" changeset="163011624" lat="52.3926549" lon="13.1274713" />
  <node id="12623246439" timestamp="2025-02-27T13:02:22Z" uid="1468248" user="PantherStrix" version="1" changeset="163011624" lat="52.3926558" lon="13.1274635" />
  <node id="12623246440" timestamp="2025-02-27T13:02:22Z" uid="1468248" user="PantherStrix" version="1" changeset="163011624" lat="52.3927156" lon="13.1274817" />
  <node id="12623246441" timestamp="2025-02-27T13:02:22Z" uid="1468248" user="PantherStrix" version="1" changeset="163011624" lat="52.3927148" lon="13.1274893" />
  <node id="12623246442" timestamp="2025-02-27T13:02:22Z" uid="1468248" user="PantherStrix" version="1" changeset="163011624" lat="52.3935972" lon="13.1280079" />
  <node id="12623246443" timestamp="2025-02-27T13:02:22Z" uid="1468248" user="PantherStrix" version="1" changeset="163011624" lat="52.3935694" lon="13.1276681" />
  <node id="12623246444" timestamp="2025-02-27T13:02:22Z" uid="1468248" user="PantherStrix" version="1" changeset="163011624" lat="52.3935827" lon="13.1276721" />
  <node id="12623246445" timestamp="2025-02-27T13:02:22Z" uid="1468248" user="PantherStrix" version="1" changeset="163011624" lat="52.3935976" lon="13.1275408" />
  <way id="-888" action="modify">
    <nd ref="-30094" />
    <nd ref="-27916" />
    <nd ref="-26511" />
    <nd ref="-34328" />
    <nd ref="-33589" />
    <nd ref="-27900" />
    <nd ref="-30094" />
    <tag k="indoor" v="room" />
    <tag k="level" v="0" />
    <tag k="name" v="Teeküche" />
    <tag k="ref" v="K-E.01" />
    <tag k="poi_ids" v="-35546" />
  </way>
  <way id="-943" action="modify">
    <nd ref="-27895" />
    <nd ref="-32793" />
    <nd ref="-26329" />
    <nd ref="-30855" />
    <nd ref="249783204" />
    <nd ref="7476487334" />
    <nd ref="-30852" />
    <nd ref="-27900" />
    <nd ref="-33589" />
    <nd ref="-34330" />
    <nd ref="-27895" />
    <tag k="indoor" v="room" />
    <tag k="level" v="0" />
    <tag k="ref" v="K-E.02" />
  </way>
  <way id="-980" action="modify">
    <nd ref="-26329" />
    <nd ref="-34341" />
    <nd ref="-26330" />
    <nd ref="-26331" />
    <nd ref="-30855" />
    <nd ref="-26329" />
    <tag k="indoor" v="room" />
    <tag k="level" v="0" />
    <tag k="ref" v="K-E.03" />
  </way>
  <way id="-985" action="modify">
    <nd ref="-27906" />
    <nd ref="-26334" />
    <nd ref="-30853" />
    <nd ref="249783205" />
    <nd ref="-26331" />
    <nd ref="-26330" />
    <nd ref="-26335" />
    <nd ref="-34343" />
    <nd ref="-27906" />
    <tag k="indoor" v="room" />
    <tag k="level" v="0" />
    <tag k="ref" v="K-E.04" />
  </way>
  <way id="-1408" action="modify">
    <nd ref="-26620" />
    <nd ref="-33138" />
    <nd ref="-32135" />
    <nd ref="-26621" />
    <nd ref="-26622" />
    <nd ref="-26623" />
    <nd ref="-26668" />
    <nd ref="-26620" />
    <tag k="indoor" v="room" />
    <tag k="level" v="0" />
    <tag k="ref" v="K-E.06" />
  </way>
  <way id="-1417" action="modify">
    <nd ref="-26623" />
    <nd ref="-26622" />
    <nd ref="-26624" />
    <nd ref="-26625" />
    <nd ref="-26667" />
    <nd ref="-26623" />
    <tag k="indoor" v="room" />
    <tag k="level" v="0" />
    <tag k="ref" v="K-E.07" />
  </way>
  <way id="-1424" action="modify">
    <nd ref="-26625" />
    <nd ref="-26624" />
    <nd ref="-26626" />
    <nd ref="-26627" />
    <nd ref="-26666" />
    <nd ref="-26625" />
    <tag k="indoor" v="room" />
    <tag k="level" v="0" />
    <tag k="ref" v="K-E.08" />
  </way>
  <way id="-1436" action="modify">
    <nd ref="-26629" />
    <nd ref="-26663" />
    <nd ref="-26609" />
    <nd ref="249783206" />
    <nd ref="-26630" />
    <nd ref="-26629" />
    <tag k="indoor" v="room" />
    <tag k="level" v="0" />
    <tag k="ref" v="K-E.11" />
  </way>
  <way id="-1443" action="modify">
    <nd ref="-26632" />
    <nd ref="-26662" />
    <nd ref="-26629" />
    <nd ref="-26630" />
    <nd ref="-26633" />
    <nd ref="-26632" />
    <tag k="indoor" v="room" />
    <tag k="level" v="0" />
    <tag k="ref" v="K-E.12" />
  </way>
  <way id="-1450" action="modify">
    <nd ref="-26635" />
    <nd ref="-26661" />
    <nd ref="-26632" />
    <nd ref="-26633" />
    <nd ref="-26636" />
    <nd ref="-26635" />
    <tag k="indoor" v="room" />
    <tag k="level" v="0" />
    <tag k="ref" v="K-E.13" />
  </way>
  <way id="-1457" action="modify">
    <nd ref="-26638" />
    <nd ref="-26660" />
    <nd ref="-26635" />
    <nd ref="-26636" />
    <nd ref="-26639" />
    <nd ref="-26638" />
    <tag k="indoor" v="room" />
    <tag k="level" v="0" />
    <tag k="ref" v="K-E.14" />
  </way>
  <way id="-1465" action="modify">
    <nd ref="-26641" />
    <nd ref="-26610" />
    <nd ref="-26659" />
    <nd ref="-26638" />
    <nd ref="-26639" />
    <nd ref="249783207" />
    <nd ref="-26641" />
    <tag k="indoor" v="room" />
    <tag k="level" v="0" />
    <tag k="ref" v="K-E.15" />
    <tag k="poi_ids" v="-35562" />
  </way>
  <way id="-1475" action="modify">
    <nd ref="-26644" />
    <nd ref="-26658" />
    <nd ref="-26645" />
    <nd ref="-26646" />
    <nd ref="-26647" />
    <nd ref="-32087" />
    <nd ref="-34495" />
    <nd ref="-26644" />
    <tag k="indoor" v="room" />
    <tag k="level" v="0" />
    <tag k="ref" v="K-E.16" />
  </way>
  <way id="-1486" action="modify">
    <nd ref="-26648" />
    <nd ref="-26657" />
    <nd ref="-26645" />
    <nd ref="-26646" />
    <nd ref="-26649" />
    <nd ref="-26648" />
    <tag k="indoor" v="room" />
    <tag k="level" v="0" />
    <tag k="ref" v="K-E.17" />
  </way>
  <way id="-1493" action="modify">
    <nd ref="-26651" />
    <nd ref="-26656" />
    <nd ref="-26648" />
    <nd ref="-26649" />
    <nd ref="-26652" />
    <nd ref="-26651" />
    <tag k="indoor" v="room" />
    <tag k="level" v="0" />
    <tag k="ref" v="K-E.18" />
  </way>
  <way id="-1548" action="modify">
    <nd ref="-26674" />
    <nd ref="-26724" />
    <nd ref="-26673" />
    <nd ref="-26586" />
    <nd ref="-26675" />
    <tag k="indoor" v="room" />
    <tag k="level" v="0" />
    <tag k="ref" v="K-E.27" />
  </way>
  <way id="-1558" action="modify">
    <nd ref="-26671" />
    <nd ref="-26727" />
    <nd ref="-26679" />
    <nd ref="-26680" />
    <nd ref="-26728" />
    <nd ref="-26681" />
    <nd ref="-26671" />
    <tag k="indoor" v="room" />
    <tag k="level" v="0" />
    <tag k="ref" v="K-E.26" />
  </way>
  <way id="-1564" action="modify">
    <nd ref="-26679" />
    <nd ref="-26726" />
    <nd ref="-26682" />
    <nd ref="-26683" />
    <nd ref="-26689" />
    <nd ref="-26680" />
    <nd ref="-26679" />
    <tag k="indoor" v="room" />
    <tag k="level" v="0" />
    <tag k="ref" v="K-E.28" />
  </way>
  <way id="-1569" action="modify">
    <nd ref="-26682" />
    <nd ref="-26725" />
    <nd ref="-26672" />
    <nd ref="-26684" />
    <nd ref="-26729" />
    <nd ref="-26683" />
    <nd ref="-26682" />
    <tag k="indoor" v="room" />
    <tag k="level" v="0" />
    <tag k="ref" v="K-E.29" />
  </way>
  <way id="-1581" action="modify">
    <nd ref="-26681" />
    <nd ref="-26728" />
    <nd ref="-26689" />
    <nd ref="-26690" />
    <nd ref="-26691" />
    <nd ref="-26681" />
    <tag k="indoor" v="room" />
    <tag k="level" v="0" />
    <tag k="ref" v="K-E.25" />
  </way>
  <way id="-1587" action="modify">
    <nd ref="-26689" />
    <nd ref="-26729" />
    <nd ref="-26684" />
    <nd ref="-26692" />
    <nd ref="-26694" />
    <nd ref="-26690" />
    <tag k="indoor" v="room" />
    <tag k="level" v="0" />
    <tag k="ref" v="K-E.30" />
  </way>
  <way id="-1595" action="modify">
    <nd ref="-26691" />
    <nd ref="-26690" />
    <nd ref="-26694" />
    <nd ref="-26695" />
    <nd ref="-26696" />
    <nd ref="-26730" />
    <nd ref="-26691" />
    <tag k="indoor" v="room" />
    <tag k="level" v="0" />
    <tag k="ref" v="K-E.24" />
  </way>
  <way id="-1602" action="modify">
    <nd ref="-26694" />
    <nd ref="-26692" />
    <nd ref="-26731" />
    <nd ref="-26697" />
    <nd ref="-26695" />
    <nd ref="-26694" />
    <tag k="indoor" v="room" />
    <tag k="level" v="0" />
    <tag k="ref" v="K-E.31" />
  </way>
  <way id="-1607" action="modify">
    <nd ref="-26696" />
    <nd ref="-26695" />
    <nd ref="-26698" />
    <nd ref="-26699" />
    <nd ref="-26733" />
    <nd ref="-26696" />
    <tag k="indoor" v="room" />
    <tag k="level" v="0" />
    <tag k="ref" v="K-E.23" />
  </way>
  <way id="-1612" action="modify">
    <nd ref="-26695" />
    <nd ref="-26697" />
    <nd ref="-26732" />
    <nd ref="-26700" />
    <nd ref="-26698" />
    <nd ref="-26695" />
    <tag k="indoor" v="room" />
    <tag k="level" v="0" />
    <tag k="ref" v="K-E.32" />
    <tag k="poi_ids" v="-35345" />
  </way>
  <way id="-2321" action="modify">
    <nd ref="-27895" />
    <nd ref="-32793" />
    <nd ref="-30855" />
    <nd ref="249783204" />
    <nd ref="-27899" />
    <nd ref="-30852" />
    <nd ref="-27900" />
    <nd ref="-33589" />
    <nd ref="-34099" />
    <nd ref="-27895" />
    <tag k="indoor" v="room" />
    <tag k="level" v="1" />
    <tag k="ref" v="K-1.02" />
  </way>
  <way id="-2323" action="modify">
    <nd ref="-27906" />
    <nd ref="-26334" />
    <nd ref="-30853" />
    <nd ref="249783205" />
    <nd ref="-26331" />
    <nd ref="-27909" />
    <nd ref="-34097" />
    <nd ref="-27906" />
    <tag k="indoor" v="room" />
    <tag k="level" v="1" />
    <tag k="ref" v="K-1.04" />
  </way>
  <way id="-2325" action="modify">
    <nd ref="-30094" />
    <nd ref="-29449" />
    <nd ref="-27916" />
    <nd ref="-34060" />
    <nd ref="-33589" />
    <nd ref="-27900" />
    <nd ref="-30094" />
    <tag k="indoor" v="room" />
    <tag k="level" v="1" />
    <tag k="name" v="Lager" />
    <tag k="ref" v="K-1.01" />
  </way>
  <way id="-2498" action="modify">
    <nd ref="-28165" />
    <nd ref="-28166" />
    <nd ref="-28167" />
    <nd ref="-28175" />
    <nd ref="-28176" />
    <nd ref="-28177" />
    <nd ref="-28165" />
    <tag k="indoor" v="room" />
    <tag k="level" v="1" />
    <tag k="ref" v="K-1.26" />
  </way>
  <way id="-2499" action="modify">
    <nd ref="-28167" />
    <nd ref="-28168" />
    <nd ref="-28169" />
    <nd ref="-28178" />
    <nd ref="-28179" />
    <nd ref="-28175" />
    <nd ref="-28167" />
    <tag k="indoor" v="room" />
    <tag k="level" v="1" />
    <tag k="ref" v="K-1.28" />
  </way>
  <way id="-2500" action="modify">
    <nd ref="-28177" />
    <nd ref="-28176" />
    <nd ref="-28179" />
    <nd ref="-28180" />
    <nd ref="-28181" />
    <nd ref="-28177" />
    <tag k="indoor" v="room" />
    <tag k="level" v="1" />
    <tag k="ref" v="K-1.25" />
  </way>
  <way id="-2501" action="modify">
    <nd ref="-28181" />
    <nd ref="-28180" />
    <nd ref="-28182" />
    <nd ref="-28183" />
    <nd ref="-28184" />
    <nd ref="-28185" />
    <nd ref="-28181" />
    <tag k="indoor" v="room" />
    <tag k="level" v="1" />
    <tag k="ref" v="K-1.24" />
  </way>
  <way id="-2502" action="modify">
    <nd ref="-28179" />
    <nd ref="-28186" />
    <nd ref="-28187" />
    <nd ref="-28188" />
    <nd ref="-28182" />
    <nd ref="-28180" />
    <tag k="indoor" v="room" />
    <tag k="level" v="1" />
    <tag k="ref" v="K-1.30" />
  </way>
  <way id="-2503" action="modify">
    <nd ref="-28182" />
    <nd ref="-28188" />
    <nd ref="-28189" />
    <nd ref="-28190" />
    <nd ref="-28183" />
    <nd ref="-28182" />
    <tag k="indoor" v="room" />
    <tag k="level" v="1" />
    <tag k="ref" v="K-1.31" />
  </way>
  <way id="-2504" action="modify">
    <nd ref="-28184" />
    <nd ref="-28183" />
    <nd ref="-28191" />
    <nd ref="-28192" />
    <nd ref="-28193" />
    <nd ref="-28184" />
    <tag k="indoor" v="room" />
    <tag k="level" v="1" />
    <tag k="ref" v="K-1.23" />
  </way>
  <way id="-2556" action="modify">
    <nd ref="-28270" />
    <nd ref="-28271" />
    <nd ref="-28272" />
    <nd ref="-28273" />
    <nd ref="-28274" />
    <nd ref="-28275" />
    <nd ref="-28270" />
    <tag k="indoor" v="room" />
    <tag k="level" v="1" />
    <tag k="ref" v="K-1.29" />
  </way>
  <way id="-2557" action="modify">
    <nd ref="-28276" />
    <nd ref="-28277" />
    <nd ref="-28278" />
    <nd ref="-28279" />
    <nd ref="-28280" />
    <tag k="indoor" v="room" />
    <tag k="level" v="1" />
    <tag k="ref" v="K-1.27" />
  </way>
  <way id="-2558" action="modify">
    <nd ref="-28281" />
    <nd ref="-28282" />
    <nd ref="-28283" />
    <nd ref="-28284" />
    <nd ref="-28285" />
    <nd ref="-28281" />
    <tag k="indoor" v="room" />
    <tag k="level" v="1" />
    <tag k="ref" v="K-1.32" />
    <tag k="poi_ids" v="-35386" />
  </way>
  <way id="-2788" action="modify">
    <nd ref="-28441" />
    <nd ref="-33205" />
    <nd ref="-32145" />
    <nd ref="-28443" />
    <nd ref="-28444" />
    <nd ref="-28445" />
    <nd ref="-28441" />
    <tag k="indoor" v="room" />
    <tag k="level" v="1" />
    <tag k="ref" v="K-1.06" />
  </way>
  <way id="-2789" action="modify">
    <nd ref="-28444" />
    <nd ref="-28443" />
    <nd ref="-26624" />
    <nd ref="-28447" />
    <nd ref="-28448" />
    <nd ref="-28444" />
    <tag k="indoor" v="room" />
    <tag k="level" v="1" />
    <tag k="ref" v="K-1.07" />
  </way>
  <way id="-2790" action="modify">
    <nd ref="-28447" />
    <nd ref="-26624" />
    <nd ref="-26626" />
    <nd ref="-28450" />
    <nd ref="-28451" />
    <nd ref="-28447" />
    <tag k="indoor" v="room" />
    <tag k="level" v="1" />
    <tag k="ref" v="K-1.08" />
  </way>
  <way id="-2813" action="modify">
    <nd ref="-26641" />
    <nd ref="-28480" />
    <nd ref="-28481" />
    <nd ref="-28482" />
    <nd ref="-28483" />
    <nd ref="249783207" />
    <nd ref="-26641" />
    <tag k="indoor" v="room" />
    <tag k="level" v="1" />
    <tag k="ref" v="K-1.15" />
    <tag k="poi_ids" v="-35648" />
  </way>
  <way id="-2814" action="modify">
    <nd ref="-28482" />
    <nd ref="-28485" />
    <nd ref="-28486" />
    <nd ref="-28487" />
    <nd ref="-28483" />
    <nd ref="-28482" />
    <tag k="indoor" v="room" />
    <tag k="level" v="1" />
    <tag k="ref" v="K-1.14" />
  </way>
  <way id="-2815" action="modify">
    <nd ref="-28486" />
    <nd ref="-28488" />
    <nd ref="-28489" />
    <nd ref="-28490" />
    <nd ref="-28487" />
    <nd ref="-28486" />
    <tag k="indoor" v="room" />
    <tag k="level" v="1" />
    <tag k="ref" v="K-1.13" />
  </way>
  <way id="-2816" action="modify">
    <nd ref="-28489" />
    <nd ref="-28491" />
    <nd ref="-28492" />
    <nd ref="-28493" />
    <nd ref="-28490" />
    <nd ref="-28489" />
    <tag k="indoor" v="room" />
    <tag k="level" v="1" />
    <tag k="ref" v="K-1.12" />
  </way>
  <way id="-2817" action="modify">
    <nd ref="-28492" />
    <nd ref="-28494" />
    <nd ref="-26609" />
    <nd ref="249783206" />
    <nd ref="-28493" />
    <nd ref="-28492" />
    <tag k="indoor" v="room" />
    <tag k="level" v="1" />
    <tag k="ref" v="K-1.11" />
  </way>
  <way id="-2856" action="modify">
    <nd ref="-28542" />
    <nd ref="-28543" />
    <nd ref="-28544" />
    <nd ref="-28545" />
    <nd ref="-28546" />
    <nd ref="-28542" />
    <tag k="indoor" v="room" />
    <tag k="level" v="1" />
    <tag k="ref" v="K-1.16" />
  </way>
  <way id="-2857" action="modify">
    <nd ref="-28547" />
    <nd ref="-28548" />
    <nd ref="-28544" />
    <nd ref="-28545" />
    <nd ref="-28549" />
    <nd ref="-28547" />
    <tag k="indoor" v="room" />
    <tag k="level" v="1" />
    <tag k="ref" v="K-1.17" />
  </way>
  <way id="-2858" action="modify">
    <nd ref="-28550" />
    <nd ref="-28551" />
    <nd ref="-28547" />
    <nd ref="-28549" />
    <nd ref="-28552" />
    <nd ref="-28550" />
    <tag k="indoor" v="room" />
    <tag k="level" v="1" />
    <tag k="ref" v="K-1.18" />
  </way>
  <way id="-3216" action="modify">
    <nd ref="-27906" />
    <nd ref="-26334" />
    <nd ref="-30596" />
    <nd ref="-33204" />
    <nd ref="-30595" />
    <nd ref="-29391" />
    <nd ref="-29641" />
    <nd ref="-27906" />
    <tag k="indoor" v="room" />
    <tag k="level" v="1" />
    <tag k="ref" v="K-1.05" />
  </way>
  <way id="-3482" action="modify">
    <nd ref="-30855" />
    <nd ref="-26331" />
    <nd ref="-27909" />
    <nd ref="-29611" />
    <nd ref="-27895" />
    <nd ref="-32793" />
    <nd ref="-30855" />
    <tag k="indoor" v="room" />
    <tag k="level" v="1" />
    <tag k="ref" v="K-1.03" />
  </way>
  <way id="-4582" action="modify">
    <nd ref="-30370" />
    <nd ref="-30375" />
    <nd ref="-30376" />
    <nd ref="-26649" />
    <nd ref="-26652" />
    <nd ref="-30370" />
    <tag k="indoor" v="room" />
    <tag k="level" v="2" />
    <tag k="ref" v="K-2.18" />
  </way>
  <way id="-4583" action="modify">
    <nd ref="-30376" />
    <nd ref="-30378" />
    <nd ref="-30379" />
    <nd ref="-28545" />
    <nd ref="-26649" />
    <nd ref="-30376" />
    <tag k="indoor" v="room" />
    <tag k="level" v="2" />
    <tag k="ref" v="K-2.17" />
  </way>
  <way id="-4584" action="modify">
    <nd ref="-30381" />
    <nd ref="-30382" />
    <nd ref="-30379" />
    <nd ref="-28545" />
    <nd ref="-26647" />
    <nd ref="-30381" />
    <tag k="indoor" v="room" />
    <tag k="level" v="2" />
    <tag k="ref" v="K-2.16" />
  </way>
  <way id="-4585" action="modify">
    <nd ref="-26641" />
    <nd ref="-30385" />
    <nd ref="-30386" />
    <nd ref="-30387" />
    <nd ref="-30388" />
    <nd ref="249783207" />
    <nd ref="-26641" />
    <tag k="indoor" v="room" />
    <tag k="level" v="2" />
    <tag k="ref" v="K-2.15" />
    <tag k="poi_ids" v="-35667" />
  </way>
  <way id="-4586" action="modify">
    <nd ref="-30387" />
    <nd ref="-30390" />
    <nd ref="-30391" />
    <nd ref="-30392" />
    <nd ref="-30388" />
    <nd ref="-30387" />
    <tag k="indoor" v="room" />
    <tag k="level" v="2" />
    <tag k="ref" v="K-2.14" />
  </way>
  <way id="-4587" action="modify">
    <nd ref="-30391" />
    <nd ref="-30393" />
    <nd ref="-30394" />
    <nd ref="-30395" />
    <nd ref="-30392" />
    <nd ref="-30391" />
    <tag k="indoor" v="room" />
    <tag k="level" v="2" />
    <tag k="ref" v="K-2.13" />
  </way>
  <way id="-4588" action="modify">
    <nd ref="-30396" />
    <nd ref="-30397" />
    <nd ref="-26609" />
    <nd ref="249783206" />
    <nd ref="-30400" />
    <nd ref="-30396" />
    <tag k="indoor" v="room" />
    <tag k="level" v="2" />
    <tag k="ref" v="K-2.11" />
  </way>
  <way id="-4589" action="modify">
    <nd ref="-30394" />
    <nd ref="-30401" />
    <nd ref="-30396" />
    <nd ref="-30400" />
    <nd ref="-30395" />
    <nd ref="-30394" />
    <tag k="indoor" v="room" />
    <tag k="level" v="2" />
    <tag k="ref" v="K-2.12" />
  </way>
  <way id="-4592" action="modify">
    <nd ref="-30410" />
    <nd ref="-26624" />
    <nd ref="-26626" />
    <nd ref="-30407" />
    <nd ref="-30412" />
    <nd ref="-30410" />
    <tag k="indoor" v="room" />
    <tag k="level" v="2" />
    <tag k="ref" v="K-2.08" />
  </way>
  <way id="-4593" action="modify">
    <nd ref="-30413" />
    <nd ref="-30414" />
    <nd ref="-26624" />
    <nd ref="-30410" />
    <nd ref="-30415" />
    <nd ref="-30413" />
    <tag k="indoor" v="room" />
    <tag k="level" v="2" />
    <tag k="ref" v="K-2.07" />
  </way>
  <way id="-4594" action="modify">
    <nd ref="-30416" />
    <nd ref="-32145" />
    <nd ref="-30414" />
    <nd ref="-30413" />
    <nd ref="-30418" />
    <nd ref="-30416" />
    <tag k="indoor" v="room" />
    <tag k="level" v="2" />
    <tag k="ref" v="K-2.06" />
  </way>
  <way id="-4596" action="modify">
    <nd ref="-30423" />
    <nd ref="-30424" />
    <nd ref="-30425" />
    <nd ref="-30426" />
    <nd ref="-30427" />
    <nd ref="-30423" />
    <tag k="indoor" v="room" />
    <tag k="level" v="2" />
    <tag k="ref" v="K-2.32" />
    <tag k="poi_ids" v="-35403" />
  </way>
  <way id="-4597" action="modify">
    <nd ref="-30428" />
    <nd ref="-30429" />
    <nd ref="-30430" />
    <nd ref="-30431" />
    <nd ref="-30432" />
    <nd ref="-30428" />
    <tag k="indoor" v="room" />
    <tag k="level" v="2" />
    <tag k="ref" v="K-2.23" />
  </way>
  <way id="-4598" action="modify">
    <nd ref="-30433" />
    <nd ref="-30434" />
    <nd ref="-30435" />
    <nd ref="-30436" />
    <nd ref="-30437" />
    <nd ref="-30438" />
    <tag k="indoor" v="room" />
    <tag k="level" v="2" />
    <tag k="ref" v="K-2.30" />
  </way>
  <way id="-4599" action="modify">
    <nd ref="-30439" />
    <nd ref="-30440" />
    <nd ref="-30433" />
    <nd ref="-30438" />
    <nd ref="-30441" />
    <nd ref="-30439" />
    <tag k="indoor" v="room" />
    <tag k="level" v="2" />
    <tag k="ref" v="K-2.25" />
  </way>
  <way id="-4681" action="modify">
    <nd ref="-30511" />
    <nd ref="-30512" />
    <nd ref="-30513" />
    <nd ref="-30514" />
    <nd ref="-30515" />
    <nd ref="-30516" />
    <nd ref="-30511" />
    <tag k="indoor" v="room" />
    <tag k="level" v="2" />
    <tag k="ref" v="K-2.24" />
  </way>
  <way id="-4682" action="modify">
    <nd ref="-30513" />
    <nd ref="-30517" />
    <nd ref="-30518" />
    <nd ref="-30519" />
    <nd ref="-30514" />
    <nd ref="-30513" />
    <tag k="indoor" v="room" />
    <tag k="level" v="2" />
    <tag k="ref" v="K-2.31" />
  </way>
  <way id="-4683" action="modify">
    <nd ref="-30520" />
    <nd ref="-30521" />
    <nd ref="-30522" />
    <nd ref="-30523" />
    <nd ref="-30524" />
    <nd ref="-30525" />
    <nd ref="-30520" />
    <tag k="indoor" v="room" />
    <tag k="level" v="2" />
    <tag k="ref" v="K-2.26" />
  </way>
  <way id="-4684" action="modify">
    <nd ref="-30522" />
    <nd ref="-30526" />
    <nd ref="-30527" />
    <nd ref="-30528" />
    <nd ref="-30529" />
    <nd ref="-30523" />
    <nd ref="-30522" />
    <tag k="indoor" v="room" />
    <tag k="level" v="2" />
    <tag k="ref" v="K-2.28" />
  </way>
  <way id="-4685" action="modify">
    <nd ref="-30530" />
    <nd ref="-30531" />
    <nd ref="-30532" />
    <nd ref="-30533" />
    <nd ref="-30534" />
    <nd ref="-30535" />
    <nd ref="-30530" />
    <tag k="indoor" v="room" />
    <tag k="level" v="2" />
    <tag k="ref" v="K-2.29" />
  </way>
  <way id="-4686" action="modify">
    <nd ref="-30536" />
    <nd ref="-30537" />
    <nd ref="-30538" />
    <nd ref="-30539" />
    <nd ref="-30540" />
    <tag k="indoor" v="room" />
    <tag k="level" v="2" />
    <tag k="ref" v="K-2.27" />
  </way>
  <way id="-5587" action="modify">
    <nd ref="249783204" />
    <nd ref="-30852" />
    <nd ref="-30858" />
    <nd ref="-30885" />
    <nd ref="-32793" />
    <nd ref="-30855" />
    <nd ref="249783204" />
    <tag k="indoor" v="room" />
    <tag k="level" v="2" />
    <tag k="ref" v="K-2.02" />
  </way>
  <way id="-5632" action="modify">
    <nd ref="-30855" />
    <nd ref="-32793" />
    <nd ref="-30920" />
    <nd ref="-30856" />
    <nd ref="-26331" />
    <nd ref="-30855" />
    <tag k="indoor" v="room" />
    <tag k="level" v="2" />
    <tag k="ref" v="K-2.03" />
  </way>
  <way id="-5670" action="modify">
    <nd ref="-26331" />
    <nd ref="-30856" />
    <nd ref="-30951" />
    <nd ref="-31852" />
    <nd ref="-30853" />
    <nd ref="249783205" />
    <nd ref="-26331" />
    <tag k="indoor" v="room" />
    <tag k="level" v="2" />
    <tag k="ref" v="K-2.04" />
  </way>
  <way id="-5708" action="modify">
    <nd ref="-30852" />
    <nd ref="-30094" />
    <nd ref="-29449" />
    <nd ref="-27916" />
    <nd ref="-33589" />
    <nd ref="-34202" />
    <nd ref="-30858" />
    <nd ref="-30852" />
    <tag k="indoor" v="room" />
    <tag k="level" v="2" />
    <tag k="ref" v="K-2.01" />
  </way>
  <way id="-6093" action="modify">
    <nd ref="-26392" />
    <nd ref="-26334" />
    <nd ref="-27906" />
    <nd ref="-34329" />
    <nd ref="-31528" />
    <nd ref="-29391" />
    <nd ref="-26392" />
    <tag k="indoor" v="room" />
    <tag k="level" v="0" />
    <tag k="ref" v="K-E.05" />
  </way>
  <way id="-8271" action="modify">
    <nd ref="-31852" />
    <nd ref="-30853" />
    <nd ref="-30596" />
    <nd ref="-30595" />
    <nd ref="-29391" />
    <nd ref="-34203" />
    <nd ref="-31852" />
    <tag k="indoor" v="room" />
    <tag k="level" v="2" />
    <tag k="ref" v="K-2.05" />
  </way>
  <way id="-11925" action="modify">
    <nd ref="-26583" />
    <nd ref="-26670" />
    <nd ref="-26669" />
    <nd ref="-26585" />
    <nd ref="-26584" />
    <nd ref="-34996" />
    <nd ref="-34998" />
    <nd ref="-35000" />
    <nd ref="-26583" />
    <tag k="indoor" v="room" />
    <tag k="level" v="0;1;2" />
  </way>
  <way id="23133692" timestamp="2025-04-17T08:01:50Z" uid="66391" user="geozeisig" version="15" changeset="165058540">
    <nd ref="249783114" />
    <nd ref="3986172906" />
    <nd ref="3986172907" />
    <nd ref="249783115" />
    <nd ref="249783116" />
    <nd ref="3872783940" />
    <nd ref="3872783942" />
    <nd ref="3872783943" />
    <nd ref="3872783941" />
    <nd ref="249783117" />
    <nd ref="3872783934" />
    <nd ref="3872783935" />
    <nd ref="3872783929" />
    <nd ref="3872783928" />
    <nd ref="249783118" />
    <nd ref="249783119" />
    <nd ref="249783120" />
    <nd ref="3982109415" />
    <nd ref="249783121" />
    <nd ref="249783122" />
    <nd ref="3982109414" />
    <nd ref="3982109413" />
    <nd ref="249783123" />
    <nd ref="249783114" />
    <tag k="addr:city" v="Potsdam" />
    <tag k="addr:country" v="DE" />
    <tag k="addr:housenumber" v="146" />
    <tag k="addr:postcode" v="14482" />
    <tag k="addr:street" v="Stahnsdorfer Straße" />
    <tag k="addr:suburb" v="Babelsberg Süd" />
    <tag k="building" v="dormitory" />
    <tag k="building:colour" v="white" />
    <tag k="building:levels" v="3" />
    <tag k="roof:colour" v="red" />
    <tag k="roof:levels" v="2" />
    <tag k="roof:material" v="roof_tiles" />
    <tag k="roof:orientation" v="along" />
    <tag k="roof:shape" v="gabled" />
    <tag k="name" v="Studentenwohnheim 146" />
  </way>
  <way id="23133693" timestamp="2025-04-17T08:01:50Z" uid="66391" user="geozeisig" version="13" changeset="165058540">
    <nd ref="249783124" />
    <nd ref="249783125" />
    <nd ref="249783126" />
    <nd ref="3872784379" />
    <nd ref="3872784381" />
    <nd ref="3872784382" />
    <nd ref="3872784380" />
    <nd ref="249783127" />
    <nd ref="3872784367" />
    <nd ref="3872784368" />
    <nd ref="3872784358" />
    <nd ref="3872784357" />
    <nd ref="249783128" />
    <nd ref="249783129" />
    <nd ref="249783130" />
    <nd ref="249783131" />
    <nd ref="3872784360" />
    <nd ref="3872784359" />
    <nd ref="3872784365" />
    <nd ref="3872784366" />
    <nd ref="249783132" />
    <nd ref="249783133" />
    <nd ref="249783124" />
    <tag k="addr:city" v="Potsdam" />
    <tag k="addr:country" v="DE" />
    <tag k="addr:housenumber" v="144" />
    <tag k="addr:postcode" v="14482" />
    <tag k="addr:street" v="Stahnsdorfer Straße" />
    <tag k="addr:suburb" v="Babelsberg Süd" />
    <tag k="building" v="dormitory" />
    <tag k="building:colour" v="white" />
    <tag k="building:levels" v="3" />
    <tag k="roof:colour" v="red" />
    <tag k="roof:levels" v="2" />
    <tag k="roof:material" v="roof_tiles" />
    <tag k="roof:orientation" v="along" />
    <tag k="roof:shape" v="gabled" />
    <tag k="name" v="Studentenwohnheim 144" />
  </way>
  <way id="23133694" timestamp="2023-01-10T15:55:00Z" uid="2804186" user="thomasrosen" version="13" changeset="131112542">
    <nd ref="249783134" />
    <nd ref="249783135" />
    <nd ref="3995933583" />
    <nd ref="249783136" />
    <nd ref="3872783916" />
    <nd ref="3872783915" />
    <nd ref="3872783906" />
    <nd ref="3872783907" />
    <nd ref="3995933582" />
    <nd ref="249783137" />
    <nd ref="3995933581" />
    <nd ref="249783138" />
    <nd ref="249783139" />
    <nd ref="249783140" />
    <nd ref="249783141" />
    <nd ref="3872783894" />
    <nd ref="3872783892" />
    <nd ref="3872783891" />
    <nd ref="3872783893" />
    <nd ref="249783142" />
    <nd ref="3872783905" />
    <nd ref="3872783904" />
    <nd ref="3872783913" />
    <nd ref="3872783914" />
    <nd ref="249783143" />
    <nd ref="249783134" />
    <tag k="addr:city" v="Potsdam" />
    <tag k="addr:country" v="DE" />
    <tag k="addr:housenumber" v="148" />
    <tag k="addr:postcode" v="14482" />
    <tag k="addr:street" v="Stahnsdorfer Straße" />
    <tag k="building" v="dormitory" />
    <tag k="building:colour" v="white" />
    <tag k="building:levels" v="3" />
    <tag k="roof:colour" v="red" />
    <tag k="roof:levels" v="2" />
    <tag k="roof:material" v="roof_tiles" />
    <tag k="roof:orientation" v="along" />
    <tag k="roof:shape" v="gabled" />
    <tag k="name" v="Studentenwohnheim 148" />
  </way>
  <way id="23133695" timestamp="2023-04-25T16:12:30Z" uid="4798255" user="tecmap15" version="14" changeset="135350751">
    <nd ref="249783144" />
    <nd ref="249783145" />
    <nd ref="3872783910" />
    <nd ref="3872783911" />
    <nd ref="3872783903" />
    <nd ref="3872783902" />
    <nd ref="249783146" />
    <nd ref="3872783890" />
    <nd ref="3872783888" />
    <nd ref="3872783887" />
    <nd ref="3872783889" />
    <nd ref="249783147" />
    <nd ref="249783148" />
    <nd ref="249783149" />
    <nd ref="249783150" />
    <nd ref="249783151" />
    <nd ref="249783152" />
    <nd ref="249783153" />
    <nd ref="249783144" />
    <tag k="addr:city" v="Potsdam" />
    <tag k="addr:country" v="DE" />
    <tag k="addr:housenumber" v="150" />
    <tag k="addr:postcode" v="14482" />
    <tag k="addr:street" v="Stahnsdorfer Straße" />
    <tag k="building" v="dormitory" />
    <tag k="building:colour" v="white" />
    <tag k="building:levels" v="3" />
    <tag k="roof:colour" v="red" />
    <tag k="roof:levels" v="2" />
    <tag k="roof:material" v="roof_tiles" />
    <tag k="roof:orientation" v="along" />
    <tag k="roof:shape" v="gabled" />
    <tag k="name" v="Studentenwohnheim 150" />
  </way>
  <way id="23133696" timestamp="2025-04-17T08:01:50Z" uid="66391" user="geozeisig" version="13" changeset="165058540">
    <nd ref="249783154" />
    <nd ref="3872783936" />
    <nd ref="3872783938" />
    <nd ref="3872783939" />
    <nd ref="3872783937" />
    <nd ref="249783155" />
    <nd ref="249783156" />
    <nd ref="249783157" />
    <nd ref="249783158" />
    <nd ref="249783159" />
    <nd ref="249783160" />
    <nd ref="249783161" />
    <nd ref="249783162" />
    <nd ref="249783163" />
    <nd ref="3872783919" />
    <nd ref="3872783918" />
    <nd ref="3872783926" />
    <nd ref="3872783927" />
    <nd ref="249783154" />
    <tag k="addr:city" v="Potsdam" />
    <tag k="addr:country" v="DE" />
    <tag k="addr:housenumber" v="140" />
    <tag k="addr:postcode" v="14482" />
    <tag k="addr:street" v="Stahnsdorfer Straße" />
    <tag k="addr:suburb" v="Babelsberg Süd" />
    <tag k="building" v="dormitory" />
    <tag k="building:colour" v="white" />
    <tag k="building:levels" v="3" />
    <tag k="roof:colour" v="red" />
    <tag k="roof:levels" v="2" />
    <tag k="roof:material" v="roof_tiles" />
    <tag k="roof:orientation" v="along" />
    <tag k="roof:shape" v="gabled" />
    <tag k="name" v="Studentenwohnheim 140" />
  </way>
  <way id="23133697" timestamp="2025-04-17T08:01:50Z" uid="66391" user="geozeisig" version="13" changeset="165058540">
    <nd ref="249783164" />
    <nd ref="3872784369" />
    <nd ref="3872784371" />
    <nd ref="3872784372" />
    <nd ref="3872784370" />
    <nd ref="249783165" />
    <nd ref="249783166" />
    <nd ref="249783167" />
    <nd ref="249783168" />
    <nd ref="3872784362" />
    <nd ref="3872784364" />
    <nd ref="3872784363" />
    <nd ref="3872784361" />
    <nd ref="249783169" />
    <nd ref="249783170" />
    <nd ref="249783171" />
    <nd ref="249783172" />
    <nd ref="249783173" />
    <nd ref="3872783952" />
    <nd ref="3872783951" />
    <nd ref="3872783955" />
    <nd ref="3872783956" />
    <nd ref="249783164" />
    <tag k="addr:city" v="Potsdam" />
    <tag k="addr:country" v="DE" />
    <tag k="addr:housenumber" v="142" />
    <tag k="addr:postcode" v="14482" />
    <tag k="addr:street" v="Stahnsdorfer Straße" />
    <tag k="addr:suburb" v="Babelsberg Süd" />
    <tag k="building" v="dormitory" />
    <tag k="building:colour" v="white" />
    <tag k="building:levels" v="3" />
    <tag k="roof:colour" v="red" />
    <tag k="roof:levels" v="2" />
    <tag k="roof:material" v="roof_tiles" />
    <tag k="roof:orientation" v="along" />
    <tag k="roof:shape" v="gabled" />
    <tag k="name" v="Studentenwohnheim 142" />
  </way>
  <way id="23133698" timestamp="2025-04-17T08:01:50Z" uid="66391" user="geozeisig" version="13" changeset="165058540">
    <nd ref="249783174" />
    <nd ref="249783175" />
    <nd ref="3872784376" />
    <nd ref="3872784375" />
    <nd ref="3872784385" />
    <nd ref="3872784386" />
    <nd ref="249783176" />
    <nd ref="3872784395" />
    <nd ref="3872784399" />
    <nd ref="3872784400" />
    <nd ref="3872784396" />
    <nd ref="249783177" />
    <nd ref="249783178" />
    <nd ref="249783179" />
    <nd ref="249783180" />
    <nd ref="249783181" />
    <nd ref="3872784388" />
    <nd ref="3872784387" />
    <nd ref="3872784377" />
    <nd ref="3872784378" />
    <nd ref="249783182" />
    <nd ref="249783183" />
    <nd ref="249783174" />
    <tag k="addr:city" v="Potsdam" />
    <tag k="addr:country" v="DE" />
    <tag k="addr:housenumber" v="152" />
    <tag k="addr:postcode" v="14482" />
    <tag k="addr:street" v="Stahnsdorfer Straße" />
    <tag k="addr:suburb" v="Babelsberg Süd" />
    <tag k="building" v="dormitory" />
    <tag k="building:colour" v="white" />
    <tag k="building:levels" v="3" />
    <tag k="roof:colour" v="red" />
    <tag k="roof:levels" v="2" />
    <tag k="roof:material" v="roof_tiles" />
    <tag k="roof:orientation" v="along" />
    <tag k="roof:shape" v="gabled" />
    <tag k="name" v="Studentenwohnheim 152" />
  </way>
  <way id="23133699" timestamp="2025-04-17T08:01:50Z" uid="66391" user="geozeisig" version="16" changeset="165058540">
    <nd ref="249783184" />
    <nd ref="3872784405" />
    <nd ref="3872784407" />
    <nd ref="3872784408" />
    <nd ref="3872784406" />
    <nd ref="249783185" />
    <nd ref="3872784397" />
    <nd ref="3872784398" />
    <nd ref="3872784390" />
    <nd ref="3872784389" />
    <nd ref="249783186" />
    <nd ref="249783187" />
    <nd ref="249783188" />
    <nd ref="249783189" />
    <nd ref="3872784392" />
    <nd ref="3872784391" />
    <nd ref="3872784393" />
    <nd ref="3872784394" />
    <nd ref="249783190" />
    <nd ref="3872784402" />
    <nd ref="3872784404" />
    <nd ref="3872784403" />
    <nd ref="3872784401" />
    <nd ref="249783191" />
    <nd ref="10853102162" />
    <nd ref="249783192" />
    <nd ref="249783193" />
    <nd ref="249783184" />
    <tag k="addr:city" v="Potsdam" />
    <tag k="addr:country" v="DE" />
    <tag k="addr:housenumber" v="154" />
    <tag k="addr:postcode" v="14482" />
    <tag k="addr:street" v="Stahnsdorfer Straße" />
    <tag k="addr:suburb" v="Babelsberg Süd" />
    <tag k="building" v="dormitory" />
    <tag k="building:colour" v="white" />
    <tag k="building:levels" v="3" />
    <tag k="roof:colour" v="red" />
    <tag k="roof:levels" v="2" />
    <tag k="roof:material" v="roof_tiles" />
    <tag k="roof:orientation" v="along" />
    <tag k="roof:shape" v="gabled" />
    <tag k="name" v="Studentenwohnheim 154" />
  </way>
  <way id="23133700" timestamp="2025-04-17T08:01:51Z" uid="66391" user="geozeisig" version="13" changeset="165058540">
    <nd ref="249783194" />
    <nd ref="249783195" />
    <nd ref="3872783953" />
    <nd ref="3872783954" />
    <nd ref="3872783950" />
    <nd ref="3872783949" />
    <nd ref="249783196" />
    <nd ref="3872783948" />
    <nd ref="3872783945" />
    <nd ref="3872783944" />
    <nd ref="3872783946" />
    <nd ref="249783197" />
    <nd ref="249783198" />
    <nd ref="249783199" />
    <nd ref="249783200" />
    <nd ref="249783201" />
    <nd ref="249783202" />
    <nd ref="249783203" />
    <nd ref="249783194" />
    <tag k="addr:city" v="Potsdam" />
    <tag k="addr:country" v="DE" />
    <tag k="addr:housenumber" v="156" />
    <tag k="addr:postcode" v="14482" />
    <tag k="addr:street" v="Stahnsdorfer Straße" />
    <tag k="addr:suburb" v="Babelsberg Süd" />
    <tag k="building" v="dormitory" />
    <tag k="building:colour" v="white" />
    <tag k="building:levels" v="3" />
    <tag k="roof:colour" v="red" />
    <tag k="roof:levels" v="2" />
    <tag k="roof:material" v="roof_tiles" />
    <tag k="roof:orientation" v="along" />
    <tag k="roof:shape" v="gabled" />
    <tag k="name" v="Studentenwohnheim 156" />
  </way>
  <way id="23133701" action="modify" timestamp="2025-04-17T08:01:51Z" uid="66391" user="geozeisig" version="28" changeset="165058540">
    <nd ref="249783204" />
    <nd ref="-30855" />
    <nd ref="-26331" />
    <nd ref="249783205" />
    <nd ref="-30853" />
    <nd ref="-26334" />
    <nd ref="-26392" />
    <nd ref="-26338" />
    <nd ref="-30596" />
    <nd ref="7476477609" />
    <nd ref="-26621" />
    <nd ref="-26622" />
    <nd ref="-26624" />
    <nd ref="-26626" />
    <nd ref="1068064307" />
    <nd ref="-26784" />
    <nd ref="-26608" />
    <nd ref="-26609" />
    <nd ref="249783206" />
    <nd ref="-26630" />
    <nd ref="-26633" />
    <nd ref="-26636" />
    <nd ref="-26639" />
    <nd ref="249783207" />
    <nd ref="-26641" />
    <nd ref="-26647" />
    <nd ref="-26646" />
    <nd ref="-26649" />
    <nd ref="-26652" />
    <nd ref="-26756" />
    <nd ref="-26653" />
    <nd ref="1068064227" />
    <nd ref="-26296" />
    <nd ref="-30094" />
    <nd ref="-27900" />
    <nd ref="-30852" />
    <nd ref="7476487334" />
    <nd ref="249783204" />
    <tag k="addr:city" v="Potsdam" />
    <tag k="addr:country" v="DE" />
    <tag k="addr:housenumber" v="89" />
    <tag k="addr:postcode" v="14482" />
    <tag k="addr:street" v="August-Bebel-Straße" />
    <tag k="addr:suburb" v="Babelsberg Süd" />
    <tag k="building" v="university" />
    <tag k="building:colour" v="red" />
    <tag k="building:levels" v="2" />
    <tag k="building:use" v="research" />
    <tag k="name" v="Haus K" />
    <tag k="operator" v="Hasso-Plattner-Institut für Digital Engineering gGmbH" />
    <tag k="operator:type" v="private" />
    <tag k="operator:wikidata" v="Q884105" />
    <tag k="owner" v="Hasso Plattner Förderstiftung gGmbH" />
    <tag k="roof:shape" v="flat" />
    <tag k="type" v="building" />
    <tag k="website" v="https://hpi.de" />
    <tag k="wheelchair" v="yes" />
    <tag k="poi_ids" v="-35268;-35304;-35328;-35345;-35386;-35403;-35546;-35562;-35648;-35667" />
  </way>
  <way id="23133702" timestamp="2025-02-10T16:19:07Z" uid="20888446" user="osm-bd9c0c" version="21" changeset="162357792">
    <nd ref="249783208" />
    <nd ref="11669607549" />
    <nd ref="11669607547" />
    <nd ref="11669607546" />
    <nd ref="11669607548" />
    <nd ref="249783209" />
    <nd ref="249783210" />
    <nd ref="249783211" />
    <nd ref="249783213" />
    <nd ref="11669621969" />
    <nd ref="11669607564" />
    <nd ref="11669607563" />
    <nd ref="11669607559" />
    <nd ref="11669607554" />
    <nd ref="11669607555" />
    <nd ref="11669607556" />
    <nd ref="11669607557" />
    <nd ref="11669607558" />
    <nd ref="11669607560" />
    <nd ref="3986243911" />
    <nd ref="11669607561" />
    <nd ref="11669607550" />
    <nd ref="11669607552" />
    <nd ref="11669607551" />
    <nd ref="11669607553" />
    <nd ref="11669607562" />
    <nd ref="7483738519" />
    <nd ref="11669607565" />
    <nd ref="11669607568" />
    <nd ref="11669607567" />
    <nd ref="11669607566" />
    <nd ref="249783214" />
    <nd ref="249783208" />
    <tag k="addr:city" v="Potsdam" />
    <tag k="addr:country" v="DE" />
    <tag k="addr:housename" v="89" />
    <tag k="addr:postcode" v="14482" />
    <tag k="addr:street" v="August-Bebel-Straße" />
    <tag k="alt_name" v="Haus 5" />
    <tag k="amenity" v="library" />
    <tag k="building" v="university" />
    <tag k="building:levels" v="1" />
    <tag k="check_date" v="2025-02-10" />
    <tag k="contact:email" v="infobb@uni-potsdam.de" />
    <tag k="contact:phone" v="+49 331 977 3311" />
    <tag k="contact:website" v="https://www.ub.uni-potsdam.de/de/" />
    <tag k="name" v="Universitätsbibliothek Potsdam" />
    <tag k="opening_hours" v="Mo-Th 09:00-21:00; Fr 09:00-18:00; Sa 10:00-18:00" />
    <tag k="opening_hours:url" v="http://www.ub.uni-potsdam.de/benutzung/standorte-und-oeffnungszeiten/oeffnungszeiten-und-servicezeiten.html" />
    <tag k="operator" v="Universität Potsdam" />
    <tag k="operator:type" v="public" />
    <tag k="operator:wikidata" v="Q153012" />
    <tag k="operator:wikipedia" v="de:Universität Potsdam" />
    <tag k="roof:levels" v="0" />
    <tag k="roof:shape" v="many" />
    <tag k="toilets:wheelchair" v="yes" />
    <tag k="wheelchair" v="yes" />
  </way>
  <way id="23133703" timestamp="2024-02-27T17:35:51Z" uid="1468248" user="PantherStrix" version="18" changeset="147983389">
    <nd ref="249783216" />
    <nd ref="249783217" />
    <nd ref="249783219" />
    <nd ref="11669621983" />
    <nd ref="11669621981" />
    <nd ref="4206043585" />
    <nd ref="11669621980" />
    <nd ref="11669621982" />
    <nd ref="11669621985" />
    <nd ref="11669621984" />
    <nd ref="249783220" />
    <nd ref="249783221" />
    <nd ref="11669621988" />
    <nd ref="11669621989" />
    <nd ref="11669621992" />
    <nd ref="11669621991" />
    <nd ref="3986243910" />
    <nd ref="11669621990" />
    <nd ref="11669621993" />
    <nd ref="11669621987" />
    <nd ref="11669621986" />
    <nd ref="249783222" />
    <nd ref="249783223" />
    <nd ref="249783224" />
    <nd ref="249783216" />
    <tag k="building" v="university" />
    <tag k="building:levels" v="1" />
    <tag k="name" v="HPI Hörsaalgebäude" />
    <tag k="operator" v="Hasso-Plattner-Institut für Digital Engineering gGmbH" />
    <tag k="operator:type" v="private" />
    <tag k="operator:wikidata" v="Q884105" />
    <tag k="roof:shape" v="flat" />
    <tag k="wheelchair" v="limited" />
  </way>
  <way id="23133704" timestamp="2025-04-17T08:01:51Z" uid="66391" user="geozeisig" version="35" changeset="165058540">
    <nd ref="249783225" />
    <nd ref="4206050076" />
    <nd ref="5329585056" />
    <nd ref="5329585057" />
    <nd ref="5329585058" />
    <nd ref="4206050073" />
    <nd ref="994520547" />
    <nd ref="420646837" />
    <nd ref="5329585059" />
    <nd ref="5329585061" />
    <nd ref="5329585060" />
    <nd ref="5329585072" />
    <nd ref="5329585073" />
    <nd ref="5329585074" />
    <nd ref="994520508" />
    <nd ref="5329585075" />
    <nd ref="5329585078" />
    <nd ref="5329585079" />
    <nd ref="4206050070" />
    <nd ref="3986243909" />
    <nd ref="249783238" />
    <nd ref="249783239" />
    <nd ref="249783240" />
    <nd ref="249783241" />
    <nd ref="4206050072" />
    <nd ref="1038356845" />
    <nd ref="1038356835" />
    <nd ref="1038356843" />
    <nd ref="1038356850" />
    <nd ref="4206050071" />
    <nd ref="249783242" />
    <nd ref="249783244" />
    <nd ref="249783245" />
    <nd ref="420646832" />
    <nd ref="1038356841" />
    <nd ref="7476350748" />
    <nd ref="249783225" />
    <tag k="addr:city" v="Potsdam" />
    <tag k="addr:country" v="DE" />
    <tag k="addr:housename" v="HPI Haus ABC" />
    <tag k="addr:housenumber" v="2-3" />
    <tag k="addr:postcode" v="14482" />
    <tag k="addr:street" v="Prof.-Dr.-Helmert-Straße" />
    <tag k="addr:suburb" v="Babelsberg Süd" />
    <tag k="building" v="university" />
    <tag k="building:levels" v="3" />
    <tag k="check_date" v="2024-03-26" />
    <tag k="name" v="HPI ABC-Gebäude" />
    <tag k="operator" v="Hasso-Plattner-Institut für Digital Engineering gGmbH" />
    <tag k="operator:type" v="private" />
    <tag k="operator:wikidata" v="Q884105" />
    <tag k="roof:shape" v="flat" />
  </way>
  <way id="23133705" timestamp="2025-04-17T08:01:51Z" uid="66391" user="geozeisig" version="37" changeset="165058540">
    <nd ref="249783247" />
    <nd ref="4868435247" />
    <nd ref="4868435246" />
    <nd ref="12623246423" />
    <nd ref="12623246424" />
    <nd ref="1123753907" />
    <nd ref="12623246427" />
    <nd ref="6846250400" />
    <nd ref="12623246445" />
    <nd ref="12623246426" />
    <nd ref="926893992" />
    <nd ref="12623246444" />
    <nd ref="12623246443" />
    <nd ref="249783251" />
    <nd ref="249783252" />
    <nd ref="4866140065" />
    <nd ref="249783254" />
    <nd ref="1014280965" />
    <nd ref="1014280972" />
    <nd ref="12623246442" />
    <nd ref="1014280993" />
    <nd ref="267473659" />
    <nd ref="6846250398" />
    <nd ref="249783255" />
    <nd ref="922292270" />
    <nd ref="1014280967" />
    <nd ref="1014281006" />
    <nd ref="249783256" />
    <nd ref="1014281016" />
    <nd ref="1014281025" />
    <nd ref="922330052" />
    <nd ref="1068064215" />
    <nd ref="1014281013" />
    <nd ref="1014281020" />
    <nd ref="1014280998" />
    <nd ref="1014281024" />
    <nd ref="12623246441" />
    <nd ref="12623246440" />
    <nd ref="12623246439" />
    <nd ref="12623246438" />
    <nd ref="12623246437" />
    <nd ref="1014281002" />
    <nd ref="1014281005" />
    <nd ref="1014280984" />
    <nd ref="1014280995" />
    <nd ref="922289554" />
    <nd ref="922289555" />
    <nd ref="4866140052" />
    <nd ref="12623246436" />
    <nd ref="4874646944" />
    <nd ref="249783258" />
    <nd ref="249783260" />
    <nd ref="249783261" />
    <nd ref="4866140060" />
    <nd ref="4866140059" />
    <nd ref="249783263" />
    <nd ref="249783264" />
    <nd ref="249783266" />
    <nd ref="1014281017" />
    <nd ref="1014280997" />
    <nd ref="922335614" />
    <nd ref="12623246435" />
    <nd ref="12623246434" />
    <nd ref="1014281004" />
    <nd ref="1014281001" />
    <nd ref="12623246433" />
    <nd ref="12623246432" />
    <nd ref="4866140047" />
    <nd ref="12623246431" />
    <nd ref="12623246430" />
    <nd ref="1014280987" />
    <nd ref="12623246405" />
    <nd ref="1014280986" />
    <nd ref="12623246429" />
    <nd ref="12623246428" />
    <nd ref="1014280980" />
    <nd ref="1014280978" />
    <nd ref="1068064274" />
    <nd ref="11324758193" />
    <nd ref="249783247" />
    <tag k="addr:city" v="Potsdam" />
    <tag k="addr:country" v="DE" />
    <tag k="addr:housename" v="Haus 1" />
    <tag k="addr:housenumber" v="89" />
    <tag k="addr:postcode" v="14482" />
    <tag k="addr:street" v="August-Bebel-Straße" />
    <tag k="addr:suburb" v="Babelsberg Süd" />
    <tag k="architect" v="Norbert Demmel;Emil Fahrenkamp" />
    <tag k="bldam:criteria" v="Baudenkmal" />
    <tag k="building" v="university" />
    <tag k="building:levels" v="3.5" />
    <tag k="building:material" v="plaster" />
    <tag k="description" v="Hörsäle, Seminarräume - Juristische Fakultät - Mensa - MenschenRechtsZentrum - Wirtschafts- und Sozialwissenschaftliche Fakultät - ZIM - Zentrum für Informationstechnologie" />
    <tag k="email" v="dekanatjura@uni-potsdam.de" />
    <tag k="fax" v="+49 331 9773297" />
    <tag k="heritage" v="4" />
    <tag k="heritage:operator" v="bldam" />
    <tag k="heritage:website" v="https://ns.gis-bldam-brandenburg.de/hida4web/view?docId=obj09156118.xml" />
    <tag k="name" v="Haus 1" />
    <tag k="name:1943-1945" v="Präsidial- und Verwaltungsgebäude des Deutschen Roten Kreuzes" />
    <tag k="name:1945-1946" v="Oberkommando der Sowjetischen Streitkräfte in Deutschland" />
    <tag k="name:1952-1953" v="Deutsche Verwaltungsakademie Walter Ulbricht" />
    <tag k="name:1953-1990" v="Deutsche Akademie für Staats- und Rechtswissenschaft 'Walter Ulbricht'" />
    <tag k="name:1990-1991" v="Hochschule für Recht und Verwaltung" />
    <tag k="operator" v="Universität Potsdam" />
    <tag k="operator:type" v="public" />
    <tag k="operator:wikidata" v="Q153012" />
    <tag k="operator:wikipedia" v="de:Universität Potsdam" />
    <tag k="phone" v="+49 331 977320" />
    <tag k="ref:bldam" v="09156118" />
    <tag k="roof:levels" v="0.5" />
    <tag k="roof:material" v="roof_tiles" />
    <tag k="roof:shape" v="hipped" />
    <tag k="website" v="https://www.uni-potsdam.de/de/jura/" />
    <tag k="wheelchair" v="limited" />
    <tag k="wikidata" v="Q118309887" />
    <tag k="wikimedia_commons" v="Category:Ehemaliges Präsidialgebäude des Deutschen Roten Kreuzes" />
    <tag k="year_of_construction" v="1939..1940" />
  </way>
  <way id="23133706" timestamp="2025-04-17T08:01:51Z" uid="66391" user="geozeisig" version="21" changeset="165058540">
    <nd ref="249783267" />
    <nd ref="11669622031" />
    <nd ref="11669622029" />
    <nd ref="5793712874" />
    <nd ref="11669622028" />
    <nd ref="11669622030" />
    <nd ref="249783268" />
    <nd ref="1014281007" />
    <nd ref="1014280999" />
    <nd ref="11669622027" />
    <nd ref="11669622024" />
    <nd ref="11669622025" />
    <nd ref="11669622026" />
    <nd ref="249783270" />
    <nd ref="11669622034" />
    <nd ref="11669622033" />
    <nd ref="5761733043" />
    <nd ref="11669622032" />
    <nd ref="11669622035" />
    <nd ref="249783271" />
    <nd ref="11669622022" />
    <nd ref="1014280962" />
    <nd ref="1014281000" />
    <nd ref="249783267" />
    <tag k="addr:city" v="Potsdam" />
    <tag k="addr:country" v="DE" />
    <tag k="addr:housename" v="Haus 2" />
    <tag k="addr:housenumber" v="2" />
    <tag k="addr:postcode" v="14482" />
    <tag k="addr:street" v="Prof.-Dr.-Helmert-Straße" />
    <tag k="addr:suburb" v="Babelsberg Süd" />
    <tag k="building" v="university" />
    <tag k="building:levels" v="3" />
    <tag k="contact:email" v="wisodek@uni-potsdam.de" />
    <tag k="contact:website" v="https://www.uni-potsdam.de/de/wiso/" />
    <tag k="name" v="Wirtschafts- und Sozialwissenschaftliche Fakultät" />
    <tag k="operator" v="Universität Potsdam" />
    <tag k="operator:type" v="public" />
    <tag k="operator:wikidata" v="Q153012" />
    <tag k="operator:wikipedia" v="de:Universität Potsdam" />
    <tag k="roof:levels" v="2" />
    <tag k="roof:material" v="roof_tiles" />
    <tag k="roof:shape" v="hipped" />
    <tag k="wheelchair" v="no" />
  </way>
  <way id="23133707" timestamp="2025-04-17T08:01:51Z" uid="66391" user="geozeisig" version="21" changeset="165058540">
    <nd ref="11669622015" />
    <nd ref="249783274" />
    <nd ref="420646846" />
    <nd ref="249783276" />
    <nd ref="1037530861" />
    <nd ref="1037530857" />
    <nd ref="1037530859" />
    <nd ref="1037530868" />
    <nd ref="249783277" />
    <nd ref="11669622016" />
    <nd ref="11669622018" />
    <nd ref="420646901" />
    <nd ref="11669622019" />
    <nd ref="11669622017" />
    <nd ref="11669622015" />
    <tag k="addr:city" v="Potsdam" />
    <tag k="addr:country" v="DE" />
    <tag k="addr:housename" v="Haus 3" />
    <tag k="addr:housenumber" v="3" />
    <tag k="addr:postcode" v="14482" />
    <tag k="addr:street" v="Prof.-Dr.-Helmert-Straße" />
    <tag k="addr:suburb" v="Babelsberg Süd" />
    <tag k="building" v="university" />
    <tag k="building:levels" v="2" />
    <tag k="contact:email" v="wisodek@uni-potsdam.de" />
    <tag k="contact:website" v="https://www.uni-potsdam.de/de/wiso/" />
    <tag k="name" v="Wirtschafts- und Sozialwissenschaftliche Fakultät" />
    <tag k="operator" v="Universität Potsdam" />
    <tag k="operator:type" v="public" />
    <tag k="operator:wikidata" v="Q153012" />
    <tag k="operator:wikipedia" v="de:Universität Potsdam" />
    <tag k="roof:levels" v="2" />
    <tag k="roof:material" v="roof_tiles" />
    <tag k="roof:shape" v="gabled" />
    <tag k="wheelchair" v="no" />
  </way>
  <way id="23133708" timestamp="2025-04-17T08:01:51Z" uid="66391" user="geozeisig" version="18" changeset="165058540">
    <nd ref="249783278" />
    <nd ref="9481748350" />
    <nd ref="9481748348" />
    <nd ref="9481748347" />
    <nd ref="9481748349" />
    <nd ref="249783280" />
    <nd ref="9481748352" />
    <nd ref="9481748351" />
    <nd ref="2122554821" />
    <nd ref="1119264892" />
    <nd ref="9481748353" />
    <nd ref="9481748354" />
    <nd ref="249783281" />
    <nd ref="9481748355" />
    <nd ref="9481748357" />
    <nd ref="8676268327" />
    <nd ref="9481748358" />
    <nd ref="9481748356" />
    <nd ref="249783284" />
    <nd ref="249783285" />
    <nd ref="249783287" />
    <nd ref="1119264969" />
    <nd ref="1119264990" />
    <nd ref="8676268326" />
    <nd ref="1119264949" />
    <nd ref="1119265032" />
    <nd ref="249783288" />
    <nd ref="249783289" />
    <nd ref="249783278" />
    <tag k="addr:city" v="Potsdam" />
    <tag k="addr:country" v="DE" />
    <tag k="addr:housenumber" v="88" />
    <tag k="addr:postcode" v="14482" />
    <tag k="addr:street" v="August-Bebel-Straße" />
    <tag k="addr:suburb" v="Babelsberg Süd" />
    <tag k="architect" v="Otto March" />
    <tag k="architect:wikidata" v="Q96239" />
    <tag k="architect:wikipedia" v="de:Otto March" />
    <tag k="bldam:criteria" v="Baudenkmal" />
    <tag k="building" v="university" />
    <tag k="building:architecture" v="neo-baroque" />
    <tag k="building:colour" v="red" />
    <tag k="building:levels" v="1.5" />
    <tag k="building:material" v="brick" />
    <tag k="description" v="Ehemals Invalidenheim der Kaiser-Wilhelm-Stiftung für deutsche Invaliden" />
    <tag k="heritage" v="4" />
    <tag k="heritage:operator" v="bldam" />
    <tag k="heritage:website" v="https://ns.gis-bldam-brandenburg.de/hida4web/view?docId=obj09156117.xml" />
    <tag k="name" v="HPI Villa" />
    <tag k="old_name" v="Kaiser-Wilhelm-Stiftung für deutsche Invaliden" />
    <tag k="operator" v="Hasso-Plattner-Institut für Digital Engineering gGmbH" />
    <tag k="operator:type" v="private" />
    <tag k="operator:wikidata" v="Q884105" />
    <tag k="ref:bldam" v="09156117" />
    <tag k="roof:colour" v="red" />
    <tag k="roof:levels" v="2" />
    <tag k="roof:material" v="roof_tiles" />
    <tag k="roof:shape" v="mansard" />
    <tag k="start_date" v="1890" />
    <tag k="year_of_construction" v="1890" />
  </way>
  <way id="24605639" timestamp="2025-04-17T08:01:51Z" uid="66391" user="geozeisig" version="34" changeset="165058540">
    <nd ref="267473659" />
    <nd ref="6846250398" />
    <nd ref="249783255" />
    <nd ref="922292270" />
    <nd ref="922292273" />
    <nd ref="11324758207" />
    <nd ref="1068064193" />
    <nd ref="922292275" />
    <nd ref="922330058" />
    <nd ref="4876143696" />
    <nd ref="922292276" />
    <nd ref="922292277" />
    <nd ref="922333280" />
    <nd ref="922334015" />
    <nd ref="922289553" />
    <nd ref="922335063" />
    <nd ref="922289554" />
    <nd ref="922289555" />
    <nd ref="1014281008" />
    <nd ref="1014280975" />
    <nd ref="922289556" />
    <nd ref="267473660" />
    <nd ref="922289557" />
    <nd ref="922288950" />
    <nd ref="5761775412" />
    <nd ref="922288954" />
    <nd ref="420646876" />
    <nd ref="267473661" />
    <nd ref="5761775411" />
    <nd ref="922286126" />
    <nd ref="922286128" />
    <nd ref="2781520747" />
    <nd ref="5761775410" />
    <nd ref="5793712879" />
    <nd ref="922286129" />
    <nd ref="267473662" />
    <nd ref="1014280982" />
    <nd ref="1014281014" />
    <nd ref="922286130" />
    <nd ref="4866140062" />
    <nd ref="1014281003" />
    <nd ref="1014280993" />
    <nd ref="267473659" />
    <tag k="addr:city" v="Potsdam" />
    <tag k="addr:country" v="DE" />
    <tag k="addr:housename" v="Haus 6" />
    <tag k="addr:housenumber" v="89" />
    <tag k="addr:postcode" v="14482" />
    <tag k="addr:street" v="August-Bebel-Straße" />
    <tag k="addr:suburb" v="Babelsberg Süd" />
    <tag k="building" v="university" />
    <tag k="building:levels" v="3" />
    <tag k="building:material" v="brick" />
    <tag k="description" v="- Hörsaalgebäude - Studienbüro der Juristischen Fakultät - Zentrum für Sprachen und Schlüsselkompetenzen - ZIM - Zentrum für Informationstechnologie und Medienmanagement" />
    <tag k="name" v="Hörsaal- und Seminargebäude, Sprachenzentrum" />
    <tag k="operator" v="Universität Potsdam" />
    <tag k="operator:type" v="public" />
    <tag k="operator:wikidata" v="Q153012" />
    <tag k="operator:wikipedia" v="de:Universität Potsdam" />
    <tag k="roof:shape" v="flat" />
    <tag k="wheelchair" v="yes" />
    <tag k="wikidata" v="Q120892476" />
  </way>
  <way id="79086692" timestamp="2020-02-12T19:57:43Z" uid="10758523" user="KartoffelOS" version="5" changeset="80921809">
    <nd ref="924215612" />
    <nd ref="924215613" />
    <nd ref="924215614" />
    <nd ref="924215615" />
    <nd ref="924215612" />
    <tag k="building" v="university" />
    <tag k="building:levels" v="1" />
    <tag k="nohousenumber" v="yes" />
    <tag k="roof:levels" v="2" />
    <tag k="roof:shape" v="half-hipped" />
    <tag k="name" v="Universitätsgebäude" />
  </way>
  <way id="79387302" timestamp="2025-04-17T08:01:51Z" uid="66391" user="geozeisig" version="26" changeset="165058540">
    <nd ref="1068064217" />
    <nd ref="1068064219" />
    <nd ref="1737829965" />
    <nd ref="1068064198" />
    <nd ref="1737829966" />
    <nd ref="1737829967" />
    <nd ref="1068064262" />
    <nd ref="1068064341" />
    <nd ref="1068064371" />
    <nd ref="4206050064" />
    <nd ref="926859410" />
    <nd ref="994059607" />
    <nd ref="7476350749" />
    <nd ref="3986243907" />
    <nd ref="1737829964" />
    <nd ref="4876143630" />
    <nd ref="4876143631" />
    <nd ref="926859440" />
    <nd ref="4876143629" />
    <nd ref="926859449" />
    <nd ref="4876143628" />
    <nd ref="4876143627" />
    <nd ref="3986243908" />
    <nd ref="4876143626" />
    <nd ref="4876143625" />
    <nd ref="4876143624" />
    <nd ref="926859452" />
    <nd ref="1068064217" />
    <tag k="addr:city" v="Potsdam" />
    <tag k="addr:country" v="DE" />
    <tag k="addr:housename" v="Hauptgebäude" />
    <tag k="addr:housenumber" v="2-3" />
    <tag k="addr:postcode" v="14482" />
    <tag k="addr:street" v="Prof.-Dr.-Helmert-Straße" />
    <tag k="addr:suburb" v="Babelsberg Süd" />
    <tag k="building" v="university" />
    <tag k="building:levels" v="4" />
    <tag k="check_date" v="2024-03-26" />
    <tag k="name" v="HPI Hauptgebäude" />
    <tag k="name:en" v="HPI Main Building" />
    <tag k="operator" v="Hasso-Plattner-Institut für Digital Engineering gGmbH" />
    <tag k="operator:type" v="private" />
    <tag k="operator:wikidata" v="Q884105" />
    <tag k="roof:shape" v="flat" />
    <tag k="wheelchair" v="yes" />
  </way>
  <way id="79813023" timestamp="2021-04-28T12:36:12Z" uid="13196718" user="kapybara" version="16" changeset="103777341">
    <nd ref="931636326" />
    <nd ref="2122561538" />
    <nd ref="931636327" />
    <nd ref="931636328" />
    <nd ref="931636329" />
    <nd ref="931636326" />
    <tag k="building" v="university" />
    <tag k="building:levels" v="3" />
    <tag k="name" v="Haus D" />
    <tag k="operator" v="Hasso-Plattner-Institut für Digital Engineering gGmbH" />
    <tag k="operator:type" v="private" />
    <tag k="operator:wikidata" v="Q884105" />
    <tag k="roof:levels" v="0" />
    <tag k="roof:shape" v="flat" />
  </way>
  <way id="190868129" timestamp="2025-04-18T06:15:33Z" uid="66391" user="geozeisig" version="13" changeset="165096787">
    <nd ref="2014738325" />
    <nd ref="2014738234" />
    <nd ref="2014738240" />
    <nd ref="2014738102" />
    <nd ref="9215892553" />
    <nd ref="9215892552" />
    <nd ref="9215892554" />
    <nd ref="9215892555" />
    <nd ref="2014738099" />
    <nd ref="2014738205" />
    <nd ref="2014738211" />
    <nd ref="2014738288" />
    <nd ref="2014738296" />
    <nd ref="2014738222" />
    <nd ref="9215892551" />
    <nd ref="9215892550" />
    <nd ref="9215892544" />
    <nd ref="9215892545" />
    <nd ref="3811283549" />
    <nd ref="9215892546" />
    <nd ref="9215892547" />
    <nd ref="9215892548" />
    <nd ref="9215892549" />
    <nd ref="2014738229" />
    <nd ref="2014738318" />
    <nd ref="2014738325" />
    <tag k="addr:city" v="Potsdam" />
    <tag k="addr:country" v="DE" />
    <tag k="addr:housename" v="G2" />
    <tag k="addr:housenumber" v="187" />
    <tag k="addr:postcode" v="14482" />
    <tag k="addr:street" v="Rudolf-Breitscheid-Straße" />
    <tag k="addr:suburb" v="Babelsberg Nord" />
    <tag k="building" v="university" />
    <tag k="building:levels" v="4" />
    <tag k="name" v="Haus G-2" />
    <tag k="roof:shape" v="flat" />
  </way>
  <way id="202282411" timestamp="2021-04-28T12:36:12Z" uid="13196718" user="kapybara" version="11" changeset="103777341">
    <nd ref="1119264892" />
    <nd ref="2122561528" />
    <nd ref="2122554827" />
    <nd ref="2122554823" />
    <nd ref="2122554824" />
    <nd ref="2122554822" />
    <nd ref="2122554826" />
    <nd ref="2122554825" />
    <nd ref="2122554821" />
    <nd ref="1119264892" />
    <tag k="building" v="university" />
    <tag k="building:levels" v="3" />
    <tag k="name" v="Haus E" />
    <tag k="operator" v="Hasso-Plattner-Institut für Digital Engineering gGmbH" />
    <tag k="operator:type" v="private" />
    <tag k="operator:wikidata" v="Q884105" />
    <tag k="roof:shape" v="flat" />
  </way>
  <way id="495731455" timestamp="2021-04-28T12:22:38Z" uid="13196718" user="kapybara" version="9" changeset="103776374">
    <nd ref="4874646833" />
    <nd ref="4874646832" />
    <nd ref="8676268329" />
    <nd ref="4874646831" />
    <nd ref="4874646830" />
    <nd ref="4874646833" />
    <tag k="building" v="university" />
    <tag k="building:levels" v="3" />
    <tag k="name" v="Haus F" />
    <tag k="operator" v="Hasso-Plattner-Institut für Digital Engineering gGmbH" />
    <tag k="operator:type" v="private" />
    <tag k="operator:wikidata" v="Q884105" />
    <tag k="roof:levels" v="0" />
    <tag k="roof:shape" v="flat" />
  </way>
  <way id="496343326" timestamp="2025-04-18T06:15:46Z" uid="66391" user="geozeisig" version="5" changeset="165096787">
    <nd ref="2014738318" />
    <nd ref="2014738312" />
    <nd ref="3811289163" />
    <nd ref="2014738394" />
    <nd ref="2014738397" />
    <nd ref="2014738331" />
    <nd ref="2014738325" />
    <nd ref="2014738318" />
    <tag k="addr:city" v="Potsdam" />
    <tag k="addr:country" v="DE" />
    <tag k="addr:housenumber" v="189" />
    <tag k="addr:postcode" v="14482" />
    <tag k="addr:street" v="Rudolf-Breitscheid-Straße" />
    <tag k="addr:suburb" v="Babelsberg Nord" />
    <tag k="building" v="university" />
    <tag k="building:levels" v="2" />
    <tag k="name" v="Haus G-1" />
    <tag k="roof:levels" v="1" />
    <tag k="roof:shape" v="mansard" />
  </way>
  <way id="496343327" timestamp="2025-04-18T06:15:46Z" uid="66391" user="geozeisig" version="6" changeset="165096787">
    <nd ref="2014738288" />
    <nd ref="2014738276" />
    <nd ref="2014738385" />
    <nd ref="2014738391" />
    <nd ref="3811289158" />
    <nd ref="2014738306" />
    <nd ref="2014738296" />
    <nd ref="2014738288" />
    <tag k="addr:city" v="Potsdam" />
    <tag k="addr:country" v="DE" />
    <tag k="addr:housenumber" v="185" />
    <tag k="addr:postcode" v="14482" />
    <tag k="addr:street" v="Rudolf-Breitscheid-Straße" />
    <tag k="addr:suburb" v="Babelsberg Nord" />
    <tag k="building" v="university" />
    <tag k="building:levels" v="2" />
    <tag k="name" v="Haus G-3" />
    <tag k="operator" v="Hasso-Plattner-Institut" />
    <tag k="roof:levels" v="1" />
    <tag k="roof:shape" v="mansard" />
  </way>
  <way id="755593166" timestamp="2026-02-12T16:57:16Z" uid="23814409" user="wheelmap_survey_imports" version="14" changeset="178467077">
    <nd ref="1038395560" />
    <nd ref="7057689136" />
    <nd ref="1038395589" />
    <nd ref="1038395604" />
    <nd ref="7057689134" />
    <nd ref="1038395554" />
    <nd ref="11030670262" />
    <nd ref="11030670264" />
    <nd ref="11030670263" />
    <nd ref="7057689098" />
    <nd ref="1038395601" />
    <nd ref="1038395541" />
    <nd ref="1038395567" />
    <nd ref="11030670266" />
    <nd ref="11030670265" />
    <nd ref="11030670261" />
    <nd ref="955135701" />
    <nd ref="1038395560" />
    <tag k="addr:city" v="Potsdam" />
    <tag k="addr:country" v="DE" />
    <tag k="addr:housenumber" v="201" />
    <tag k="addr:postcode" v="14482" />
    <tag k="addr:street" v="Rudolf-Breitscheid-Straße" />
    <tag k="addr:suburb" v="Babelsberg Nord" />
    <tag k="amenity" v="cafe" />
    <tag k="description" v="Local coffee roastery and café" />
    <tag k="hearing_loop" v="no" />
    <tag k="indoor" v="room" />
    <tag k="level" v="0" />
    <tag k="name" v="Buena Vida Coffee Roasters" />
    <tag k="opening_hours" v="Mo-Fr 07:00-17:00; Sa,Su 10:00-17:00" />
    <tag k="room" v="shop" />
    <tag k="tactile_paving" v="no" />
    <tag k="tactile_writing:braille" v="no" />
    <tag k="website" v="https://buenavidacoffee.de/" />
    <tag k="wheelchair" v="yes" />
  </way>
  <way id="755593171" timestamp="2025-04-18T06:15:48Z" uid="66391" user="geozeisig" version="20" changeset="165096787">
    <nd ref="1038395639" />
    <nd ref="7057689120" />
    <nd ref="1038395558" />
    <nd ref="1038395625" />
    <nd ref="7057689121" />
    <nd ref="1038395663" />
    <nd ref="1038395661" />
    <nd ref="11030670257" />
    <nd ref="11030670258" />
    <nd ref="1038395629" />
    <nd ref="1038395593" />
    <nd ref="1038395635" />
    <nd ref="11030670259" />
    <nd ref="11030670260" />
    <nd ref="4812003456" />
    <nd ref="1038395583" />
    <nd ref="11030670245" />
    <nd ref="1038395639" />
    <tag k="addr:city" v="Potsdam" />
    <tag k="addr:country" v="DE" />
    <tag k="addr:housenumber" v="201" />
    <tag k="addr:postcode" v="14482" />
    <tag k="addr:street" v="Rudolf-Breitscheid-Straße" />
    <tag k="addr:suburb" v="Babelsberg Nord" />
    <tag k="amenity" v="restaurant" />
    <tag k="brewery" v="Benediktiner" />
    <tag k="brewery:Pils" v="Bitburger" />
    <tag k="changing_table" v="yes" />
    <tag k="contact:email" v="fiestamexicanapotsdam@gmail.com" />
    <tag k="contact:facebook" v="https://www.facebook.com/people/Fiesta-Mexicana/61556264864610/" />
    <tag k="contact:phone" v="+49 331 70427942" />
    <tag k="contact:website" v="https://fiesta-mexicana.eatbu.com/" />
    <tag k="cuisine" v="mexican" />
    <tag k="diet:vegetarian" v="yes" />
    <tag k="drink:beer" v="yes" />
    <tag k="drink:coffee" v="yes" />
    <tag k="drink:cognac" v="yes" />
    <tag k="drink:gin" v="yes" />
    <tag k="drink:hot_chocolate" v="yes" />
    <tag k="drink:juice" v="yes" />
    <tag k="drink:liquor" v="yes" />
    <tag k="drink:rum" v="yes" />
    <tag k="drink:soft_drink" v="yes" />
    <tag k="drink:sparkling_wine" v="yes" />
    <tag k="drink:tea" v="yes" />
    <tag k="drink:vodka" v="yes" />
    <tag k="drink:water" v="yes" />
    <tag k="drink:whisky" v="yes" />
    <tag k="drink:wine" v="yes" />
    <tag k="indoor" v="room" />
    <tag k="indoor_seating" v="yes" />
    <tag k="level" v="0" />
    <tag k="name" v="Fiesta Mexicana" />
    <tag k="old_name" v="zweihunderteins" />
    <tag k="opening_hours" v="Tu-Th 12:00-23:00; Fr-Su 12:00-24:00" />
    <tag k="opening_hours:kitchen" v="12:00-22:00" />
    <tag k="operator" v="Laß Biplob" />
    <tag k="operator:type" v="private" />
    <tag k="outdoor_seating" v="yes" />
    <tag k="payment:american_express" v="yes" />
    <tag k="payment:apple_pay" v="yes" />
    <tag k="payment:contactless" v="yes" />
    <tag k="payment:debit_cards" v="yes" />
    <tag k="payment:girocard" v="yes" />
    <tag k="payment:maestro" v="yes" />
    <tag k="payment:mastercard" v="yes" />
    <tag k="payment:paypal" v="yes" />
    <tag k="payment:visa" v="yes" />
    <tag k="room" v="restaurant" />
    <tag k="takeaway" v="yes" />
    <tag k="toilets" v="yes" />
    <tag k="toilets:wheelchair" v="limited" />
    <tag k="wheelchair" v="limited" />
  </way>
  <way id="755593174" timestamp="2025-04-18T06:15:48Z" uid="66391" user="geozeisig" version="6" changeset="165096787">
    <nd ref="7057689137" />
    <nd ref="1038395623" />
    <nd ref="2513869307" />
    <nd ref="7057689135" />
    <nd ref="446296164" />
    <nd ref="7057689138" />
    <nd ref="7057689137" />
    <tag k="addr:city" v="Potsdam" />
    <tag k="addr:country" v="DE" />
    <tag k="addr:housenumber" v="201" />
    <tag k="addr:postcode" v="14482" />
    <tag k="addr:street" v="Rudolf-Breitscheid-Straße" />
    <tag k="addr:suburb" v="Babelsberg Nord" />
    <tag k="check_date:opening_hours" v="2025-04-16" />
    <tag k="contact:email" v="mail@bahnland.info" />
    <tag k="contact:fax" v="+49 331 740 8819" />
    <tag k="contact:phone" v="+49 331 740 8818" />
    <tag k="contact:website" v="http://www.bahnland-online.de/" />
    <tag k="indoor" v="room" />
    <tag k="level" v="0" />
    <tag k="name" v="Bahnland" />
    <tag k="opening_hours" v="Mo-Fr 10:00-16:00" />
    <tag k="operator" v="Bahnland GmbH" />
    <tag k="operator:type" v="business" />
    <tag k="ref:vatin" v="DE201984716" />
    <tag k="room" v="shop" />
    <tag k="shop" v="travel_agency" />
    <tag k="wheelchair" v="yes" />
  </way>
  <way id="755593175" timestamp="2025-04-18T06:15:48Z" uid="66391" user="geozeisig" version="7" changeset="165096787">
    <nd ref="1038395542" />
    <nd ref="286831145" />
    <nd ref="7057689138" />
    <nd ref="7057689137" />
    <nd ref="8910129208" />
    <nd ref="1038395589" />
    <nd ref="7057689136" />
    <nd ref="1038395542" />
    <tag k="addr:city" v="Potsdam" />
    <tag k="addr:country" v="DE" />
    <tag k="addr:housenumber" v="201" />
    <tag k="addr:postcode" v="14482" />
    <tag k="addr:street" v="Rudolf-Breitscheid-Straße" />
    <tag k="addr:suburb" v="Babelsberg Nord" />
    <tag k="amenity" v="bicycle_rental" />
    <tag k="bicycle_rental" v="shop" />
    <tag k="check_date:opening_hours" v="2024-12-31" />
    <tag k="contact:email" v="mail@pedales.de" />
    <tag k="contact:facebook" v="https://www.facebook.com/PedalesTours/" />
    <tag k="contact:fax" v="+49 331 740 8819" />
    <tag k="contact:instagram" v="https://www.instagram.com/pedalespotsdam/" />
    <tag k="contact:phone" v="+49 331 748 0057" />
    <tag k="contact:tripadvisor" v="https://www.tripadvisor.de/Attraction_Review-g187330-d2236360-Reviews-Potsdam_per_Pedales-Potsdam_Brandenburg.html" />
    <tag k="contact:website" v="https://potsdam-per-pedales.de/" />
    <tag k="indoor" v="room" />
    <tag k="level" v="0" />
    <tag k="name" v="Potsdam per pedales" />
    <tag k="opening_hours" v="Apr-May,Sep-Oct Mo-Fr 09:00-18:30; Apr-May,Sep-Oct Sa,Su 09:00-19:00; Jun-Aug Mo-We,Fr 09:00-18:30; Jun-Aug Th 09:00-20:00; Jun-Aug Sa,Su 09:00-21:00" />
    <tag k="operator" v="Bahnland GmbH" />
    <tag k="operator:type" v="business" />
    <tag k="ref:vatin" v="DE201984716" />
    <tag k="room" v="shop" />
    <tag k="shop" v="rental" />
    <tag k="website" v="https://potsdam-per-pedales.de/" />
    <tag k="wheelchair" v="no" />
  </way>
  <way id="970133466" timestamp="2022-02-05T16:32:37Z" uid="1468248" user="PantherStrix" version="3" changeset="117049375">
    <nd ref="8977535604" />
    <nd ref="8977535603" />
    <nd ref="8977535602" />
    <nd ref="8977535601" />
    <nd ref="8977535604" />
    <tag k="building" v="university" />
    <tag k="roof:levels" v="0" />
    <tag k="roof:shape" v="flat" />
    <tag k="name" v="Universitätsgebäude" />
  </way>
  <way id="970133467" timestamp="2025-04-17T08:02:11Z" uid="66391" user="geozeisig" version="10" changeset="165058540">
    <nd ref="8977535608" />
    <nd ref="11634139801" />
    <nd ref="8977535605" />
    <nd ref="12339689144" />
    <nd ref="8977535606" />
    <nd ref="11634139786" />
    <nd ref="8977535607" />
    <nd ref="8977535601" />
    <nd ref="8977535602" />
    <nd ref="8977535608" />
    <tag k="addr:city" v="Potsdam" />
    <tag k="addr:country" v="DE" />
    <tag k="addr:housenumber" v="88" />
    <tag k="addr:postcode" v="14482" />
    <tag k="addr:street" v="August-Bebel-Straße" />
    <tag k="addr:suburb" v="Babelsberg Süd" />
    <tag k="building" v="university" />
    <tag k="building:levels" v="3" />
    <tag k="name" v="Haus L" />
    <tag k="roof:levels" v="0" />
    <tag k="roof:shape" v="flat" />
    <tag k="wheelchair" v="yes" />
  </way>
  <way id="970133468" timestamp="2022-02-05T16:32:40Z" uid="1468248" user="PantherStrix" version="3" changeset="117049375">
    <nd ref="8977535612" />
    <nd ref="8977535609" />
    <nd ref="8977535603" />
    <nd ref="8977535604" />
    <nd ref="8977535610" />
    <nd ref="8977535611" />
    <nd ref="8977535612" />
    <tag k="building" v="university" />
    <tag k="building:levels" v="3" />
    <tag k="roof:levels" v="0" />
    <tag k="roof:shape" v="flat" />
    <tag k="name" v="Universitätsgebäude" />
  </way>
  <node id="-26297" action="modify" lat="52.39350243043" lon="13.12974905507" />
  <node id="-26339" action="modify" lat="52.39353547276" lon="13.13050838435" />
  <node id="-26588" action="modify" lat="52.39349544827" lon="13.1303130928" />
  <node id="-26665" action="modify" lat="52.39333072436" lon="13.13033191455">
    <tag k="door" v="hinged" />
    <tag k="indoor" v="door" />
  </node>
  <node id="-26785" action="modify" lat="52.39330169832" lon="13.13033523113" />
  <node id="-26664" action="modify" lat="52.39326954736" lon="13.13033890476">
    <tag k="door" v="hinged" />
    <tag k="indoor" v="door" />
  </node>
  <node id="-26607" action="modify" lat="52.39325924012" lon="13.13034008249" />
  <node id="-33083" action="modify" lat="52.39325246023" lon="13.13042248163" />
  <node id="-32320" action="modify" lat="52.39324069845" lon="13.130148053">
    <tag k="door" v="hinged" />
    <tag k="indoor" v="door" />
  </node>
  <node id="-30148" action="modify" lat="52.39325168027" lon="13.13014704612" />
  <node id="-34522" action="modify" lat="52.39325221991" lon="13.13016117066" />
  <node id="-34496" action="modify" lat="52.39325271226" lon="13.13017405776" />
  <node id="-26612" action="modify" lat="52.39325320462" lon="13.13018694486" />
  <node id="-26655" action="modify" lat="52.39340972298" lon="13.13016735216">
    <tag k="door" v="hinged" />
    <tag k="indoor" v="door" />
  </node>
  <node id="-26757" action="modify" lat="52.39344523226" lon="13.13016290716" />
  <node id="-26654" action="modify" lat="52.39347468652" lon="13.13015922011">
    <tag k="door" v="hinged" />
    <tag k="indoor" v="door" />
  </node>
  <node id="-26582" action="modify" lat="52.39348890123" lon="13.13015744073" />
  <node id="-33005" action="modify" lat="52.39348982192" lon="13.13018007187">
    <tag k="door" v="hinged" />
    <tag k="indoor" v="door" />
  </node>
  <node id="-26734" action="modify" lat="52.39330599542" lon="13.13020784066">
    <tag k="door" v="hinged" />
    <tag k="indoor" v="door" />
  </node>
  <node id="-26722" action="modify" lat="52.39330090335" lon="13.13020839997" />
  <node id="-26613" action="modify" lat="52.39325394612" lon="13.1302135577" />
  <node id="-26614" action="modify" lat="52.39325852403" lon="13.13031309276" />
  <node id="-26721" action="modify" lat="52.39330540509" lon="13.13030723859" />
  <node id="-26735" action="modify" lat="52.39331047501" lon="13.13030660549">
    <tag k="door" v="hinged" />
    <tag k="indoor" v="door" />
  </node>
  <node id="-26587" action="modify" lat="52.39349401617" lon="13.13028383983" />
  <node id="-32917" action="modify" lat="52.39349509024" lon="13.13030577956">
    <tag k="door" v="hinged" />
    <tag k="indoor" v="door" />
  </node>
  <node id="-34970" action="modify" lat="52.39346907139" lon="13.13023103376">
    <tag k="door" v="hinged" />
    <tag k="indoor" v="door" />
  </node>
  <node id="-28145" action="modify" lat="52.3934686461" lon="13.13022047265" />
  <node id="-28163" action="modify" lat="52.39345698404" lon="13.13022181375" />
  <node id="-28164" action="modify" lat="52.39345565135" lon="13.13019140257" />
  <node id="-28170" action="modify" lat="52.39344471945" lon="13.13027948">
    <tag k="door" v="hinged" />
    <tag k="indoor" v="door" />
  </node>
  <node id="-28171" action="modify" lat="52.39344514458" lon="13.13028978889" />
  <node id="-28172" action="modify" lat="52.39345946122" lon="13.13028800112" />
  <node id="-28173" action="modify" lat="52.393458086" lon="13.13025163492">
    <tag k="door" v="hinged" />
    <tag k="indoor" v="door" />
  </node>
  <node id="-28174" action="modify" lat="52.39345777686" lon="13.13024346001" />
  <node id="-28147" action="modify" lat="52.39346951043" lon="13.13024193641" />
  <node id="-28146" action="modify" lat="52.39346907804" lon="13.13023119902">
    <tag k="door" v="hinged" />
    <tag k="indoor" v="door" />
  </node>
  <node id="-28151" action="modify" lat="52.39349544827" lon="13.1303130928" />
  <node id="-28199" action="modify" lat="52.3934725272" lon="13.13031571182" />
  <node id="-28200" action="modify" lat="52.39344061546" lon="13.13031935814">
    <tag k="door" v="hinged" />
    <tag k="indoor" v="door" />
  </node>
  <node id="-28201" action="modify" lat="52.39342987626" lon="13.13032058522" />
  <node id="-28202" action="modify" lat="52.39339643744" lon="13.13032440602">
    <tag k="door" v="hinged" />
    <tag k="indoor" v="door" />
  </node>
  <node id="-28203" action="modify" lat="52.39338547333" lon="13.13032565881" />
  <node id="-28204" action="modify" lat="52.39335180957" lon="13.13032950531">
    <tag k="door" v="hinged" />
    <tag k="indoor" v="door" />
  </node>
  <node id="-28205" action="modify" lat="52.39334137576" lon="13.1303306975" />
  <node id="-28206" action="modify" lat="52.39333072436" lon="13.13033191455">
    <tag k="door" v="hinged" />
    <tag k="indoor" v="door" />
  </node>
  <node id="-28207" action="modify" lat="52.39330169832" lon="13.13033523113" />
  <node id="-28208" action="modify" lat="52.39326954736" lon="13.13033890476">
    <tag k="door" v="hinged" />
    <tag k="indoor" v="door" />
  </node>
  <node id="-28209" action="modify" lat="52.39325924012" lon="13.13034008249" />
  <node id="-33861" action="modify" lat="52.39325606669" lon="13.13042205092" />
  <node id="-28212" action="modify" lat="52.39324607117" lon="13.13035824415">
    <tag k="door" v="hinged" />
    <tag k="indoor" v="door" />
  </node>
  <node id="-28213" action="modify" lat="52.39324559619" lon="13.1303472056" />
  <node id="-28214" action="modify" lat="52.393244485" lon="13.13032138157">
    <tag k="door" v="hinged" />
    <tag k="indoor" v="door" />
  </node>
  <node id="-28215" action="modify" lat="52.39324373242" lon="13.13030389148" />
  <node id="-28216" action="modify" lat="52.39324131267" lon="13.1302476564">
    <tag k="door" v="hinged" />
    <tag k="indoor" v="door" />
  </node>
  <node id="-28217" action="modify" lat="52.39324057115" lon="13.13023042348" />
  <node id="-28218" action="modify" lat="52.39323930717" lon="13.13020104834">
    <tag k="door" v="hinged" />
    <tag k="indoor" v="door" />
  </node>
  <node id="-28219" action="modify" lat="52.39323851566" lon="13.13018265364" />
  <node id="-28220" action="modify" lat="52.39323811163" lon="13.130173264">
    <tag k="door" v="hinged" />
    <tag k="indoor" v="door" />
  </node>
  <node id="-28221" action="modify" lat="52.39323704125" lon="13.13014838828" />
  <node id="-28222" action="modify" lat="52.39324435564" lon="13.13014771773">
    <tag k="door" v="hinged" />
    <tag k="indoor" v="door" />
  </node>
  <node id="-28223" action="modify" lat="52.39325167003" lon="13.13014704717" />
  <node id="-28224" action="modify" lat="52.39325320462" lon="13.13018694486" />
  <node id="-28225" action="modify" lat="52.39327684614" lon="13.13018398546" />
  <node id="-28226" action="modify" lat="52.39330211516" lon="13.13018082233">
    <tag k="door" v="hinged" />
    <tag k="indoor" v="door" />
  </node>
  <node id="-28227" action="modify" lat="52.39331273905" lon="13.13017949245" />
  <node id="-28228" action="modify" lat="52.39334670739" lon="13.13017524035">
    <tag k="door" v="hinged" />
    <tag k="indoor" v="door" />
  </node>
  <node id="-28229" action="modify" lat="52.39335693222" lon="13.13017396043" />
  <node id="-28230" action="modify" lat="52.39338806055" lon="13.13017006383">
    <tag k="door" v="hinged" />
    <tag k="indoor" v="door" />
  </node>
  <node id="-28231" action="modify" lat="52.39339888389" lon="13.13016870898" />
  <node id="-28232" action="modify" lat="52.39340972298" lon="13.13016735216">
    <tag k="door" v="hinged" />
    <tag k="indoor" v="door" />
  </node>
  <node id="-28233" action="modify" lat="52.39344523226" lon="13.13016290716" />
  <node id="-28234" action="modify" lat="52.39347468652" lon="13.13015922011">
    <tag k="door" v="hinged" />
    <tag k="indoor" v="door" />
  </node>
  <node id="-28141" action="modify" lat="52.39348890123" lon="13.13015744073" />
  <node id="-28142" action="modify" lat="52.39348951503" lon="13.13017252816">
    <tag k="door" v="hinged" />
    <tag k="indoor" v="door" />
  </node>
  <node id="-28143" action="modify" lat="52.39349012882" lon="13.13018761558" />
  <node id="-28198" action="modify" lat="52.39330599542" lon="13.13020784066">
    <tag k="door" v="hinged" />
    <tag k="indoor" v="door" />
  </node>
  <node id="-28197" action="modify" lat="52.39330090335" lon="13.13020839997" />
  <node id="-28235" action="modify" lat="52.39325394612" lon="13.1302135577" />
  <node id="-28236" action="modify" lat="52.39325852403" lon="13.13031309276" />
  <node id="-28196" action="modify" lat="52.39330540509" lon="13.13030723859" />
  <node id="-28195" action="modify" lat="52.39331047501" lon="13.13030660549">
    <tag k="door" v="hinged" />
    <tag k="indoor" v="door" />
  </node>
  <node id="-28194" action="modify" lat="52.39333903756" lon="13.1303030388" />
  <node id="-28237" action="modify" lat="52.39335589706" lon="13.13030093351">
    <tag k="door" v="hinged" />
    <tag k="indoor" v="door" />
  </node>
  <node id="-28148" action="modify" lat="52.39347130586" lon="13.13028652204" />
  <node id="-28149" action="modify" lat="52.39349401617" lon="13.13028383983" />
  <node id="-28150" action="modify" lat="52.39349473222" lon="13.13029846632">
    <tag k="door" v="hinged" />
    <tag k="indoor" v="door" />
  </node>
  <node id="-30107" action="modify" lat="52.39349544827" lon="13.1303130928" />
  <node id="-30124" action="modify" lat="52.3934725272" lon="13.13031571182" />
  <node id="-30125" action="modify" lat="52.39344061546" lon="13.13031935814">
    <tag k="door" v="hinged" />
    <tag k="indoor" v="door" />
  </node>
  <node id="-30126" action="modify" lat="52.39342987626" lon="13.13032058522" />
  <node id="-30127" action="modify" lat="52.39339643744" lon="13.13032440602">
    <tag k="door" v="hinged" />
    <tag k="indoor" v="door" />
  </node>
  <node id="-30128" action="modify" lat="52.39338547333" lon="13.13032565881" />
  <node id="-30129" action="modify" lat="52.39335180957" lon="13.13032950531">
    <tag k="door" v="hinged" />
    <tag k="indoor" v="door" />
  </node>
  <node id="-30130" action="modify" lat="52.39334137576" lon="13.1303306975" />
  <node id="-30131" action="modify" lat="52.39333072436" lon="13.13033191455">
    <tag k="door" v="hinged" />
    <tag k="indoor" v="door" />
  </node>
  <node id="-30132" action="modify" lat="52.39330169832" lon="13.13033523113" />
  <node id="-30133" action="modify" lat="52.39326954736" lon="13.13033890476">
    <tag k="door" v="hinged" />
    <tag k="indoor" v="door" />
  </node>
  <node id="-30134" action="modify" lat="52.39325924012" lon="13.13034008249" />
  <node id="-33863" action="modify" lat="52.39325967315" lon="13.13042162022" />
  <node id="-30137" action="modify" lat="52.39324607117" lon="13.13035824415">
    <tag k="door" v="hinged" />
    <tag k="indoor" v="door" />
  </node>
  <node id="-30138" action="modify" lat="52.39324559619" lon="13.1303472056" />
  <node id="-30139" action="modify" lat="52.393244485" lon="13.13032138157">
    <tag k="door" v="hinged" />
    <tag k="indoor" v="door" />
  </node>
  <node id="-30140" action="modify" lat="52.39324373242" lon="13.13030389148" />
  <node id="-30141" action="modify" lat="52.39324131267" lon="13.1302476564">
    <tag k="door" v="hinged" />
    <tag k="indoor" v="door" />
  </node>
  <node id="-30142" action="modify" lat="52.39324057115" lon="13.13023042348" />
  <node id="-30143" action="modify" lat="52.39323930717" lon="13.13020104834">
    <tag k="door" v="hinged" />
    <tag k="indoor" v="door" />
  </node>
  <node id="-30144" action="modify" lat="52.39323851566" lon="13.13018265364" />
  <node id="-30145" action="modify" lat="52.39323811163" lon="13.130173264">
    <tag k="door" v="hinged" />
    <tag k="indoor" v="door" />
  </node>
  <node id="-30146" action="modify" lat="52.39323704125" lon="13.13014838828" />
  <node id="-32341" action="modify" lat="52.39324801284" lon="13.13014738245">
    <tag k="door" v="hinged" />
    <tag k="indoor" v="door" />
  </node>
  <node id="-30149" action="modify" lat="52.39325320462" lon="13.13018694486" />
  <node id="-30150" action="modify" lat="52.39327684614" lon="13.13018398546" />
  <node id="-30151" action="modify" lat="52.39330211516" lon="13.13018082233">
    <tag k="door" v="hinged" />
    <tag k="indoor" v="door" />
  </node>
  <node id="-30152" action="modify" lat="52.39331273905" lon="13.13017949245" />
  <node id="-30153" action="modify" lat="52.39334670739" lon="13.13017524035">
    <tag k="door" v="hinged" />
    <tag k="indoor" v="door" />
  </node>
  <node id="-30154" action="modify" lat="52.39335693222" lon="13.13017396043" />
  <node id="-30155" action="modify" lat="52.39338806055" lon="13.13017006383">
    <tag k="door" v="hinged" />
    <tag k="indoor" v="door" />
  </node>
  <node id="-30156" action="modify" lat="52.39339888389" lon="13.13016870898" />
  <node id="-30157" action="modify" lat="52.39340972298" lon="13.13016735216">
    <tag k="door" v="hinged" />
    <tag k="indoor" v="door" />
  </node>
  <node id="-30158" action="modify" lat="52.39344523226" lon="13.13016290716" />
  <node id="-30159" action="modify" lat="52.39347468652" lon="13.13015922011">
    <tag k="door" v="hinged" />
    <tag k="indoor" v="door" />
  </node>
  <node id="-30117" action="modify" lat="52.39348890123" lon="13.13015744073" />
  <node id="-33026" action="modify" lat="52.39348920813" lon="13.13016498444">
    <tag k="door" v="hinged" />
  </node>
  <node id="-30115" action="modify" lat="52.39349012882" lon="13.13018761558" />
  <node id="-30160" action="modify" lat="52.39345565135" lon="13.13019140257" />
  <node id="-30161" action="modify" lat="52.39344104028" lon="13.13019300744" />
  <node id="-30162" action="modify" lat="52.39341938134" lon="13.13019538644" />
  <node id="-30163" action="modify" lat="52.39339074632" lon="13.13019853169" />
  <node id="-30164" action="modify" lat="52.39338138694" lon="13.13019955972">
    <tag k="door" v="hinged" />
    <tag k="indoor" v="door" />
  </node>
  <node id="-30165" action="modify" lat="52.39335825474" lon="13.13020210054" />
  <node id="-30166" action="modify" lat="52.39335082043" lon="13.13020291712">
    <tag k="door" v="hinged" />
    <tag k="indoor" v="door" />
  </node>
  <node id="-30167" action="modify" lat="52.39333453879" lon="13.13020470548" />
  <node id="-30168" action="modify" lat="52.39330599542" lon="13.13020784066">
    <tag k="door" v="hinged" />
    <tag k="indoor" v="door" />
  </node>
  <node id="-30169" action="modify" lat="52.39330090335" lon="13.13020839997" />
  <node id="-30170" action="modify" lat="52.39325394612" lon="13.1302135577" />
  <node id="-30171" action="modify" lat="52.39325852403" lon="13.13031309276" />
  <node id="-30172" action="modify" lat="52.39330540509" lon="13.13030723859" />
  <node id="-30173" action="modify" lat="52.39331047501" lon="13.13030660549">
    <tag k="door" v="hinged" />
    <tag k="indoor" v="door" />
  </node>
  <node id="-30174" action="modify" lat="52.39333903756" lon="13.1303030388" />
  <node id="-30175" action="modify" lat="52.39335589706" lon="13.13030093351">
    <tag k="door" v="hinged" />
    <tag k="indoor" v="door" />
  </node>
  <node id="-30176" action="modify" lat="52.39336256225" lon="13.1303001012" />
  <node id="-30177" action="modify" lat="52.39338548442" lon="13.13029723884">
    <tag k="door" v="hinged" />
    <tag k="indoor" v="door" />
  </node>
  <node id="-30178" action="modify" lat="52.39339498979" lon="13.13029605188" />
  <node id="-30179" action="modify" lat="52.39342389279" lon="13.13029244267" />
  <node id="-30180" action="modify" lat="52.39344514458" lon="13.13028978889" />
  <node id="-30181" action="modify" lat="52.39345946122" lon="13.13028800112" />
  <node id="-30110" action="modify" lat="52.39347130586" lon="13.13028652204" />
  <node id="-30109" action="modify" lat="52.39349401617" lon="13.13028383983" />
  <node id="-32939" action="modify" lat="52.3934943742" lon="13.13029115307">
    <tag k="door" v="hinged" />
    <tag k="indoor" v="door" />
  </node>
  <node id="-30113" action="modify" lat="52.3934686461" lon="13.13022047265" />
  <node id="-30182" action="modify" lat="52.39345698404" lon="13.13022181375" />
  <node id="-30183" action="modify" lat="52.39344140744" lon="13.13020166533">
    <tag k="door" v="hinged" />
    <tag k="indoor" v="door" />
  </node>
  <node id="-30184" action="modify" lat="52.39344242556" lon="13.13022567315" />
  <node id="-30185" action="modify" lat="52.39344275362" lon="13.13023321441">
    <tag k="door" v="hinged" />
    <tag k="indoor" v="door" />
  </node>
  <node id="-30186" action="modify" lat="52.39344386594" lon="13.13025878357" />
  <node id="-30187" action="modify" lat="52.39344471945" lon="13.13027948">
    <tag k="door" v="hinged" />
    <tag k="indoor" v="door" />
  </node>
  <node id="-30188" action="modify" lat="52.393458086" lon="13.13025163492">
    <tag k="door" v="hinged" />
    <tag k="indoor" v="door" />
  </node>
  <node id="-30189" action="modify" lat="52.39345777686" lon="13.13024346001" />
  <node id="-30111" action="modify" lat="52.39346951043" lon="13.13024193641" />
  <node id="-34942" action="modify" lat="52.39346906643" lon="13.13023091071">
    <tag k="door" v="hinged" />
    <tag k="indoor" v="door" />
  </node>
  <node id="-34347" action="modify" lat="52.39354411816" lon="13.13016304229">
    <tag k="door" v="hinged" />
    <tag k="indoor" v="door" />
  </node>
  <node id="-31155" action="modify" lat="52.39354485611" lon="13.13017986578" />
  <node id="-26513" action="modify" lat="52.39353591315" lon="13.13018090891" />
  <node id="-26514" action="modify" lat="52.39354024703" lon="13.13027853405" />
  <node id="-31156" action="modify" lat="52.39354913056" lon="13.1302774981" />
  <node id="-34345" action="modify" lat="52.39354979787" lon="13.13029274178">
    <tag k="door" v="hinged" />
    <tag k="indoor" v="door" />
  </node>
  <node id="-32561" action="modify" lat="52.39351968302" lon="13.13015406277">
    <tag k="door" v="hinged" />
    <tag k="indoor" v="door" />
  </node>
  <node id="-30601" action="modify" lat="52.39351246754" lon="13.13032978699">
    <tag k="door" v="no" />
    <tag k="level" v="0" />
  </node>
  <node id="-32134" action="modify" lat="52.3935128847" lon="13.13033916717" />
  <node id="-33082" action="modify" lat="52.39323893612" lon="13.13010603032" />
  <node id="-32086" action="modify" lat="52.39325123519" lon="13.13013539645" />
  <node id="-34794" action="modify" lat="52.39325569242" lon="13.13013486129" />
  <node id="-34406" action="modify" lat="52.39325758346" lon="13.13013463952" />
  <node id="-34788" action="modify" lat="52.39326749238" lon="13.13013344121" />
  <node id="-34809" action="modify" lat="52.39326975947" lon="13.13013317641" />
  <node id="-33862" action="modify" lat="52.39324278924" lon="13.13010557016" />
  <node id="-33864" action="modify" lat="52.39324624904" lon="13.13010515698" />
  <node id="-32106" action="modify" lat="52.39325123519" lon="13.13013539645" />
  <node id="-32102" action="modify" lat="52.39327440144" lon="13.13013263423" />
  <node id="-33427" action="modify" lat="52.39350206247" lon="13.13034059957" />
  <node id="-33416" action="modify" lat="52.39348685596" lon="13.13034261226" />
  <node id="-33791" action="modify" lat="52.39350774114" lon="13.13033984796" />
  <node id="-33786" action="modify" lat="52.3934798989" lon="13.13034351907" />
  <node id="-32276" action="modify" lat="52.39350084325" lon="13.13031240408">
    <tag k="door" v="hinged" />
    <tag k="indoor" v="door" />
  </node>
  <node id="-32297" action="modify" lat="52.39350623824" lon="13.13031171536">
    <tag k="door" v="hinged" />
    <tag k="indoor" v="door" />
  </node>
  <node id="-34348" action="modify" lat="52.39352021011" lon="13.13016547796" />
  <node id="-33087" action="modify" lat="52.39352069772" lon="13.13017603823" />
  <node id="-34995" action="modify" lat="52.39352215128" lon="13.13020751825" />
  <node id="-34311" action="modify" lat="52.39352302393" lon="13.13022641729" />
  <node id="-34346" action="modify" lat="52.39352618193" lon="13.13029481029" />
  <node id="-33085" action="modify" lat="52.39352651127" lon="13.13030194292" />
  <node id="-33137" action="modify" lat="52.39352771092" lon="13.13032792387" />
  <node id="-34823" action="modify" lat="52.39324006239" lon="13.13013288628" />
  <node id="-34298" action="modify" lat="52.39324178632" lon="13.13017277737" />
  <node id="-34299" action="modify" lat="52.39324300915" lon="13.13020056913" />
  <node id="-33088" action="modify" lat="52.39324329633" lon="13.13020709595" />
  <node id="-34300" action="modify" lat="52.39324505939" lon="13.13024716556" />
  <node id="-34301" action="modify" lat="52.39324829619" lon="13.13032072954" />
  <node id="-33086" action="modify" lat="52.39324886344" lon="13.13033362151" />
  <node id="-34302" action="modify" lat="52.39324983924" lon="13.13035772914" />
  <node id="-34310" action="modify" lat="52.3934403992" lon="13.13031196373" />
  <node id="-34309" action="modify" lat="52.39339633156" lon="13.13031694666" />
  <node id="-34308" action="modify" lat="52.39338639385" lon="13.13031807036" />
  <node id="-34307" action="modify" lat="52.39335670853" lon="13.13032142701" />
  <node id="-34306" action="modify" lat="52.39335150103" lon="13.13032201584" />
  <node id="-34305" action="modify" lat="52.39333038125" lon="13.13032440395" />
  <node id="-34304" action="modify" lat="52.39331133466" lon="13.13032655763" />
  <node id="-34303" action="modify" lat="52.39326923567" lon="13.13033131794" />
  <node id="-34290" action="modify" lat="52.3934755602" lon="13.13018163524" />
  <node id="-34291" action="modify" lat="52.39341060267" lon="13.13018875588" />
  <node id="-34292" action="modify" lat="52.39338901889" lon="13.13019112189" />
  <node id="-34293" action="modify" lat="52.39338130502" lon="13.13019196749" />
  <node id="-34295" action="modify" lat="52.39335049913" lon="13.13019534442" />
  <node id="-34294" action="modify" lat="52.39334754885" lon="13.13019566783" />
  <node id="-34297" action="modify" lat="52.39330568305" lon="13.13020025715" />
  <node id="-34296" action="modify" lat="52.39330271624" lon="13.13020058237" />
  <node id="-33143" action="modify" lat="52.39350275518" lon="13.13033103184" />
  <node id="-33142" action="modify" lat="52.39349292539" lon="13.13033229175" />
  <node id="-33141" action="modify" lat="52.39348640964" lon="13.13033312689" />
  <node id="-33354" action="modify" lat="52.39347989389" lon="13.13033396202" />
  <node id="-33426" action="modify" lat="52.39350125076" lon="13.13032174585" />
  <node id="-33808" action="modify" lat="52.39347903747" lon="13.13032450004" />
  <node id="-33422" action="modify" lat="52.39348875625" lon="13.13038116703" />
  <node id="-33423" action="modify" lat="52.39350396276" lon="13.13037915434" />
  <node id="-33437" action="modify" lat="52.39349196921" lon="13.13011182079">
    <tag k="door" v="hinged" />
    <tag k="indoor" v="door" />
  </node>
  <node id="-33950" action="modify" lat="52.39349463271" lon="13.13017202499" />
  <node id="-34997" action="modify" lat="52.39349596316" lon="13.13020209771" />
  <node id="-34171" action="modify" lat="52.39349711985" lon="13.13022824266" />
  <node id="-33952" action="modify" lat="52.39350019489" lon="13.13029774902" />
  <node id="-33787" action="modify" lat="52.39348225177" lon="13.13038961953" />
  <node id="-33788" action="modify" lat="52.3935099747" lon="13.13038609914" />
  <node id="-33812" action="modify" lat="52.39349729052" lon="13.13011119261">
    <tag k="door" v="hinged" />
    <tag k="indoor" v="door" />
  </node>
  <node id="-33955" action="modify" lat="52.39349963957" lon="13.13016383594" />
  <node id="-34259" action="modify" lat="52.39349989636" lon="13.1301695907" />
  <node id="-34999" action="modify" lat="52.39350095374" lon="13.13019328721" />
  <node id="-34281" action="modify" lat="52.39350249715" lon="13.13022787572" />
  <node id="-33958" action="modify" lat="52.39350525917" lon="13.13028977389" />
  <node id="-34258" action="modify" lat="52.39350565524" lon="13.13029865013" />
  <node id="-34158" action="modify" lat="52.39325330348" lon="13.13035732234" />
  <node id="-33951" action="modify" lat="52.39325203195" lon="13.13032753654" />
  <node id="-34157" action="modify" lat="52.39325173196" lon="13.13032050913" />
  <node id="-34156" action="modify" lat="52.39324857534" lon="13.13024656478" />
  <node id="-33949" action="modify" lat="52.39324663247" lon="13.13020105278" />
  <node id="-34155" action="modify" lat="52.3932465896" lon="13.13020004845" />
  <node id="-34154" action="modify" lat="52.39324541691" lon="13.13017257802" />
  <node id="-34825" action="modify" lat="52.39324345535" lon="13.13012348918" />
  <node id="-34272" action="modify" lat="52.39325690066" lon="13.13035641425" />
  <node id="-33957" action="modify" lat="52.39325539752" lon="13.13032106206" />
  <node id="-34271" action="modify" lat="52.39325533687" lon="13.13031963554" />
  <node id="-34270" action="modify" lat="52.39325221069" lon="13.13024611131" />
  <node id="-34269" action="modify" lat="52.39325023803" lon="13.13019971654" />
  <node id="-33954" action="modify" lat="52.39324999406" lon="13.13019397863" />
  <node id="-34268" action="modify" lat="52.39324905427" lon="13.13017187586" />
  <node id="-34835" action="modify" lat="52.39324663686" lon="13.13011447732" />
  <node id="-34153" action="modify" lat="52.39330282716" lon="13.13019445318" />
  <node id="-34167" action="modify" lat="52.39330549648" lon="13.13019413969" />
  <node id="-34152" action="modify" lat="52.39334728764" lon="13.13018923165" />
  <node id="-34168" action="modify" lat="52.39335026138" lon="13.13018888241" />
  <node id="-34169" action="modify" lat="52.39338078398" lon="13.13018529777" />
  <node id="-34151" action="modify" lat="52.39338881396" lon="13.13018435472" />
  <node id="-34150" action="modify" lat="52.39341038453" lon="13.13018182142" />
  <node id="-34149" action="modify" lat="52.39347535652" lon="13.13017419097" />
  <node id="-34098" action="modify" lat="52.39355304067" lon="13.13016468041" />
  <node id="-34159" action="modify" lat="52.39326890702" lon="13.13032551528" />
  <node id="-34166" action="modify" lat="52.3933110299" lon="13.13032046988" />
  <node id="-34160" action="modify" lat="52.39333019349" lon="13.1303181745" />
  <node id="-34161" action="modify" lat="52.39335124591" lon="13.13031565288" />
  <node id="-34165" action="modify" lat="52.39335658395" lon="13.1303150135" />
  <node id="-34164" action="modify" lat="52.39338604549" lon="13.13031148465" />
  <node id="-34162" action="modify" lat="52.39339582989" lon="13.13031031269" />
  <node id="-34163" action="modify" lat="52.39344002069" lon="13.13030501959" />
  <node id="-34096" action="modify" lat="52.3935584392" lon="13.13029048072" />
  <node id="-34266" action="modify" lat="52.39330246322" lon="13.13018761906" />
  <node id="-34267" action="modify" lat="52.39330505661" lon="13.13018730473" />
  <node id="-34264" action="modify" lat="52.39334691184" lon="13.13018223163" />
  <node id="-34265" action="modify" lat="52.39334999007" lon="13.13018185853" />
  <node id="-34263" action="modify" lat="52.39338042435" lon="13.13017816971" />
  <node id="-34262" action="modify" lat="52.39338830736" lon="13.13017721424" />
  <node id="-34261" action="modify" lat="52.39341003766" lon="13.1301745804" />
  <node id="-34260" action="modify" lat="52.39347499062" lon="13.13016670769" />
  <node id="-34273" action="modify" lat="52.39326878095" lon="13.13031938707" />
  <node id="-34274" action="modify" lat="52.39331089464" lon="13.13031411636" />
  <node id="-34275" action="modify" lat="52.3933297628" lon="13.13031175493" />
  <node id="-34276" action="modify" lat="52.39335086248" lon="13.13030911422" />
  <node id="-34277" action="modify" lat="52.39335622741" lon="13.13030844277" />
  <node id="-34278" action="modify" lat="52.39338576883" lon="13.13030474553" />
  <node id="-34279" action="modify" lat="52.39339544509" lon="13.13030353451" />
  <node id="-34280" action="modify" lat="52.3934396573" lon="13.13029800115" />
  <node id="-34148" action="modify" lat="52.39355720482" lon="13.13026171638" />
  <node id="-28558" action="modify" lat="52.39347468652" lon="13.13015922011">
    <tag k="door" v="hinged" />
    <tag k="indoor" v="door" />
  </node>
  <node id="-28555" action="modify" lat="52.39340972298" lon="13.13016735216">
    <tag k="door" v="hinged" />
    <tag k="indoor" v="door" />
  </node>
  <node id="-28457" action="modify" lat="52.39326954736" lon="13.13033890476">
    <tag k="door" v="hinged" />
    <tag k="indoor" v="door" />
  </node>
  <node id="-28454" action="modify" lat="52.39333072436" lon="13.13033191455">
    <tag k="door" v="hinged" />
    <tag k="indoor" v="door" />
  </node>
  <node id="-34175" action="modify" lat="52.39344998071" lon="13.13023266111" />
  <node id="-34174" action="modify" lat="52.39344847482" lon="13.1302007695" />
  <node id="-34176" action="modify" lat="52.39345170325" lon="13.13027890536" />
  <node id="-34255" action="modify" lat="52.39356642704" lon="13.13016193598" />
  <node id="-34256" action="modify" lat="52.39356757226" lon="13.13018754115" />
  <node id="-34257" action="modify" lat="52.39357215138" lon="13.13028992264" />
  <node id="-30374" action="modify" lat="52.39340972298" lon="13.13016735216">
    <tag k="door" v="hinged" />
    <tag k="indoor" v="door" />
  </node>
  <node id="-30406" action="modify" lat="52.39326954736" lon="13.13033890476">
    <tag k="door" v="hinged" />
    <tag k="indoor" v="door" />
  </node>
  <node id="-30409" action="modify" lat="52.39333072436" lon="13.13033191455">
    <tag k="door" v="hinged" />
    <tag k="indoor" v="door" />
  </node>
  <node id="-34283" action="modify" lat="52.39344873593" lon="13.13023275641" />
  <node id="-34282" action="modify" lat="52.39344710895" lon="13.13020117646" />
  <node id="-34285" action="modify" lat="52.39344969034" lon="13.13025248868" />
  <node id="-34284" action="modify" lat="52.39345095823" lon="13.13027870188" />
  <node id="-34314" action="modify" lat="52.39345066505" lon="13.13023260871" />
  <node id="-34313" action="modify" lat="52.39344903359" lon="13.1302002608" />
  <node id="-34317" action="modify" lat="52.39345145471" lon="13.13025228979" />
  <node id="-34315" action="modify" lat="52.39345251035" lon="13.13027860014" />
  <node id="-34331" action="modify" lat="52.39355513066" lon="13.13016171615" />
  <node id="-34342" action="modify" lat="52.39355789677" lon="13.13022831898" />
  <node id="-34344" action="modify" lat="52.39356052984" lon="13.13029171857" />
  <node id="-34749" action="modify" lat="52.39326924765" lon="13.13017201209" />
  <node id="-34561" action="modify" lat="52.39325924464" lon="13.13017324961" />
  <node id="-34598" action="modify" lat="52.39325942726" lon="13.13017721366" />
  <node id="-34599" action="modify" lat="52.39326943028" lon="13.13017597614" />
  <node id="-34634" action="modify" lat="52.39327684614" lon="13.13018398546" />
  <node id="-34635" action="modify" lat="52.39327623497" lon="13.13017114765" />
  <node id="-34657" action="modify" lat="52.39327153043" lon="13.13017172967" />
  <node id="-34636" action="modify" lat="52.39326682589" lon="13.13017231169" />
  <node id="-34654" action="modify" lat="52.3932574168" lon="13.13017347574" />
  <node id="-34638" action="modify" lat="52.39325271226" lon="13.13017405776" />
  <node id="-34639" action="modify" lat="52.39325320462" lon="13.13018694486" />
  <node id="-34655" action="modify" lat="52.39325787372" lon="13.13018339363" />
  <node id="-34656" action="modify" lat="52.39327198735" lon="13.13018164757" />
  <node id="-34824" action="modify" lat="52.39325746004" lon="13.1301308974" />
  <node id="-34827" action="modify" lat="52.39325525833" lon="13.13012215306" />
  <node id="-34826" action="modify" lat="52.39326696068" lon="13.13012082833" />
  <node id="-34836" action="modify" lat="52.393268786" lon="13.13011177223" />
  <node id="30570787" timestamp="2019-04-06T18:58:54Z" uid="1468248" user="PantherStrix" version="4" changeset="68959428" lat="52.3914733" lon="13.1231483" />
  <node id="5144960786" timestamp="2023-02-25T17:45:43Z" uid="1468248" user="PantherStrix" version="3" changeset="133016075" lat="52.3914125" lon="13.1232582">
    <tag k="direction" v="backward" />
    <tag k="highway" v="give_way" />
  </node>
  <node id="10693407022" timestamp="2023-02-25T17:45:43Z" uid="1468248" user="PantherStrix" version="1" changeset="133016075" lat="52.3910545" lon="13.1239053" />
  <node id="10693406745" timestamp="2023-02-25T17:45:43Z" uid="1468248" user="PantherStrix" version="1" changeset="133016075" lat="52.3907621" lon="13.1244336" />
  <node id="10693406740" timestamp="2023-02-25T17:45:43Z" uid="1468248" user="PantherStrix" version="1" changeset="133016075" lat="52.390569" lon="13.1247826" />
  <node id="10693406738" timestamp="2023-02-25T17:45:43Z" uid="1468248" user="PantherStrix" version="1" changeset="133016075" lat="52.3905509" lon="13.1248153" />
  <node id="10693406736" timestamp="2023-02-25T17:45:43Z" uid="1468248" user="PantherStrix" version="1" changeset="133016075" lat="52.3901376" lon="13.1255623" />
  <node id="1667653878" timestamp="2025-03-16T19:44:24Z" uid="1468248" user="PantherStrix" version="3" changeset="163703942" lat="52.3895557" lon="13.1266641" />
  <node id="27318284" timestamp="2025-03-16T19:44:24Z" uid="1468248" user="PantherStrix" version="6" changeset="163703942" lat="52.3917487" lon="13.1310035" />
  <node id="27318285" timestamp="2020-05-03T16:42:19Z" uid="1468248" user="PantherStrix" version="4" changeset="84572274" lat="52.3917578" lon="13.1315217" />
  <node id="7777895325" timestamp="2025-03-28T17:48:23Z" uid="69628" user="vsandre" version="2" changeset="164219036" lat="52.3917613" lon="13.1317089">
    <tag k="direction" v="forward" />
    <tag k="highway" v="give_way" />
  </node>
  <node id="27318287" timestamp="2020-05-03T16:42:19Z" uid="1468248" user="PantherStrix" version="5" changeset="84572274" lat="52.3917648" lon="13.1318957" />
  <node id="10984927172" timestamp="2023-06-18T20:29:49Z" uid="10121078" user="klnkengi" version="1" changeset="137492378" lat="52.3916607" lon="13.1317518" />
  <node id="10984927171" timestamp="2023-06-18T20:29:49Z" uid="10121078" user="klnkengi" version="1" changeset="137492378" lat="52.3915564" lon="13.1319972" />
  <node id="30582596" timestamp="2011-12-15T16:01:12Z" uid="6669" user="Elwood" version="3" changeset="10125048" lat="52.3915036" lon="13.1320568" />
  <node id="30582597" timestamp="2020-05-03T15:03:14Z" uid="1468248" user="PantherStrix" version="3" changeset="84567933" lat="52.3913417" lon="13.1321656" />
  <node id="7476211541" timestamp="2020-05-03T15:03:14Z" uid="1468248" user="PantherStrix" version="1" changeset="84567933" lat="52.3912362" lon="13.1321979" />
  <node id="30582599" timestamp="2020-05-03T15:03:14Z" uid="1468248" user="PantherStrix" version="5" changeset="84567933" lat="52.3911498" lon="13.1321844" />
  <node id="7476211539" timestamp="2020-05-03T15:03:14Z" uid="1468248" user="PantherStrix" version="1" changeset="84567933" lat="52.3910824" lon="13.1321641" />
  <node id="673428017" timestamp="2020-05-03T15:03:14Z" uid="1468248" user="PantherStrix" version="4" changeset="84567933" lat="52.3910123" lon="13.1321652" />
  <node id="7476211538" timestamp="2020-05-03T15:03:14Z" uid="1468248" user="PantherStrix" version="1" changeset="84567933" lat="52.3909551" lon="13.132165" />
  <node id="30582600" timestamp="2020-05-03T15:03:14Z" uid="1468248" user="PantherStrix" version="4" changeset="84567933" lat="52.3908952" lon="13.1321836" />
  <node id="393094479" timestamp="2020-05-03T15:03:14Z" uid="1468248" user="PantherStrix" version="6" changeset="84567933" lat="52.3901167" lon="13.1331053" />
  <node id="1262098136" timestamp="2011-04-27T13:27:25Z" uid="22684" user="Mr_Israel" version="1" changeset="7985098" lat="52.3895901" lon="13.1337189" />
  <node id="4537367325" timestamp="2016-12-04T08:23:34Z" uid="43566" user="anbr" version="1" changeset="44152670" lat="52.3887933" lon="13.1346628" />
  <node id="4537367324" timestamp="2022-09-11T08:44:21Z" uid="1468248" user="PantherStrix" version="2" changeset="126040195" lat="52.3887102" lon="13.1347112" />
  <node id="10015345945" timestamp="2022-09-11T08:44:21Z" uid="1468248" user="PantherStrix" version="1" changeset="126040195" lat="52.3886571" lon="13.1347629" />
  <node id="10015345946" timestamp="2022-09-11T08:44:21Z" uid="1468248" user="PantherStrix" version="1" changeset="126040195" lat="52.3886126" lon="13.1348253" />
  <node id="588397686" timestamp="2023-01-07T21:12:55Z" uid="35351" user="Zumsel" version="5" changeset="130996291" lat="52.3885702" lon="13.1348631">
    <tag k="barrier" v="cycle_barrier" />
    <tag k="cycle_barrier" v="single" />
    <tag k="cycle_barrier:installation" v="fixed" />
  </node>
  <node id="30582602" timestamp="2022-09-11T08:44:21Z" uid="1468248" user="PantherStrix" version="9" changeset="126040195" lat="52.3885372" lon="13.1348547" />
  <node id="10984927173" timestamp="2023-10-03T13:29:38Z" uid="3020814" user="BER319" version="2" changeset="142101484" lat="52.3917475" lon="13.1320323">
    <tag k="barrier" v="bollard" />
    <tag k="bollard" v="fixed" />
  </node>
  <node id="10984927174" timestamp="2023-06-18T20:29:49Z" uid="10121078" user="klnkengi" version="1" changeset="137492378" lat="52.3916788" lon="13.1325763" />
  <node id="1403896370" timestamp="2011-08-18T19:46:24Z" uid="32112" user="SverigeFan" version="1" changeset="9060022" lat="52.3916817" lon="13.1327297" />
  <node id="5329585048" timestamp="2018-01-09T15:25:31Z" uid="5199868" user="MD_Ottersleben" version="1" changeset="55296179" lat="52.3917111" lon="13.1328464" />
  <node id="1403896371" timestamp="2011-08-18T19:46:24Z" uid="32112" user="SverigeFan" version="1" changeset="9060022" lat="52.3916884" lon="13.133613" />
  <node id="296940070" timestamp="2016-12-04T08:23:39Z" uid="43566" user="anbr" version="6" changeset="44152670" lat="52.3917309" lon="13.1348049" />
  <node id="7476393203" timestamp="2020-05-03T16:24:14Z" uid="571421" user="FCBDCrash" version="1" changeset="84571394" lat="52.3917837" lon="13.1356059" />
  <node id="588653342" timestamp="2021-01-25T20:53:19Z" uid="4798255" user="tecmap15" version="3" changeset="98144011" lat="52.3918591" lon="13.136765" />
  <node id="588653348" timestamp="2016-12-04T08:23:42Z" uid="43566" user="anbr" version="3" changeset="44152670" lat="52.3916931" lon="13.1381881" />
  <node id="30582718" timestamp="2016-12-04T08:23:38Z" uid="43566" user="anbr" version="6" changeset="44152670" lat="52.3916257" lon="13.1389325" />
  <node id="296940074" timestamp="2019-07-11T09:48:33Z" uid="504496" user="wribln" version="6" changeset="72126721" lat="52.3915244" lon="13.1396258" />
  <node id="30582717" timestamp="2022-09-11T08:44:21Z" uid="1468248" user="PantherStrix" version="7" changeset="126040195" lat="52.3913317" lon="13.1413435" />
  <node id="30582716" timestamp="2016-12-04T08:23:38Z" uid="43566" user="anbr" version="6" changeset="44152670" lat="52.3911025" lon="13.1430637" />
  <node id="30582663" timestamp="2022-09-11T08:44:21Z" uid="1468248" user="PantherStrix" version="7" changeset="126040195" lat="52.3910131" lon="13.1460001" />
  <node id="495567339" timestamp="2011-08-18T19:46:27Z" uid="32112" user="SverigeFan" version="2" changeset="9060022" lat="52.3910477" lon="13.1477429" />
  <node id="10808295414" timestamp="2023-04-13T16:19:04Z" uid="4387962" user="armin_fx" version="1" changeset="134869832" lat="52.3910657" lon="13.1486803" />
  <node id="30582683" timestamp="2016-12-04T08:23:37Z" uid="43566" user="anbr" version="6" changeset="44152670" lat="52.3910844" lon="13.1496494" />
  <node id="258897581" timestamp="2016-12-04T08:23:39Z" uid="43566" user="anbr" version="7" changeset="44152670" lat="52.3911118" lon="13.1507097" />
  <node id="4537367323" timestamp="2025-09-25T21:17:49Z" uid="23277257" user="Openminded320" version="2" changeset="172459065" lat="52.391091" lon="13.1521843" />
  <node id="13172032545" timestamp="2025-09-25T21:17:49Z" uid="23277257" user="Openminded320" version="1" changeset="172459065" lat="52.3911098" lon="13.1528944" />
  <node id="4537367322" timestamp="2016-12-04T08:23:34Z" uid="43566" user="anbr" version="1" changeset="44152670" lat="52.3911504" lon="13.1544389" />
  <node id="1802619937" timestamp="2012-06-26T11:13:39Z" uid="482628" user="gumul" version="1" changeset="12021327" lat="52.3911458" lon="13.1558228" />
  <node id="1802619923" timestamp="2012-06-26T11:13:39Z" uid="482628" user="gumul" version="1" changeset="12021327" lat="52.39116" lon="13.1561822" />
  <node id="30582687" timestamp="2013-06-22T16:51:53Z" uid="214512" user="Steve8x8" version="8" changeset="16658915" lat="52.3912517" lon="13.156459">
    <tag k="note" v="end-point Sanssouci-Route" />
  </node>
  <node id="30570808" timestamp="2016-12-04T08:23:37Z" uid="43566" user="anbr" version="5" changeset="44152670" lat="52.3951193" lon="13.1235821" />
  <node id="11324283372" timestamp="2024-01-14T18:02:20Z" uid="20888446" user="osm-bd9c0c" version="3" changeset="146253930" lat="52.3951723" lon="13.1234881">
    <tag k="crossing" v="unmarked" />
    <tag k="crossing:island" v="no" />
    <tag k="crossing:markings" v="no" />
    <tag k="highway" v="crossing" />
    <tag k="tactile_paving" v="no" />
  </node>
  <node id="7942871408" timestamp="2022-05-22T07:29:27Z" uid="1468248" user="PantherStrix" version="2" changeset="121306842" lat="52.395185" lon="13.1234656">
    <tag k="direction" v="backward" />
    <tag k="highway" v="give_way" />
  </node>
  <node id="9761100543" timestamp="2022-05-22T17:21:32Z" uid="1468248" user="PantherStrix" version="2" changeset="121328318" lat="52.3953678" lon="13.1231504" />
  <node id="270798540" timestamp="2022-05-22T17:21:32Z" uid="1468248" user="PantherStrix" version="6" changeset="121328318" lat="52.3953934" lon="13.1231059" />
  <node id="30569600" timestamp="2026-01-30T17:22:48Z" uid="1468248" user="PantherStrix" version="5" changeset="177899319" lat="52.395034" lon="13.1224303">
    <tag k="TMC:cid_58:tabcd_1:Class" v="Point" />
    <tag k="TMC:cid_58:tabcd_1:LCLversion" v="9.00" />
    <tag k="TMC:cid_58:tabcd_1:LocationCode" v="32703" />
    <tag k="TMC:cid_58:tabcd_1:NextLocationCode" v="32716" />
  </node>
  <node id="5730050753" timestamp="2026-01-30T17:22:48Z" uid="1468248" user="PantherStrix" version="4" changeset="177899319" lat="52.3949929" lon="13.1224409">
    <tag k="direction" v="backward" />
    <tag k="highway" v="stop" />
  </node>
  <node id="11324279849" timestamp="2026-01-30T17:22:48Z" uid="1468248" user="PantherStrix" version="4" changeset="177899319" lat="52.3949309" lon="13.122457">
    <tag k="crossing" v="unmarked" />
    <tag k="crossing:island" v="no" />
    <tag k="crossing:markings" v="no" />
    <tag k="highway" v="crossing" />
    <tag k="tactile_paving" v="no" />
  </node>
  <node id="4999321454" timestamp="2026-01-30T17:22:48Z" uid="1468248" user="PantherStrix" version="4" changeset="177899319" lat="52.3946843" lon="13.1225209" />
  <node id="92824862" timestamp="2022-10-22T10:41:26Z" uid="1468248" user="PantherStrix" version="5" changeset="127916762" lat="52.3940834" lon="13.1226766" />
  <node id="928110519" timestamp="2022-10-22T10:41:26Z" uid="1468248" user="PantherStrix" version="4" changeset="127916762" lat="52.3937762" lon="13.1227495" />
  <node id="928110049" timestamp="2022-10-22T10:41:26Z" uid="1468248" user="PantherStrix" version="4" changeset="127916762" lat="52.3936033" lon="13.1227905" />
  <node id="11324279830" timestamp="2023-11-05T12:13:32Z" uid="6167506" user="christian_plus1" version="1" changeset="143647074" lat="52.3936101" lon="13.1228673">
    <tag k="crossing" v="uncontrolled" />
    <tag k="crossing:island" v="no" />
    <tag k="highway" v="crossing" />
    <tag k="tactile_paving" v="no" />
  </node>
  <node id="937676089" timestamp="2021-11-01T09:49:50Z" uid="881429" user="atpl_pilot" version="8" changeset="113226698" lat="52.3936132" lon="13.1229015">
    <tag k="direction" v="backward" />
    <tag k="highway" v="stop" />
  </node>
  <node id="9215892568" timestamp="2021-11-01T09:49:50Z" uid="881429" user="atpl_pilot" version="1" changeset="113226698" lat="52.3936406" lon="13.1232202" />
  <node id="5613991733" timestamp="2021-11-01T09:49:50Z" uid="881429" user="atpl_pilot" version="2" changeset="113226698" lat="52.393676" lon="13.1238109" />
  <node id="30581511" timestamp="2011-12-15T16:01:12Z" uid="6669" user="Elwood" version="2" changeset="10125048" lat="52.3963003" lon="13.1356571" />
  <node id="6899918781" timestamp="2019-10-20T10:43:38Z" uid="4798255" user="tecmap15" version="1" changeset="75949961" lat="52.3962499" lon="13.1355077" />
  <node id="30581509" timestamp="2010-01-29T08:59:03Z" uid="6669" user="Elwood" version="2" changeset="3741336" lat="52.3960795" lon="13.1350027" />
  <node id="30581507" timestamp="2010-01-29T08:59:03Z" uid="6669" user="Elwood" version="2" changeset="3741336" lat="52.3960359" lon="13.1348064" />
  <node id="8256336448" timestamp="2020-12-24T04:08:58Z" uid="1468248" user="PantherStrix" version="1" changeset="96356160" lat="52.395708" lon="13.1319921" />
  <node id="8256336487" timestamp="2020-12-24T04:08:58Z" uid="1468248" user="PantherStrix" version="1" changeset="96356160" lat="52.3956649" lon="13.1316225" />
  <node id="8256336454" timestamp="2020-12-24T04:08:58Z" uid="1468248" user="PantherStrix" version="1" changeset="96356160" lat="52.3956329" lon="13.1313479" />
  <node id="30570816" timestamp="2021-09-06T11:07:35Z" uid="10961311" user="StefanHRT" version="4" changeset="110796413" lat="52.3956214" lon="13.1312357" />
  <node id="8633187239" timestamp="2021-04-15T19:24:21Z" uid="10121078" user="klnkengi" version="1" changeset="103013913" lat="52.3950778" lon="13.1230212" />
  <node id="4999321455" timestamp="2017-07-28T08:31:18Z" uid="4669028" user="niccokunzmann" version="1" changeset="50641515" lat="52.3950706" lon="13.1229239" />
  <node id="11235668035" timestamp="2023-10-03T11:36:30Z" uid="3020814" user="BER319" version="1" changeset="142096241" lat="52.3927865" lon="13.1302171" />
  <node id="249783104" timestamp="2010-09-13T18:43:04Z" uid="111901" user="michaelgruenewald" version="2" changeset="5772306" lat="52.3927349" lon="13.1302554" />
  <node id="249783105" timestamp="2011-12-15T16:00:51Z" uid="6669" user="Elwood" version="2" changeset="10125048" lat="52.3926382" lon="13.1303008" />
  <node id="3986217777" timestamp="2016-02-03T14:37:42Z" uid="1724627" user="Scento" version="1" changeset="36978547" lat="52.3925475" lon="13.1303775" />
  <node id="249783106" timestamp="2020-05-03T16:42:19Z" uid="1468248" user="PantherStrix" version="3" changeset="84572274" lat="52.3923874" lon="13.1304987" />
  <node id="249783108" timestamp="2011-12-15T16:00:51Z" uid="6669" user="Elwood" version="2" changeset="10125048" lat="52.3924004" lon="13.1306462" />
  <node id="924217529" timestamp="2020-08-02T13:49:04Z" uid="1468248" user="PantherStrix" version="7" changeset="88840753" lat="52.3922461" lon="13.1308652" />
  <node id="253752670" timestamp="2019-12-15T09:34:13Z" uid="1468248" user="PantherStrix" version="6" changeset="78425111" lat="52.3952634" lon="13.1282009" />
  <node id="1737829968" timestamp="2012-05-01T23:34:40Z" uid="32112" user="SverigeFan" version="1" changeset="11475248" lat="52.3950937" lon="13.1282425" />
  <node id="11030670251" timestamp="2023-07-06T19:36:19Z" uid="1468248" user="PantherStrix" version="1" changeset="138202311" lat="52.3950715" lon="13.1282589" />
  <node id="11030670250" timestamp="2023-07-06T19:36:19Z" uid="1468248" user="PantherStrix" version="1" changeset="138202311" lat="52.3950522" lon="13.1282834" />
  <node id="410940699" timestamp="2012-05-01T23:34:53Z" uid="32112" user="SverigeFan" version="3" changeset="11475248" lat="52.395037" lon="13.1283146" />
  <node id="11030670249" timestamp="2023-07-06T19:36:19Z" uid="1468248" user="PantherStrix" version="1" changeset="138202311" lat="52.3950272" lon="13.1283486" />
  <node id="11030670248" timestamp="2023-07-06T19:36:19Z" uid="1468248" user="PantherStrix" version="1" changeset="138202311" lat="52.3950222" lon="13.1283853" />
  <node id="2138533027" timestamp="2019-12-15T09:34:13Z" uid="1468248" user="PantherStrix" version="4" changeset="78425111" lat="52.3950223" lon="13.1284229" />
  <node id="1122218239" timestamp="2020-05-03T15:49:41Z" uid="1468248" user="PantherStrix" version="4" changeset="84569892" lat="52.3938549" lon="13.1297776" />
  <node id="296941176" timestamp="2020-05-03T15:49:41Z" uid="1468248" user="PantherStrix" version="10" changeset="84569892" lat="52.3938591" lon="13.1298827">
    <tag k="access" v="private" />
    <tag k="barrier" v="lift_gate" />
    <tag k="bicycle" v="yes" />
    <tag k="foot" v="yes" />
  </node>
  <node id="420646817" timestamp="2020-05-03T15:49:41Z" uid="1468248" user="PantherStrix" version="7" changeset="84569892" lat="52.3938825" lon="13.1304672" />
  <node id="931650094" timestamp="2022-10-22T10:41:26Z" uid="1468248" user="PantherStrix" version="4" changeset="127916762" lat="52.3927097" lon="13.1229538" />
  <node id="11324279827" timestamp="2024-11-14T16:45:29Z" uid="1468248" user="PantherStrix" version="2" changeset="159138243" lat="52.392711" lon="13.1230241" />
  <node id="296937660" timestamp="2024-11-14T16:45:29Z" uid="1468248" user="PantherStrix" version="9" changeset="159138243" lat="52.392713" lon="13.1231342" />
  <node id="4874646836" timestamp="2024-11-14T16:45:29Z" uid="1468248" user="PantherStrix" version="4" changeset="159138243" lat="52.3927154" lon="13.1232681" />
  <node id="8676268320" timestamp="2024-11-14T16:45:29Z" uid="1468248" user="PantherStrix" version="4" changeset="159138243" lat="52.3927449" lon="13.1248999" />
  <node id="8977535599" timestamp="2024-11-14T16:45:29Z" uid="1468248" user="PantherStrix" version="4" changeset="159138243" lat="52.3927537" lon="13.1253875" />
  <node id="12623246446" timestamp="2025-02-27T13:02:22Z" uid="1468248" user="PantherStrix" version="1" changeset="163011624" lat="52.3927545" lon="13.1254306" />
  <node id="11324283396" timestamp="2023-11-05T12:13:32Z" uid="6167506" user="christian_plus1" version="1" changeset="143647074" lat="52.3954444" lon="13.1231557" />
  <node id="9761100540" timestamp="2025-04-16T19:54:39Z" uid="13547320" user="VonMorgen" version="3" changeset="165044529" lat="52.3954568" lon="13.1231671" />
  <node id="4880499667" timestamp="2022-05-22T07:29:27Z" uid="1468248" user="PantherStrix" version="2" changeset="121306842" lat="52.3955577" lon="13.123271" />
  <node id="622298608" timestamp="2022-05-22T07:29:27Z" uid="1468248" user="PantherStrix" version="3" changeset="121306842" lat="52.39559" lon="13.1233393" />
  <node id="9761100521" timestamp="2022-05-22T07:29:27Z" uid="1468248" user="PantherStrix" version="1" changeset="121306842" lat="52.3956269" lon="13.1233734" />
  <node id="4880499668" timestamp="2022-05-22T07:29:27Z" uid="1468248" user="PantherStrix" version="2" changeset="121306842" lat="52.3956722" lon="13.1233843" />
  <node id="622298610" timestamp="2022-05-22T07:29:27Z" uid="1468248" user="PantherStrix" version="2" changeset="121306842" lat="52.3957622" lon="13.1233908" />
  <node id="622298611" timestamp="2022-05-22T07:29:27Z" uid="1468248" user="PantherStrix" version="2" changeset="121306842" lat="52.3958416" lon="13.1234441" />
  <node id="270798465" timestamp="2022-05-22T07:29:27Z" uid="1468248" user="PantherStrix" version="3" changeset="121306842" lat="52.3958991" lon="13.123524" />
  <node id="253752348" timestamp="2010-01-29T09:09:55Z" uid="6669" user="Elwood" version="2" changeset="3741336" lat="52.3962168" lon="13.1234712" />
  <node id="11324279807" timestamp="2026-01-30T17:22:48Z" uid="1468248" user="PantherStrix" version="4" changeset="177899319" lat="52.395088" lon="13.1224192">
    <tag k="crossing" v="unmarked" />
    <tag k="crossing:island" v="no" />
    <tag k="crossing:markings" v="no" />
    <tag k="highway" v="crossing" />
    <tag k="tactile_paving" v="no" />
  </node>
  <node id="11324283412" timestamp="2026-01-30T17:22:48Z" uid="1468248" user="PantherStrix" version="5" changeset="177899319" lat="52.3954473" lon="13.1223452">
    <tag k="crossing" v="unmarked" />
    <tag k="crossing:island" v="no" />
    <tag k="crossing:markings" v="no" />
    <tag k="highway" v="crossing" />
    <tag k="tactile_paving" v="no" />
  </node>
  <node id="11324283414" timestamp="2026-01-30T17:22:48Z" uid="1468248" user="PantherStrix" version="2" changeset="177899319" lat="52.3957146" lon="13.1222902" />
  <node id="7942873408" timestamp="2026-01-30T17:22:48Z" uid="1468248" user="PantherStrix" version="3" changeset="177899319" lat="52.3957506" lon="13.1222828">
    <tag k="direction" v="forward" />
    <tag k="highway" v="give_way" />
    <tag k="traffic_sign" v="DE:205" />
  </node>
  <node id="11324279799" timestamp="2026-01-30T17:22:48Z" uid="1468248" user="PantherStrix" version="4" changeset="177899319" lat="52.3957943" lon="13.1222738">
    <tag k="crossing" v="unmarked" />
    <tag k="crossing:island" v="no" />
    <tag k="crossing:markings" v="no" />
    <tag k="highway" v="crossing" />
    <tag k="tactile_paving" v="no" />
  </node>
  <node id="88102902" timestamp="2026-01-30T17:22:48Z" uid="1468248" user="PantherStrix" version="10" changeset="177899319" lat="52.3958828" lon="13.1222556" />
  <node id="10264921737" timestamp="2025-05-26T19:06:44Z" uid="44217" user="kjon" version="7" changeset="166794234" lat="52.393829" lon="13.1273966">
    <tag k="crossing" v="unmarked" />
    <tag k="crossing:island" v="no" />
    <tag k="crossing:markings" v="no" />
    <tag k="highway" v="crossing" />
    <tag k="tactile_paving" v="yes" />
  </node>
  <node id="922338026" timestamp="2025-02-27T13:02:22Z" uid="1468248" user="PantherStrix" version="7" changeset="163011624" lat="52.393836" lon="13.1276817" />
  <node id="5793712872" timestamp="2024-02-27T17:35:51Z" uid="1468248" user="PantherStrix" version="4" changeset="147983389" lat="52.3938499" lon="13.1282499" />
  <node id="928107758" timestamp="2024-12-07T06:33:49Z" uid="1468248" user="PantherStrix" version="6" changeset="160016896" lat="52.3938519" lon="13.1283226" />
  <node id="1737829959" timestamp="2020-08-02T13:49:04Z" uid="1468248" user="PantherStrix" version="6" changeset="88840753" lat="52.3919645" lon="13.13108" />
  <node id="4199580122" timestamp="2020-05-03T16:42:19Z" uid="1468248" user="PantherStrix" version="2" changeset="84572274" lat="52.3920094" lon="13.1311382" />
  <node id="911043422" timestamp="2020-05-03T16:42:19Z" uid="1468248" user="PantherStrix" version="5" changeset="84572274" lat="52.3925024" lon="13.131767" />
  <node id="282843469" timestamp="2020-05-03T16:42:19Z" uid="1468248" user="PantherStrix" version="7" changeset="84572274" lat="52.3926465" lon="13.1319507" />
  <node id="4206008087" timestamp="2020-05-03T16:42:19Z" uid="1468248" user="PantherStrix" version="2" changeset="84572274" lat="52.3927453" lon="13.1320768" />
  <node id="7476465530" timestamp="2020-05-03T16:42:19Z" uid="1468248" user="PantherStrix" version="1" changeset="84572274" lat="52.3930879" lon="13.1325411" />
  <node id="924218497" timestamp="2010-12-08T13:48:23Z" uid="8457" user="N01C3" version="2" changeset="6585216" lat="52.3931823" lon="13.1326691" />
  <node id="282843470" timestamp="2020-05-03T15:49:41Z" uid="1468248" user="PantherStrix" version="6" changeset="84569892" lat="52.3932334" lon="13.1327363" />
  <node id="926885593" timestamp="2025-02-27T13:02:22Z" uid="1468248" user="PantherStrix" version="7" changeset="163011624" lat="52.3924919" lon="13.1266787" />
  <node id="926882849" timestamp="2025-02-27T13:02:22Z" uid="1468248" user="PantherStrix" version="6" changeset="163011624" lat="52.3924371" lon="13.1266618" />
  <node id="6846246720" timestamp="2025-02-27T13:02:22Z" uid="1468248" user="PantherStrix" version="3" changeset="163011624" lat="52.391858" lon="13.1264824" />
  <node id="926885160" timestamp="2025-02-27T13:02:22Z" uid="1468248" user="PantherStrix" version="8" changeset="163011624" lat="52.3918" lon="13.1264645" />
  <node id="296937648" timestamp="2021-08-03T15:27:22Z" uid="1468248" user="PantherStrix" version="5" changeset="109101507" lat="52.3917666" lon="13.1264541" />
  <node id="3872783869" timestamp="2025-03-16T19:44:24Z" uid="1468248" user="PantherStrix" version="7" changeset="163703942" lat="52.3917066" lon="13.1264345">
    <tag k="bicycle" v="yes" />
    <tag k="bollard" v="removable" />
    <tag k="disused:barrier" v="bollard" />
    <tag k="foot" v="yes" />
    <tag k="material" v="metal" />
  </node>
  <node id="931634094" timestamp="2025-03-16T19:44:24Z" uid="1468248" user="PantherStrix" version="5" changeset="163703942" lat="52.3916686" lon="13.1264214">
    <tag k="maxspeed" v="30" />
    <tag k="traffic_sign" v="maxspeed" />
  </node>
  <node id="296941172" timestamp="2020-05-03T15:49:41Z" uid="1468248" user="PantherStrix" version="7" changeset="84569892" lat="52.3932299" lon="13.1326288" />
  <node id="994059583" timestamp="2020-05-03T15:49:41Z" uid="1468248" user="PantherStrix" version="5" changeset="84569892" lat="52.3934466" lon="13.1326096" />
  <node id="994059608" timestamp="2020-05-03T15:49:41Z" uid="1468248" user="PantherStrix" version="5" changeset="84569892" lat="52.3934907" lon="13.1326057" />
  <node id="420646766" timestamp="2020-05-03T15:49:41Z" uid="1468248" user="PantherStrix" version="4" changeset="84569892" lat="52.3935803" lon="13.1325978" />
  <node id="296941174" timestamp="2020-05-03T15:49:41Z" uid="1468248" user="PantherStrix" version="8" changeset="84569892" lat="52.3939661" lon="13.132563" />
  <node id="266766742" timestamp="2020-05-03T15:49:41Z" uid="1468248" user="PantherStrix" version="7" changeset="84569892" lat="52.3939427" lon="13.1319762" />
  <node id="1123753894" timestamp="2022-12-15T12:57:19Z" uid="1468248" user="PantherStrix" version="5" changeset="130114280" lat="52.3940203" lon="13.1294268" />
  <node id="955135731" timestamp="2022-12-15T12:57:19Z" uid="1468248" user="PantherStrix" version="7" changeset="130114280" lat="52.3939833" lon="13.1289173">
    <tag k="bus" v="yes" />
    <tag k="name" v="S Griebnitzsee Bahnhof/Süd" />
    <tag k="public_transport" v="stop_position" />
  </node>
  <node id="92824564" timestamp="2022-06-11T14:16:55Z" uid="1468248" user="PantherStrix" version="3" changeset="122251310" lat="52.3980714" lon="13.1365948" />
  <node id="9810981458" timestamp="2022-06-11T14:16:55Z" uid="1468248" user="PantherStrix" version="1" changeset="122251310" lat="52.3979314" lon="13.1362619" />
  <node id="13522794970" timestamp="2026-02-03T20:44:43Z" uid="1468248" user="PantherStrix" version="1" changeset="178067476" lat="52.3970973" lon="13.134278" />
  <node id="622296748" timestamp="2010-01-29T08:59:02Z" uid="6669" user="Elwood" version="1" changeset="3741336" lat="52.3959479" lon="13.1315443" />
  <node id="2445967535" timestamp="2013-09-04T15:06:14Z" uid="111462" user="OSM-Bot" version="1" changeset="17673320" lat="52.3958379" lon="13.1313615" />
  <node id="13522794932" timestamp="2026-02-03T20:44:43Z" uid="1468248" user="PantherStrix" version="1" changeset="178067476" lat="52.3958179" lon="13.131336" />
  <node id="8247764156" timestamp="2020-12-21T12:29:02Z" uid="10455639" user="srderang" version="1" changeset="96195589" lat="52.3957678" lon="13.131272" />
  <node id="9066446033" timestamp="2021-09-06T11:07:35Z" uid="10961311" user="StefanHRT" version="1" changeset="110796413" lat="52.3957246" lon="13.1312395" />
  <node id="9066446034" timestamp="2021-09-06T11:07:35Z" uid="10961311" user="StefanHRT" version="1" changeset="110796413" lat="52.3956778" lon="13.1312177" />
  <node id="30582612" timestamp="2021-01-25T20:53:19Z" uid="4798255" user="tecmap15" version="6" changeset="98144011" lat="52.3958396" lon="13.1425096" />
  <node id="673428023" timestamp="2021-01-25T20:53:19Z" uid="4798255" user="tecmap15" version="3" changeset="98144011" lat="52.3952611" lon="13.1409737" />
  <node id="2963389639" timestamp="2021-01-25T20:53:19Z" uid="4798255" user="tecmap15" version="2" changeset="98144011" lat="52.3950695" lon="13.1403144" />
  <node id="673428020" timestamp="2021-01-25T20:53:19Z" uid="4798255" user="tecmap15" version="2" changeset="98144011" lat="52.3950342" lon="13.1402372" />
  <node id="309169032" timestamp="2021-01-25T20:53:19Z" uid="4798255" user="tecmap15" version="2" changeset="98144011" lat="52.3949491" lon="13.1398519" />
  <node id="8362486507" timestamp="2021-01-25T20:53:19Z" uid="4798255" user="tecmap15" version="1" changeset="98144011" lat="52.3948472" lon="13.1392975" />
  <node id="8362486508" timestamp="2021-01-25T20:53:19Z" uid="4798255" user="tecmap15" version="1" changeset="98144011" lat="52.3946587" lon="13.1388273" />
  <node id="8362486506" timestamp="2021-01-25T20:53:19Z" uid="4798255" user="tecmap15" version="1" changeset="98144011" lat="52.3943718" lon="13.1383755" />
  <node id="309169035" timestamp="2023-10-08T09:43:09Z" uid="3020814" user="BER319" version="2" changeset="142296633" lat="52.3941676" lon="13.1379032" />
  <node id="309169038" timestamp="2008-11-01T17:31:43Z" uid="66391" user="geozeisig" version="1" changeset="653111" lat="52.3938576" lon="13.1369969" />
  <node id="8362486509" timestamp="2021-01-25T20:53:19Z" uid="4798255" user="tecmap15" version="1" changeset="98144011" lat="52.3937346" lon="13.1366881" />
  <node id="309169040" timestamp="2008-11-01T17:31:43Z" uid="66391" user="geozeisig" version="1" changeset="653111" lat="52.3932737" lon="13.1367299" />
  <node id="7476393249" timestamp="2020-05-03T16:24:14Z" uid="571421" user="FCBDCrash" version="1" changeset="84571394" lat="52.3929443" lon="13.1367471" />
  <node id="309169041" timestamp="2008-11-01T17:31:44Z" uid="66391" user="geozeisig" version="1" changeset="653111" lat="52.3926353" lon="13.1367633" />
  <node id="6275223534" timestamp="2021-01-25T20:53:19Z" uid="4798255" user="tecmap15" version="2" changeset="98144011" lat="52.3905756" lon="13.1368557" />
  <node id="393094463" timestamp="2021-01-25T20:53:19Z" uid="4798255" user="tecmap15" version="3" changeset="98144011" lat="52.3898569" lon="13.1368778" />
  <node id="309169044" timestamp="2009-09-13T20:34:42Z" uid="101355" user="ottokar55" version="2" changeset="2474758" lat="52.3892748" lon="13.136899" />
  <node id="495567350" timestamp="2022-09-11T08:44:21Z" uid="1468248" user="PantherStrix" version="3" changeset="126040195" lat="52.388903" lon="13.1369358" />
  <node id="10015345918" timestamp="2022-09-11T08:44:21Z" uid="1468248" user="PantherStrix" version="1" changeset="126040195" lat="52.3888309" lon="13.1369284" />
  <node id="10015345919" timestamp="2022-09-11T08:44:21Z" uid="1468248" user="PantherStrix" version="1" changeset="126040195" lat="52.3887666" lon="13.136895" />
  <node id="309169045" timestamp="2022-09-11T08:44:21Z" uid="1468248" user="PantherStrix" version="4" changeset="126040195" lat="52.3886627" lon="13.1368009" />
  <node id="10015345931" timestamp="2022-09-11T08:44:21Z" uid="1468248" user="PantherStrix" version="1" changeset="126040195" lat="52.3885161" lon="13.136597" />
  <node id="10015345920" timestamp="2022-09-11T08:44:21Z" uid="1468248" user="PantherStrix" version="1" changeset="126040195" lat="52.3884984" lon="13.1365724" />
  <node id="10015345921" timestamp="2022-09-11T08:44:21Z" uid="1468248" user="PantherStrix" version="1" changeset="126040195" lat="52.3884909" lon="13.1365259" />
  <node id="393094506" timestamp="2009-05-10T08:26:46Z" uid="101355" user="ottokar55" version="1" changeset="1135676" lat="52.3884512" lon="13.136436" />
  <node id="10015345932" timestamp="2022-09-11T08:44:21Z" uid="1468248" user="PantherStrix" version="1" changeset="126040195" lat="52.3883874" lon="13.1363527" />
  <node id="10015345930" timestamp="2022-09-11T08:44:21Z" uid="1468248" user="PantherStrix" version="1" changeset="126040195" lat="52.3883439" lon="13.1363492" />
  <node id="10015345935" timestamp="2022-09-11T08:44:21Z" uid="1468248" user="PantherStrix" version="1" changeset="126040195" lat="52.3883059" lon="13.1363548" />
  <node id="30582643" timestamp="2022-09-11T08:44:21Z" uid="1468248" user="PantherStrix" version="5" changeset="126040195" lat="52.3882382" lon="13.1362974" />
  <node id="2513869292" timestamp="2023-07-06T19:36:19Z" uid="1468248" user="PantherStrix" version="6" changeset="138202311" lat="52.3947199" lon="13.1285164">
    <tag k="level" v="-1" />
  </node>
  <node id="612771896" timestamp="2024-12-07T06:33:49Z" uid="1468248" user="PantherStrix" version="10" changeset="160016896" lat="52.3945942" lon="13.1285513" />
  <node id="2513869247" timestamp="2025-03-16T19:44:24Z" uid="1468248" user="PantherStrix" version="7" changeset="163703942" lat="52.3944302" lon="13.1285898" />
  <node id="2513869241" timestamp="2024-12-07T06:33:49Z" uid="1468248" user="PantherStrix" version="7" changeset="160016896" lat="52.3941889" lon="13.1286465" />
  <node id="309164581" timestamp="2024-12-07T06:33:49Z" uid="1468248" user="PantherStrix" version="13" changeset="160016896" lat="52.3941855" lon="13.1286072">
    <tag k="level" v="-1" />
  </node>
  <node id="695216405" timestamp="2024-12-07T06:33:49Z" uid="1468248" user="PantherStrix" version="8" changeset="160016896" lat="52.394166" lon="13.1283762">
    <tag k="level" v="0" />
  </node>
  <node id="11324279824" timestamp="2023-11-05T12:13:32Z" uid="6167506" user="christian_plus1" version="1" changeset="143647074" lat="52.3940702" lon="13.1225804" />
  <node id="7387287912" timestamp="2020-04-09T21:25:00Z" uid="1468248" user="PantherStrix" version="1" changeset="83328476" lat="52.3940616" lon="13.1225085" />
  <node id="369806077" timestamp="2020-04-09T21:25:00Z" uid="1468248" user="PantherStrix" version="6" changeset="83328476" lat="52.3940837" lon="13.1223673" />
  <node id="2120552537" timestamp="2020-04-09T21:25:00Z" uid="1468248" user="PantherStrix" version="4" changeset="83328476" lat="52.3940597" lon="13.1217707" />
  <node id="2120552536" timestamp="2020-04-09T21:25:00Z" uid="1468248" user="PantherStrix" version="5" changeset="83328476" lat="52.3939721" lon="13.1212508" />
  <node id="2120552535" timestamp="2020-04-09T21:25:00Z" uid="1468248" user="PantherStrix" version="4" changeset="83328476" lat="52.3936999" lon="13.1186516" />
  <node id="6915007332" timestamp="2020-04-09T21:25:00Z" uid="1468248" user="PantherStrix" version="4" changeset="83328476" lat="52.3937435" lon="13.1183539" />
  <node id="2120552534" timestamp="2020-04-09T21:25:00Z" uid="1468248" user="PantherStrix" version="5" changeset="83328476" lat="52.393688" lon="13.1178881" />
  <node id="369806082" timestamp="2020-04-09T21:25:00Z" uid="1468248" user="PantherStrix" version="6" changeset="83328476" lat="52.3936251" lon="13.1170628" />
  <node id="7387287909" timestamp="2020-04-09T21:25:00Z" uid="1468248" user="PantherStrix" version="1" changeset="83328476" lat="52.3935959" lon="13.1166297" />
  <node id="6915007339" timestamp="2020-04-09T21:25:00Z" uid="1468248" user="PantherStrix" version="4" changeset="83328476" lat="52.3936052" lon="13.1162177" />
  <node id="7387287910" timestamp="2020-04-09T21:25:00Z" uid="1468248" user="PantherStrix" version="1" changeset="83328476" lat="52.393564" lon="13.1157795" />
  <node id="2120552533" timestamp="2020-04-09T21:25:00Z" uid="1468248" user="PantherStrix" version="5" changeset="83328476" lat="52.3934695" lon="13.1153854" />
  <node id="2120552532" timestamp="2020-04-09T21:25:00Z" uid="1468248" user="PantherStrix" version="5" changeset="83328476" lat="52.393397" lon="13.1145219" />
  <node id="369806085" timestamp="2020-04-09T21:25:00Z" uid="1468248" user="PantherStrix" version="7" changeset="83328476" lat="52.3935176" lon="13.1141908" />
  <node id="2120552531" timestamp="2020-04-09T21:25:00Z" uid="1468248" user="PantherStrix" version="4" changeset="83328476" lat="52.3934777" lon="13.1136159" />
  <node id="2120552530" timestamp="2020-04-09T21:25:00Z" uid="1468248" user="PantherStrix" version="5" changeset="83328476" lat="52.3933117" lon="13.1133579" />
  <node id="2120552528" timestamp="2020-04-09T21:25:00Z" uid="1468248" user="PantherStrix" version="4" changeset="83328476" lat="52.393288" lon="13.1131922" />
  <node id="2120552527" timestamp="2020-04-09T21:25:00Z" uid="1468248" user="PantherStrix" version="4" changeset="83328476" lat="52.3932258" lon="13.1130188" />
  <node id="7387287911" timestamp="2020-04-09T21:25:00Z" uid="1468248" user="PantherStrix" version="1" changeset="83328476" lat="52.393199" lon="13.1127915" />
  <node id="2120552529" timestamp="2020-04-09T21:25:00Z" uid="1468248" user="PantherStrix" version="4" changeset="83328476" lat="52.3932111" lon="13.1125289" />
  <node id="2120552526" timestamp="2020-04-09T21:25:00Z" uid="1468248" user="PantherStrix" version="5" changeset="83328476" lat="52.3932008" lon="13.1120094" />
  <node id="369806087" timestamp="2020-04-09T21:25:00Z" uid="1468248" user="PantherStrix" version="7" changeset="83328476" lat="52.3931261" lon="13.1114716" />
  <node id="2120552519" timestamp="2020-04-09T21:25:00Z" uid="1468248" user="PantherStrix" version="5" changeset="83328476" lat="52.3929746" lon="13.109796" />
  <node id="8910129199" timestamp="2022-08-28T12:15:03Z" uid="1468248" user="PantherStrix" version="2" changeset="125475048" lat="52.3954044" lon="13.1283611" />
  <node id="9983287332" timestamp="2022-08-28T12:15:03Z" uid="1468248" user="PantherStrix" version="1" changeset="125475048" lat="52.3955894" lon="13.1282584" />
  <node id="11324283369" timestamp="2023-11-05T12:13:32Z" uid="6167506" user="christian_plus1" version="1" changeset="143647074" lat="52.3949884" lon="13.1284334" />
  <node id="2513869310" timestamp="2023-07-06T19:36:19Z" uid="1468248" user="PantherStrix" version="7" changeset="138202311" lat="52.3949439" lon="13.1284471">
    <tag k="access" v="yes" />
    <tag k="automatic_door" v="no" />
    <tag k="door" v="hinged" />
    <tag k="entrance" v="main" />
    <tag k="wheelchair" v="yes" />
  </node>
  <node id="414021448" timestamp="2019-10-20T10:43:38Z" uid="4798255" user="tecmap15" version="5" changeset="75949961" lat="52.3959781" lon="13.1242065">
    <tag k="access" v="private" />
    <tag k="barrier" v="gate" />
    <tag k="bicycle" v="no" />
    <tag k="foot" v="no" />
  </node>
  <node id="1371701049" timestamp="2011-07-23T23:04:59Z" uid="101355" user="ottokar55" version="1" changeset="8810930" lat="52.3960366" lon="13.1239694" />
  <node id="622298613" timestamp="2010-01-29T09:09:51Z" uid="6669" user="Elwood" version="1" changeset="3741336" lat="52.3960533" lon="13.1237889" />
  <node id="622298612" timestamp="2010-01-29T09:09:51Z" uid="6669" user="Elwood" version="1" changeset="3741336" lat="52.396115" lon="13.1236197" />
  <node id="414021449" timestamp="2026-01-30T17:22:48Z" uid="1468248" user="PantherStrix" version="5" changeset="177899319" lat="52.3956822" lon="13.1255819">
    <tag k="barrier" v="gate" />
    <tag k="bicycle" v="no" />
    <tag k="foot" v="no" />
  </node>
  <node id="622298615" timestamp="2013-09-04T14:48:17Z" uid="111462" user="OSM-Bot" version="2" changeset="17673022" lat="52.3957089" lon="13.1254259" />
  <node id="622298614" timestamp="2013-09-04T14:48:17Z" uid="111462" user="OSM-Bot" version="2" changeset="17673022" lat="52.3957513" lon="13.1251336" />
  <node id="622298616" timestamp="2010-01-29T09:09:51Z" uid="6669" user="Elwood" version="1" changeset="3741336" lat="52.3958683" lon="13.1246932" />
  <node id="420646785" timestamp="2020-05-03T15:49:41Z" uid="1468248" user="PantherStrix" version="6" changeset="84569892" lat="52.3939256" lon="13.1315473" />
  <node id="420646778" timestamp="2012-05-01T23:34:53Z" uid="32112" user="SverigeFan" version="2" changeset="11475248" lat="52.3937948" lon="13.131725" />
  <node id="2149303068" timestamp="2013-02-10T17:53:37Z" uid="9607" user="hfs" version="1" changeset="14984262" lat="52.3937611" lon="13.1318143" />
  <node id="7476350759" timestamp="2020-05-03T15:49:41Z" uid="1468248" user="PantherStrix" version="1" changeset="84569892" lat="52.3937383" lon="13.1319616" />
  <node id="7476350758" timestamp="2020-05-03T15:49:41Z" uid="1468248" user="PantherStrix" version="1" changeset="84569892" lat="52.3937356" lon="13.1320364" />
  <node id="420646776" timestamp="2020-05-03T15:49:41Z" uid="1468248" user="PantherStrix" version="3" changeset="84569892" lat="52.3937194" lon="13.1321102" />
  <node id="7476350757" timestamp="2020-05-03T15:49:41Z" uid="1468248" user="PantherStrix" version="1" changeset="84569892" lat="52.3936763" lon="13.1321859" />
  <node id="420646771" timestamp="2012-05-01T23:34:53Z" uid="32112" user="SverigeFan" version="3" changeset="11475248" lat="52.3936351" lon="13.1322814" />
  <node id="994520525" timestamp="2020-05-03T15:49:41Z" uid="1468248" user="PantherStrix" version="4" changeset="84569892" lat="52.3936089" lon="13.1323811" />
  <node id="420646769" timestamp="2012-05-01T23:34:53Z" uid="32112" user="SverigeFan" version="3" changeset="11475248" lat="52.393579" lon="13.132503" />
  <node id="7476350862" timestamp="2020-05-03T15:49:41Z" uid="1468248" user="PantherStrix" version="1" changeset="84569892" lat="52.393598" lon="13.1326995" />
  <node id="994059576" timestamp="2020-05-03T15:49:41Z" uid="1468248" user="PantherStrix" version="2" changeset="84569892" lat="52.3936175" lon="13.132787" />
  <node id="7476350861" timestamp="2020-05-03T15:49:41Z" uid="1468248" user="PantherStrix" version="1" changeset="84569892" lat="52.393642" lon="13.1328407" />
  <node id="7476350860" timestamp="2020-05-03T15:49:41Z" uid="1468248" user="PantherStrix" version="1" changeset="84569892" lat="52.3936879" lon="13.1329141" />
  <node id="994059574" timestamp="2020-05-03T15:49:41Z" uid="1468248" user="PantherStrix" version="3" changeset="84569892" lat="52.3937378" lon="13.1329798" />
  <node id="7476350863" timestamp="2020-05-03T15:49:41Z" uid="1468248" user="PantherStrix" version="1" changeset="84569892" lat="52.3937593" lon="13.1330434" />
  <node id="4206050068" timestamp="2020-05-03T15:49:41Z" uid="1468248" user="PantherStrix" version="2" changeset="84569892" lat="52.3937765" lon="13.1331065" />
  <node id="7476350859" timestamp="2020-05-03T15:49:41Z" uid="1468248" user="PantherStrix" version="1" changeset="84569892" lat="52.3938033" lon="13.1331529" />
  <node id="994059601" timestamp="2020-05-03T15:49:41Z" uid="1468248" user="PantherStrix" version="3" changeset="84569892" lat="52.3938341" lon="13.1331714" />
  <node id="994059612" timestamp="2016-05-24T23:46:04Z" uid="174995" user="invliD" version="3" changeset="39546844" lat="52.3939575" lon="13.1331924" />
  <node id="4207399613" timestamp="2017-10-29T14:33:19Z" uid="1468248" user="PantherStrix" version="2" changeset="53343510" lat="52.3937658" lon="13.130481" />
  <node id="2637632602" timestamp="2017-10-29T14:33:19Z" uid="1468248" user="PantherStrix" version="2" changeset="53343510" lat="52.393569" lon="13.1305044" />
  <node id="420646809" timestamp="2017-10-29T14:33:18Z" uid="1468248" user="PantherStrix" version="4" changeset="53343510" lat="52.3933864" lon="13.1305261" />
  <node id="1038356852" timestamp="2020-05-03T15:49:41Z" uid="1468248" user="PantherStrix" version="4" changeset="84569892" lat="52.3934051" lon="13.1309497" />
  <node id="1038356844" timestamp="2020-05-03T15:49:41Z" uid="1468248" user="PantherStrix" version="3" changeset="84569892" lat="52.3933561" lon="13.1310237" />
  <node id="420646831" timestamp="2017-05-26T15:57:09Z" uid="1468248" user="PantherStrix" version="5" changeset="49006247" lat="52.3932722" lon="13.1310324" />
  <node id="928124183" timestamp="2022-12-15T12:57:19Z" uid="1468248" user="PantherStrix" version="7" changeset="130114280" lat="52.3938723" lon="13.1291652" />
  <node id="928108172" timestamp="2025-05-26T19:06:44Z" uid="44217" user="kjon" version="9" changeset="166794234" lat="52.393858" lon="13.1285826">
    <tag k="crossing" v="unmarked" />
    <tag k="crossing:island" v="no" />
    <tag k="crossing:markings" v="no" />
    <tag k="highway" v="crossing" />
    <tag k="kerb" v="lowered" />
    <tag k="tactile_paving" v="no" />
  </node>
  <node id="5359343791" timestamp="2025-12-08T12:58:19Z" uid="15807212" user="ru_bl" version="4" changeset="175666363" lat="52.3938115" lon="13.1286161">
    <tag k="barrier" v="bollard" />
    <tag k="bollard" v="removable" />
    <tag k="emergency" v="designated" />
    <tag k="material" v="metal" />
    <tag k="maxwidth:physical" v="3.4" />
    <tag k="source:maxwidth:physical" v="ARCore" />
  </node>
  <node id="5793712880" timestamp="2024-02-27T17:35:51Z" uid="1468248" user="PantherStrix" version="4" changeset="147983389" lat="52.3937262" lon="13.1286214" />
  <node id="420646894" timestamp="2022-12-15T12:57:19Z" uid="1468248" user="PantherStrix" version="6" changeset="130114280" lat="52.3935194" lon="13.1286341" />
  <node id="1038351475" timestamp="2010-12-14T16:50:11Z" uid="8457" user="N01C3" version="1" changeset="6660065" lat="52.3932351" lon="13.1286517" />
  <node id="5761733037" timestamp="2024-02-27T17:35:51Z" uid="1468248" user="PantherStrix" version="3" changeset="147983389" lat="52.3935414" lon="13.1291368" />
  <node id="420646898" timestamp="2024-02-27T17:35:51Z" uid="1468248" user="PantherStrix" version="7" changeset="147983389" lat="52.3935441" lon="13.1291981" />
  <node id="1930735667" timestamp="2024-02-27T17:35:51Z" uid="1468248" user="PantherStrix" version="5" changeset="147983389" lat="52.3935568" lon="13.1294885" />
  <node id="7476477606" timestamp="2024-02-27T17:35:51Z" uid="1468248" user="PantherStrix" version="2" changeset="147983389" lat="52.3935679" lon="13.1297421" />
  <node id="249783102" timestamp="2010-12-14T16:59:52Z" uid="8457" user="N01C3" version="3" changeset="6660065" lat="52.3929401" lon="13.1300632" />
  <node id="420646910" timestamp="2024-06-22T11:42:19Z" uid="16371836" user="Till_btn" version="4" changeset="153025847" lat="52.393029" lon="13.1303778" />
  <node id="1068064325" timestamp="2010-12-27T18:50:33Z" uid="8457" user="N01C3" version="1" changeset="6780880" lat="52.3930725" lon="13.1306204" />
  <node id="420646911" timestamp="2010-12-27T18:50:38Z" uid="8457" user="N01C3" version="4" changeset="6780880" lat="52.3931243" lon="13.1310441" />
  <node id="1149060958" timestamp="2011-02-12T13:48:56Z" uid="9607" user="hfs" version="1" changeset="7264938" lat="52.3930321" lon="13.1311926" />
  <node id="11247712175" timestamp="2023-10-08T09:28:53Z" uid="3020814" user="BER319" version="1" changeset="142296477" lat="52.3931976" lon="13.1310383" />
  <node id="931634367" timestamp="2025-03-16T19:44:24Z" uid="1468248" user="PantherStrix" version="7" changeset="163703942" lat="52.3916827" lon="13.127227" />
  <node id="4866140055" timestamp="2025-03-16T19:44:24Z" uid="1468248" user="PantherStrix" version="4" changeset="163703942" lat="52.3916867" lon="13.1274534" />
  <node id="3872783872" timestamp="2025-03-16T19:44:24Z" uid="1468248" user="PantherStrix" version="8" changeset="163703942" lat="52.3916921" lon="13.1277646" />
  <node id="3872783873" timestamp="2025-03-16T19:44:24Z" uid="1468248" user="PantherStrix" version="8" changeset="163703942" lat="52.3916971" lon="13.128051" />
  <node id="3872783874" timestamp="2025-03-16T19:44:24Z" uid="1468248" user="PantherStrix" version="5" changeset="163703942" lat="52.391701" lon="13.1282729" />
  <node id="1748997373" timestamp="2025-03-16T19:44:24Z" uid="1468248" user="PantherStrix" version="7" changeset="163703942" lat="52.3917051" lon="13.1285079">
    <tag k="bus" v="yes" />
    <tag k="name" v="Rote-Kreuz-Straße" />
    <tag k="public_transport" v="stop_position" />
  </node>
  <node id="1737829955" timestamp="2025-03-16T19:44:24Z" uid="1468248" user="PantherStrix" version="5" changeset="163703942" lat="52.3917085" lon="13.128699" />
  <node id="3872783882" timestamp="2025-03-16T19:44:24Z" uid="1468248" user="PantherStrix" version="6" changeset="163703942" lat="52.391721" lon="13.1294173">
    <tag k="name" v="Potsdam" />
    <tag k="traffic_sign" v="city_limit" />
  </node>
  <node id="5058851560" timestamp="2025-03-16T19:44:24Z" uid="1468248" user="PantherStrix" version="5" changeset="163703942" lat="52.3917212" lon="13.1294265">
    <tag k="name" v="Berlin" />
    <tag k="traffic_sign" v="city_limit" />
  </node>
  <node id="13618121331" timestamp="2026-03-04T15:45:25Z" uid="16371836" user="Till_btn" version="1" changeset="179355835" lat="52.3950007" lon="13.1220152" />
  <node id="7942881478" timestamp="2020-09-25T17:35:50Z" uid="1468248" user="PantherStrix" version="1" changeset="91524325" lat="52.3949846" lon="13.1218141" />
  <node id="7942873394" timestamp="2020-09-25T17:17:02Z" uid="1468248" user="PantherStrix" version="1" changeset="91523496" lat="52.3949743" lon="13.1216906" />
  <node id="7942873399" timestamp="2020-09-25T17:17:02Z" uid="1468248" user="PantherStrix" version="1" changeset="91523496" lat="52.3949644" lon="13.1215694">
    <tag k="bus" v="yes" />
    <tag k="name" v="Hiroshima-Nagasaki-Platz" />
    <tag k="public_transport" v="stop_position" />
  </node>
  <node id="296934777" timestamp="2020-09-25T17:17:02Z" uid="1468248" user="PantherStrix" version="8" changeset="91523496" lat="52.3949504" lon="13.1213961">
    <tag k="bus" v="yes" />
    <tag k="name" v="Hiroshima-Nagasaki-Platz" />
    <tag k="public_transport" v="stop_position" />
  </node>
  <node id="7942873398" timestamp="2020-09-25T17:17:02Z" uid="1468248" user="PantherStrix" version="1" changeset="91523496" lat="52.3949389" lon="13.1212864" />
  <node id="10889045474" timestamp="2023-05-12T07:25:21Z" uid="1468248" user="PantherStrix" version="1" changeset="136004945" lat="52.3948988" lon="13.1209031" />
  <node id="10889045444" timestamp="2023-05-12T07:25:21Z" uid="1468248" user="PantherStrix" version="1" changeset="136004945" lat="52.3948901" lon="13.1208234" />
  <node id="2644068081" timestamp="2023-05-12T07:25:21Z" uid="1468248" user="PantherStrix" version="3" changeset="136004945" lat="52.3948329" lon="13.1202976" />
  <node id="2644068079" timestamp="2023-05-12T07:25:21Z" uid="1468248" user="PantherStrix" version="4" changeset="136004945" lat="52.394803" lon="13.1200223" />
  <node id="654097807" timestamp="2023-05-12T07:25:21Z" uid="1468248" user="PantherStrix" version="8" changeset="136004945" lat="52.3947324" lon="13.1193732">
    <tag k="bus" v="yes" />
    <tag k="name" v="Otto-Erich-Straße" />
    <tag k="public_transport" v="stop_position" />
  </node>
  <node id="1986641835" timestamp="2023-05-12T07:25:21Z" uid="1468248" user="PantherStrix" version="3" changeset="136004945" lat="52.3947227" lon="13.1192843">
    <tag k="bus" v="yes" />
    <tag k="name" v="Otto-Erich-Straße" />
    <tag k="public_transport" v="stop_position" />
  </node>
  <node id="6915007345" timestamp="2020-04-10T06:17:08Z" uid="4798255" user="tecmap15" version="2" changeset="83341146" lat="52.3946258" lon="13.1183933" />
  <node id="88137617" timestamp="2020-04-09T10:50:59Z" uid="3981924" user="dx125" version="3" changeset="83303061" lat="52.3945717" lon="13.1178818" />
  <node id="2014738046" timestamp="2016-12-04T08:23:45Z" uid="43566" user="anbr" version="2" changeset="44152670" lat="52.3944418" lon="13.1167925" />
  <node id="4471609250" timestamp="2016-12-04T08:23:48Z" uid="43566" user="anbr" version="2" changeset="44152670" lat="52.3943685" lon="13.1162258" />
  <node id="1783964195" timestamp="2016-12-04T08:23:44Z" uid="43566" user="anbr" version="2" changeset="44152670" lat="52.3942893" lon="13.1156191" />
  <node id="6915007348" timestamp="2020-04-10T06:17:08Z" uid="4798255" user="tecmap15" version="2" changeset="83341146" lat="52.3942019" lon="13.114985" />
  <node id="296934775" timestamp="2019-05-17T16:54:58Z" uid="122712" user="johndoe" version="7" changeset="70366087" lat="52.3941918" lon="13.1149106">
    <tag k="bus" v="yes" />
    <tag k="name" v="Freiligrathstraße" />
    <tag k="public_transport" v="stop_position" />
  </node>
  <node id="3092025392" timestamp="2014-09-23T06:50:11Z" uid="2143814" user="HorstVoigt" version="1" changeset="25618495" lat="52.39418" lon="13.1148244" />
  <node id="2122561537" timestamp="2022-10-22T10:41:26Z" uid="1468248" user="PantherStrix" version="5" changeset="127916762" lat="52.3923513" lon="13.1230193" />
  <node id="4874646418" timestamp="2022-10-22T10:41:26Z" uid="1468248" user="PantherStrix" version="4" changeset="127916762" lat="52.3921019" lon="13.1230649" />
  <node id="296937623" timestamp="2022-12-15T12:57:19Z" uid="1468248" user="PantherStrix" version="10" changeset="130114280" lat="52.3919374" lon="13.1230946">
    <tag k="bus" v="yes" />
    <tag k="name" v="Stahnsdorfer Straße/August-Bebel-Straße" />
    <tag k="public_transport" v="stop_position" />
  </node>
  <node id="10264921808" timestamp="2022-12-15T12:57:19Z" uid="1468248" user="PantherStrix" version="1" changeset="130114280" lat="52.3918942" lon="13.1231025">
    <tag k="bus" v="yes" />
    <tag k="name" v="Stahnsdorfer Straße/August-Bebel-Straße" />
    <tag k="public_transport" v="stop_position" />
  </node>
  <node id="30570783" timestamp="2024-01-16T12:10:53Z" uid="20888446" user="osm-bd9c0c" version="13" changeset="146321308" lat="52.3917054" lon="13.1231372">
    <tag k="button_operated" v="yes" />
    <tag k="crossing" v="traffic_signals" />
    <tag k="crossing:island" v="no" />
    <tag k="crossing:markings" v="dashes" />
    <tag k="highway" v="crossing" />
    <tag k="kerb" v="lowered" />
    <tag k="tactile_paving" v="yes" />
    <tag k="traffic_signals:arrow" v="yes" />
    <tag k="traffic_signals:sound" v="yes" />
    <tag k="traffic_signals:vibration" v="yes" />
  </node>
  <node id="10873315179" timestamp="2023-05-06T12:59:31Z" uid="10121078" user="klnkengi" version="1" changeset="135776282" lat="52.3916135" lon="13.1231541" />
  <node id="11324279840" timestamp="2023-11-05T12:13:32Z" uid="6167506" user="christian_plus1" version="1" changeset="143647074" lat="52.3935254" lon="13.1226911" />
  <node id="11324279841" timestamp="2023-11-05T12:13:32Z" uid="6167506" user="christian_plus1" version="1" changeset="143647074" lat="52.3935316" lon="13.1226512" />
  <node id="11324279835" timestamp="2023-11-05T12:13:32Z" uid="6167506" user="christian_plus1" version="1" changeset="143647074" lat="52.3935848" lon="13.1225861" />
  <node id="11324279842" timestamp="2023-11-05T12:13:32Z" uid="6167506" user="christian_plus1" version="1" changeset="143647074" lat="52.3935888" lon="13.1225429" />
  <node id="570596665" timestamp="2009-11-25T08:05:54Z" uid="113646" user="voland" version="1" changeset="3210122" lat="52.3932573" lon="13.120243" />
  <node id="886590310" timestamp="2010-08-29T18:55:05Z" uid="21904" user="dnaber" version="1" changeset="5629529" lat="52.3930771" lon="13.1179985" />
  <node id="570596664" timestamp="2009-11-25T08:05:53Z" uid="113646" user="voland" version="1" changeset="3210122" lat="52.3930282" lon="13.1173891" />
  <node id="7947303051" timestamp="2020-09-27T08:42:27Z" uid="4798255" user="tecmap15" version="1" changeset="91574196" lat="52.3930182" lon="13.1171987" />
  <node id="5659169089" timestamp="2018-06-02T18:11:34Z" uid="4669028" user="niccokunzmann" version="1" changeset="59491321" lat="52.3929777" lon="13.1164287" />
  <node id="9757374629" timestamp="2022-05-20T13:19:09Z" uid="13256627" user="Pieper13" version="1" changeset="121244867" lat="52.3929317" lon="13.115553" />
  <node id="9757330791" timestamp="2022-05-20T13:17:36Z" uid="13256627" user="Pieper13" version="1" changeset="121244804" lat="52.3928185" lon="13.113399" />
  <node id="570596663" timestamp="2016-12-04T08:23:42Z" uid="43566" user="anbr" version="2" changeset="44152670" lat="52.3928123" lon="13.1132803" />
  <node id="4537367217" timestamp="2016-12-04T08:23:33Z" uid="43566" user="anbr" version="1" changeset="44152670" lat="52.3927114" lon="13.1121594" />
  <node id="570596662" timestamp="2016-12-04T08:23:42Z" uid="43566" user="anbr" version="2" changeset="44152670" lat="52.3926351" lon="13.1113401" />
  <node id="570596661" timestamp="2009-11-25T08:05:53Z" uid="113646" user="voland" version="1" changeset="3210122" lat="52.3924782" lon="13.1098253" />
  <node id="570597487" timestamp="2016-12-04T08:23:42Z" uid="43566" user="anbr" version="2" changeset="44152670" lat="52.3924038" lon="13.1096874" />
  <node id="570596660" timestamp="2016-12-04T08:23:42Z" uid="43566" user="anbr" version="2" changeset="44152670" lat="52.3923818" lon="13.1083804" />
  <node id="570596659" timestamp="2016-12-04T08:23:42Z" uid="43566" user="anbr" version="2" changeset="44152670" lat="52.3923356" lon="13.1076847" />
  <node id="570596658" timestamp="2009-11-25T08:05:52Z" uid="113646" user="voland" version="1" changeset="3210122" lat="52.3922818" lon="13.1067461" />
  <node id="570596657" timestamp="2016-12-04T08:23:42Z" uid="43566" user="anbr" version="2" changeset="44152670" lat="52.3920632" lon="13.1049693" />
  <node id="3650255620" timestamp="2016-12-04T08:23:47Z" uid="43566" user="anbr" version="2" changeset="44152670" lat="52.3919722" lon="13.1048553" />
  <node id="2513869272" timestamp="2024-12-07T06:33:49Z" uid="1468248" user="PantherStrix" version="3" changeset="160016896" lat="52.3945868" lon="13.1284944">
    <tag k="level" v="-1" />
  </node>
  <node id="1059584831" timestamp="2024-12-07T06:33:49Z" uid="1468248" user="PantherStrix" version="5" changeset="160016896" lat="52.3945689" lon="13.1283544">
    <tag k="level" v="0" />
  </node>
  <node id="1068064293" timestamp="2010-12-27T18:50:30Z" uid="8457" user="N01C3" version="1" changeset="6780880" lat="52.3931837" lon="13.1317716" />
  <node id="4866139606" timestamp="2024-12-07T06:33:49Z" uid="1468248" user="PantherStrix" version="2" changeset="160016896" lat="52.3941613" lon="13.1283212" />
  <node id="309164583" timestamp="2025-07-21T13:17:55Z" uid="16371836" user="Till_btn" version="9" changeset="169243884" lat="52.3941099" lon="13.1283212" />
  <node id="695216406" timestamp="2023-12-04T22:01:37Z" uid="1468248" user="PantherStrix" version="7" changeset="144771553" lat="52.3947927" lon="13.1284939">
    <tag k="door" v="no" />
    <tag k="entrance" v="main" />
    <tag k="level" v="0" />
  </node>
  <node id="815983457" timestamp="2012-05-01T23:34:54Z" uid="32112" user="SverigeFan" version="4" changeset="11475248" lat="52.391756" lon="13.1287008" />
  <node id="815983460" timestamp="2022-08-05T09:30:17Z" uid="15862952" user="Biohtoaster" version="6" changeset="124513640" lat="52.3918418" lon="13.1288245">
    <tag k="access" v="no" />
    <tag k="barrier" v="bollard" />
    <tag k="bicycle" v="yes" />
    <tag k="bollard" v="removable" />
    <tag k="emergency" v="designated" />
    <tag k="foot" v="yes" />
    <tag k="height" v="1" />
    <tag k="material" v="metal" />
    <tag k="motor_vehicle" v="no" />
    <tag k="width" v="0.1" />
  </node>
  <node id="3982271597" timestamp="2020-05-03T16:42:19Z" uid="1468248" user="PantherStrix" version="3" changeset="84572274" lat="52.391948" lon="13.1289775" />
  <node id="3982271577" timestamp="2020-05-03T16:42:19Z" uid="1468248" user="PantherStrix" version="3" changeset="84572274" lat="52.3920348" lon="13.1291026" />
  <node id="420646892" timestamp="2020-05-03T16:42:19Z" uid="1468248" user="PantherStrix" version="5" changeset="84572274" lat="52.3921618" lon="13.1292856" />
  <node id="911043402" timestamp="2020-05-03T16:42:19Z" uid="1468248" user="PantherStrix" version="4" changeset="84572274" lat="52.3922103" lon="13.1293555" />
  <node id="911043430" timestamp="2019-12-29T16:31:09Z" uid="1468248" user="PantherStrix" version="3" changeset="78983434" lat="52.3928298" lon="13.1295406" />
  <node id="911043386" timestamp="2012-05-01T23:34:54Z" uid="32112" user="SverigeFan" version="2" changeset="11475248" lat="52.3925798" lon="13.1295529" />
  <node id="6581424404" timestamp="2019-07-01T10:19:58Z" uid="1468248" user="PantherStrix" version="1" changeset="71778968" lat="52.3925107" lon="13.1295741" />
  <node id="420646904" timestamp="2020-05-03T16:42:19Z" uid="1468248" user="PantherStrix" version="3" changeset="84572274" lat="52.3924185" lon="13.1296388" />
  <node id="911043401" timestamp="2019-07-01T10:19:58Z" uid="1468248" user="PantherStrix" version="3" changeset="71778968" lat="52.3922514" lon="13.1298977" />
  <node id="911043405" timestamp="2010-12-27T18:50:37Z" uid="8457" user="N01C3" version="3" changeset="6780880" lat="52.392835" lon="13.1296951" />
  <node id="4999325941" timestamp="2019-12-29T16:31:09Z" uid="1468248" user="PantherStrix" version="2" changeset="78983434" lat="52.3928259" lon="13.1294267" />
  <node id="1149068052" timestamp="2019-12-29T16:31:09Z" uid="1468248" user="PantherStrix" version="5" changeset="78983434" lat="52.3928216" lon="13.1292986" />
  <node id="911043442" timestamp="2025-03-16T19:44:24Z" uid="1468248" user="PantherStrix" version="7" changeset="163703942" lat="52.3928045" lon="13.1288059" />
  <node id="249783113" timestamp="2025-03-16T19:44:24Z" uid="1468248" user="PantherStrix" version="8" changeset="163703942" lat="52.3917447" lon="13.1307733" />
  <node id="911043424" timestamp="2010-09-13T18:43:01Z" uid="111901" user="michaelgruenewald" version="1" changeset="5772306" lat="52.3918208" lon="13.1306096" />
  <node id="911043429" timestamp="2012-05-01T23:34:55Z" uid="32112" user="SverigeFan" version="2" changeset="11475248" lat="52.3918435" lon="13.1304645" />
  <node id="911043388" timestamp="2019-07-01T10:19:58Z" uid="1468248" user="PantherStrix" version="3" changeset="71778968" lat="52.3919248" lon="13.1303516" />
  <node id="3982109416" timestamp="2020-05-03T16:42:19Z" uid="1468248" user="PantherStrix" version="3" changeset="84572274" lat="52.3920529" lon="13.1301722" />
  <node id="420646913" timestamp="2010-09-13T18:43:04Z" uid="111901" user="michaelgruenewald" version="2" changeset="5772306" lat="52.392747" lon="13.1312328" />
  <node id="911043407" timestamp="2023-04-28T16:41:13Z" uid="2804186" user="thomasrosen" version="2" changeset="135477109" lat="52.3927288" lon="13.1314032" />
  <node id="622296739" timestamp="2019-12-15T09:34:13Z" uid="1468248" user="PantherStrix" version="4" changeset="78425111" lat="52.39529" lon="13.1284246" />
  <node id="410940701" timestamp="2019-12-15T09:34:13Z" uid="1468248" user="PantherStrix" version="5" changeset="78425111" lat="52.3953765" lon="13.1291546" />
  <node id="911043433" timestamp="2025-03-16T19:44:24Z" uid="1468248" user="PantherStrix" version="5" changeset="163703942" lat="52.3924248" lon="13.1288344" />
  <node id="12670697483" timestamp="2025-03-16T19:44:24Z" uid="1468248" user="PantherStrix" version="1" changeset="163703942" lat="52.3924026" lon="13.1288311" />
  <node id="12670697485" timestamp="2025-03-16T19:44:24Z" uid="1468248" user="PantherStrix" version="1" changeset="163703942" lat="52.3923818" lon="13.1288177" />
  <node id="12670697484" timestamp="2025-03-16T19:44:24Z" uid="1468248" user="PantherStrix" version="1" changeset="163703942" lat="52.3923661" lon="13.1287983" />
  <node id="911043391" timestamp="2025-03-16T19:44:24Z" uid="1468248" user="PantherStrix" version="6" changeset="163703942" lat="52.3923538" lon="13.1287731" />
  <node id="5359343789" timestamp="2025-03-16T19:44:24Z" uid="1468248" user="PantherStrix" version="2" changeset="163703942" lat="52.3922419" lon="13.1283041" />
  <node id="5359343787" timestamp="2025-03-16T19:44:24Z" uid="1468248" user="PantherStrix" version="2" changeset="163703942" lat="52.392228" lon="13.1282731" />
  <node id="5359343786" timestamp="2025-03-16T19:44:24Z" uid="1468248" user="PantherStrix" version="2" changeset="163703942" lat="52.3922091" lon="13.1282539" />
  <node id="5359343788" timestamp="2025-03-16T19:44:24Z" uid="1468248" user="PantherStrix" version="2" changeset="163703942" lat="52.3921728" lon="13.128246">
    <tag k="barrier" v="bollard" />
    <tag k="bicycle" v="yes" />
    <tag k="bollard" v="removable" />
    <tag k="emergency" v="designated" />
    <tag k="foot" v="yes" />
    <tag k="material" v="metal" />
  </node>
  <node id="1028030217" timestamp="2025-03-16T19:44:24Z" uid="1468248" user="PantherStrix" version="4" changeset="163703942" lat="52.3921252" lon="13.1282487" />
  <node id="1068064377" timestamp="2010-12-27T18:50:34Z" uid="8457" user="N01C3" version="1" changeset="6780880" lat="52.3931107" lon="13.1276509" />
  <node id="922333276" timestamp="2010-12-01T08:55:24Z" uid="8457" user="N01C3" version="2" changeset="6501335" lat="52.3930516" lon="13.1276532" />
  <node id="922333278" timestamp="2019-10-03T05:52:26Z" uid="1468248" user="PantherStrix" version="3" changeset="75211105" lat="52.393048" lon="13.1279179" />
  <node id="6846250395" timestamp="2019-10-03T05:52:26Z" uid="1468248" user="PantherStrix" version="1" changeset="75211105" lat="52.3929772" lon="13.1279352" />
  <node id="6846250396" timestamp="2019-10-03T05:52:26Z" uid="1468248" user="PantherStrix" version="1" changeset="75211105" lat="52.3928634" lon="13.1279325" />
  <node id="6846250397" timestamp="2019-10-03T05:52:26Z" uid="1468248" user="PantherStrix" version="1" changeset="75211105" lat="52.3927161" lon="13.1279057" />
  <node id="922334012" timestamp="2010-12-01T08:55:24Z" uid="8457" user="N01C3" version="2" changeset="6501335" lat="52.3926045" lon="13.1278563" />
  <node id="6846246722" timestamp="2019-10-03T05:52:26Z" uid="1468248" user="PantherStrix" version="1" changeset="75211105" lat="52.3925402" lon="13.1278279" />
  <node id="922335058" timestamp="2019-10-03T05:52:26Z" uid="1468248" user="PantherStrix" version="3" changeset="75211105" lat="52.3925194" lon="13.12779" />
  <node id="10264921736" timestamp="2025-02-27T13:02:22Z" uid="1468248" user="PantherStrix" version="2" changeset="163011624" lat="52.3937884" lon="13.1273991" />
  <node id="926884234" timestamp="2025-02-27T13:02:22Z" uid="1468248" user="PantherStrix" version="8" changeset="163011624" lat="52.393026" lon="13.1268441" />
  <node id="926885039" timestamp="2025-02-27T13:02:22Z" uid="1468248" user="PantherStrix" version="5" changeset="163011624" lat="52.3930655" lon="13.1265574" />
  <node id="926885040" timestamp="2025-02-27T13:02:22Z" uid="1468248" user="PantherStrix" version="5" changeset="163011624" lat="52.3936177" lon="13.1267618" />
  <node id="926885043" timestamp="2025-02-27T13:02:22Z" uid="1468248" user="PantherStrix" version="9" changeset="163011624" lat="52.3935826" lon="13.1270164" />
  <node id="926885761" timestamp="2021-08-03T15:27:22Z" uid="1468248" user="PantherStrix" version="7" changeset="109101507" lat="52.391826" lon="13.1262436" />
  <node id="926885585" timestamp="2021-08-03T15:27:22Z" uid="1468248" user="PantherStrix" version="7" changeset="109101507" lat="52.3918547" lon="13.125999" />
  <node id="4866140048" timestamp="2021-08-03T15:27:22Z" uid="1468248" user="PantherStrix" version="3" changeset="109101507" lat="52.3924254" lon="13.1261801" />
  <node id="926885587" timestamp="2021-08-03T15:27:22Z" uid="1468248" user="PantherStrix" version="5" changeset="109101507" lat="52.3925461" lon="13.1262184" />
  <node id="926886226" timestamp="2021-08-03T15:27:22Z" uid="1468248" user="PantherStrix" version="6" changeset="109101507" lat="52.3925196" lon="13.1264435" />
  <node id="4866140049" timestamp="2025-02-27T13:02:22Z" uid="1468248" user="PantherStrix" version="6" changeset="163011624" lat="52.3924312" lon="13.1264181" />
  <node id="926887819" timestamp="2025-02-27T13:02:22Z" uid="1468248" user="PantherStrix" version="11" changeset="163011624" lat="52.3927701" lon="13.1262897" />
  <node id="296937646" timestamp="2022-12-15T12:57:19Z" uid="1468248" user="PantherStrix" version="4" changeset="130114280" lat="52.3936597" lon="13.1270403" />
  <node id="11324758192" timestamp="2025-02-27T13:02:22Z" uid="1468248" user="PantherStrix" version="2" changeset="163011624" lat="52.3935171" lon="13.1269961" />
  <node id="4868434116" timestamp="2025-02-27T13:02:22Z" uid="1468248" user="PantherStrix" version="4" changeset="163011624" lat="52.39288" lon="13.1267989" />
  <node id="528571257" timestamp="2025-02-27T13:02:22Z" uid="1468248" user="PantherStrix" version="11" changeset="163011624" lat="52.3927786" lon="13.1267675" />
  <node id="10984927170" timestamp="2023-06-18T20:29:49Z" uid="10121078" user="klnkengi" version="1" changeset="137492378" lat="52.395995" lon="13.1392213" />
  <node id="27318255" timestamp="2011-12-15T16:01:04Z" uid="6669" user="Elwood" version="2" changeset="10125048" lat="52.3957091" lon="13.1385306" />
  <node id="27318256" timestamp="2016-12-04T08:23:37Z" uid="43566" user="anbr" version="3" changeset="44152670" lat="52.3950018" lon="13.1371356" />
  <node id="4999333029" timestamp="2017-07-28T08:39:59Z" uid="4669028" user="niccokunzmann" version="1" changeset="50641753" lat="52.3949148" lon="13.1369769" />
  <node id="27318275" timestamp="2011-12-15T16:01:04Z" uid="6669" user="Elwood" version="2" changeset="10125048" lat="52.3939611" lon="13.1352369" />
  <node id="27318276" timestamp="2011-12-15T16:01:04Z" uid="6669" user="Elwood" version="2" changeset="10125048" lat="52.3932212" lon="13.1339387" />
  <node id="1748997372" timestamp="2012-05-11T21:41:18Z" uid="9607" user="hfs" version="1" changeset="11571918" lat="52.3926672" lon="13.1331699" />
  <node id="27318283" timestamp="2012-05-11T21:41:25Z" uid="9607" user="hfs" version="4" changeset="11571918" lat="52.3921252" lon="13.1324059" />
  <node id="1028030146" timestamp="2014-04-10T14:18:45Z" uid="1879543" user="glibbertorsten" version="4" changeset="21608413" lat="52.3932015" lon="13.1286914" />
  <node id="1028030171" timestamp="2016-07-18T09:25:31Z" uid="347275" user="voxspox" version="3" changeset="40814268" lat="52.3933145" lon="13.1289719" />
  <node id="931639286" timestamp="2016-07-18T09:25:31Z" uid="347275" user="voxspox" version="4" changeset="40814268" lat="52.3934075" lon="13.1289826" />
  <node id="5761733039" timestamp="2022-02-27T10:10:15Z" uid="1468248" user="PantherStrix" version="2" changeset="117902296" lat="52.3934178" lon="13.1292573" />
  <node id="30582665" timestamp="2022-09-11T08:44:21Z" uid="1468248" user="PantherStrix" version="7" changeset="126040195" lat="52.395064" lon="13.1458699" />
  <node id="1133514886" timestamp="2013-02-13T17:22:36Z" uid="46793" user="pruritus" version="2" changeset="15020378" lat="52.3951829" lon="13.144814" />
  <node id="30582666" timestamp="2013-02-13T17:22:37Z" uid="46793" user="pruritus" version="4" changeset="15020378" lat="52.395246" lon="13.1442858" />
  <node id="673428024" timestamp="2021-01-25T20:53:19Z" uid="4798255" user="tecmap15" version="4" changeset="98144011" lat="52.3956734" lon="13.1430271" />
  <node id="5329585055" timestamp="2021-01-25T20:53:19Z" uid="4798255" user="tecmap15" version="2" changeset="98144011" lat="52.3960287" lon="13.1413137" />
  <node id="656433467" timestamp="2014-07-14T21:26:17Z" uid="534302" user="Hagen Echzell" version="2" changeset="24149679" lat="52.3959606" lon="13.140945" />
  <node id="11247734903" timestamp="2023-10-08T09:43:09Z" uid="3020814" user="BER319" version="1" changeset="142296633" lat="52.395903" lon="13.1406614" />
  <node id="30582609" timestamp="2014-07-14T21:26:17Z" uid="534302" user="Hagen Echzell" version="5" changeset="24149679" lat="52.3958837" lon="13.1405667" />
  <node id="5329585052" timestamp="2018-01-09T15:25:31Z" uid="5199868" user="MD_Ottersleben" version="1" changeset="55296179" lat="52.3957925" lon="13.1402211" />
  <node id="4999333030" timestamp="2017-07-28T08:39:59Z" uid="4669028" user="niccokunzmann" version="1" changeset="50641753" lat="52.394472" lon="13.1375407" />
  <node id="30582607" timestamp="2009-04-03T22:11:09Z" uid="101355" user="ottokar55" version="3" changeset="163342" lat="52.3940953" lon="13.136776" />
  <node id="1038356836" timestamp="2020-05-03T15:49:41Z" uid="1468248" user="PantherStrix" version="3" changeset="84569892" lat="52.3936986" lon="13.1313055" />
  <node id="1737829963" timestamp="2012-05-01T23:34:40Z" uid="32112" user="SverigeFan" version="1" changeset="11475248" lat="52.3937369" lon="13.1313828" />
  <node id="1038356837" timestamp="2012-05-01T23:34:46Z" uid="32112" user="SverigeFan" version="3" changeset="11475248" lat="52.3937591" lon="13.1315037" />
  <node id="1038356847" timestamp="2012-05-01T23:34:46Z" uid="32112" user="SverigeFan" version="2" changeset="11475248" lat="52.3938077" lon="13.1315431" />
  <node id="994059599" timestamp="2020-05-03T15:49:41Z" uid="1468248" user="PantherStrix" version="2" changeset="84569892" lat="52.3937827" lon="13.130691" />
  <node id="994059586" timestamp="2020-05-03T15:49:41Z" uid="1468248" user="PantherStrix" version="4" changeset="84569892" lat="52.3937245" lon="13.1309219" />
  <node id="7476350754" timestamp="2020-05-03T15:49:41Z" uid="1468248" user="PantherStrix" version="1" changeset="84569892" lat="52.3936726" lon="13.1309295" />
  <node id="994059575" timestamp="2020-05-03T15:49:41Z" uid="1468248" user="PantherStrix" version="4" changeset="84569892" lat="52.3936248" lon="13.1309516" />
  <node id="994059581" timestamp="2020-05-03T15:49:41Z" uid="1468248" user="PantherStrix" version="5" changeset="84569892" lat="52.3936053" lon="13.1309645" />
  <node id="4866140029" timestamp="2020-05-03T15:49:41Z" uid="1468248" user="PantherStrix" version="2" changeset="84569892" lat="52.3939792" lon="13.1328893" />
  <node id="994059594" timestamp="2020-05-03T15:49:41Z" uid="1468248" user="PantherStrix" version="4" changeset="84569892" lat="52.3939599" lon="13.1328718" />
  <node id="4866140040" timestamp="2020-05-03T15:49:41Z" uid="1468248" user="PantherStrix" version="2" changeset="84569892" lat="52.3939363" lon="13.1328622" />
  <node id="994059580" timestamp="2020-05-03T15:49:41Z" uid="1468248" user="PantherStrix" version="5" changeset="84569892" lat="52.393912" lon="13.1328635" />
  <node id="4866140039" timestamp="2020-05-03T15:49:41Z" uid="1468248" user="PantherStrix" version="2" changeset="84569892" lat="52.3938888" lon="13.1328756" />
  <node id="4866140042" timestamp="2020-05-03T15:49:41Z" uid="1468248" user="PantherStrix" version="2" changeset="84569892" lat="52.3938684" lon="13.1328975" />
  <node id="4866140038" timestamp="2020-05-03T15:49:41Z" uid="1468248" user="PantherStrix" version="2" changeset="84569892" lat="52.3938526" lon="13.1329277" />
  <node id="994059609" timestamp="2020-05-03T15:49:41Z" uid="1468248" user="PantherStrix" version="4" changeset="84569892" lat="52.3938422" lon="13.1329639" />
  <node id="4866140037" timestamp="2020-05-03T15:49:41Z" uid="1468248" user="PantherStrix" version="2" changeset="84569892" lat="52.3938384" lon="13.1330033" />
  <node id="994059604" timestamp="2020-05-03T15:49:41Z" uid="1468248" user="PantherStrix" version="4" changeset="84569892" lat="52.3938412" lon="13.133043" />
  <node id="4866140036" timestamp="2020-05-03T15:49:41Z" uid="1468248" user="PantherStrix" version="2" changeset="84569892" lat="52.3938504" lon="13.1330798" />
  <node id="4866140041" timestamp="2020-05-03T15:49:41Z" uid="1468248" user="PantherStrix" version="2" changeset="84569892" lat="52.3938654" lon="13.1331111" />
  <node id="4866140035" timestamp="2020-05-03T15:49:41Z" uid="1468248" user="PantherStrix" version="2" changeset="84569892" lat="52.3938852" lon="13.1331346" />
  <node id="994520522" timestamp="2020-05-03T15:49:41Z" uid="1468248" user="PantherStrix" version="4" changeset="84569892" lat="52.3939081" lon="13.1331485" />
  <node id="4866140034" timestamp="2020-05-03T15:49:41Z" uid="1468248" user="PantherStrix" version="2" changeset="84569892" lat="52.3939323" lon="13.1331516" />
  <node id="994059582" timestamp="2020-05-03T15:49:41Z" uid="1468248" user="PantherStrix" version="5" changeset="84569892" lat="52.3939562" lon="13.1331436" />
  <node id="4866140033" timestamp="2020-05-03T15:49:41Z" uid="1468248" user="PantherStrix" version="2" changeset="84569892" lat="52.3939751" lon="13.1331284" />
  <node id="4866140043" timestamp="2020-05-03T15:49:41Z" uid="1468248" user="PantherStrix" version="2" changeset="84569892" lat="52.3939912" lon="13.1331065" />
  <node id="4866140032" timestamp="2020-05-03T15:49:41Z" uid="1468248" user="PantherStrix" version="2" changeset="84569892" lat="52.3940038" lon="13.1330788" />
  <node id="4206050069" timestamp="2020-05-03T15:49:41Z" uid="1468248" user="PantherStrix" version="3" changeset="84569892" lat="52.394012" lon="13.1330471" />
  <node id="4866140031" timestamp="2020-05-03T15:49:41Z" uid="1468248" user="PantherStrix" version="2" changeset="84569892" lat="52.3940155" lon="13.133013" />
  <node id="994059588" timestamp="2020-05-03T15:49:41Z" uid="1468248" user="PantherStrix" version="5" changeset="84569892" lat="52.3940138" lon="13.1329786" />
  <node id="4866140030" timestamp="2020-05-03T15:49:41Z" uid="1468248" user="PantherStrix" version="2" changeset="84569892" lat="52.394007" lon="13.1329445" />
  <node id="994059590" timestamp="2020-05-03T15:49:41Z" uid="1468248" user="PantherStrix" version="4" changeset="84569892" lat="52.3939952" lon="13.1329141" />
  <node id="1068064330" timestamp="2025-02-27T13:02:22Z" uid="1468248" user="PantherStrix" version="3" changeset="163011624" lat="52.3937695" lon="13.1276613" />
  <node id="1038351473" timestamp="2019-07-01T10:19:58Z" uid="1468248" user="PantherStrix" version="3" changeset="71778968" lat="52.393164" lon="13.1287394" />
  <node id="2781520751" timestamp="2019-07-01T10:19:58Z" uid="1468248" user="PantherStrix" version="3" changeset="71778968" lat="52.3931052" lon="13.128768" />
  <node id="11324758218" timestamp="2023-11-05T12:39:19Z" uid="6167506" user="christian_plus1" version="1" changeset="143647960" lat="52.3929537" lon="13.1287732" />
  <node id="11324758217" timestamp="2023-11-05T12:39:19Z" uid="6167506" user="christian_plus1" version="1" changeset="143647960" lat="52.3928943" lon="13.1287992" />
  <node id="420646890" timestamp="2012-05-01T23:34:54Z" uid="32112" user="SverigeFan" version="3" changeset="11475248" lat="52.3923215" lon="13.1289749" />
  <node id="1038356833" timestamp="2020-05-03T15:49:41Z" uid="1468248" user="PantherStrix" version="3" changeset="84569892" lat="52.3936186" lon="13.1313086" />
  <node id="7476350753" timestamp="2020-05-03T15:49:41Z" uid="1468248" user="PantherStrix" version="1" changeset="84569892" lat="52.3936951" lon="13.1310535" />
  <node id="7476350752" timestamp="2020-05-03T15:49:41Z" uid="1468248" user="PantherStrix" version="1" changeset="84569892" lat="52.3936881" lon="13.131112" />
  <node id="1038356839" timestamp="2020-05-03T15:49:41Z" uid="1468248" user="PantherStrix" version="2" changeset="84569892" lat="52.3936887" lon="13.1311932" />
  <node id="1068064288" timestamp="2025-02-27T13:02:22Z" uid="1468248" user="PantherStrix" version="2" changeset="163011624" lat="52.3937505" lon="13.1276555" />
  <node id="11324758204" timestamp="2023-11-05T12:39:19Z" uid="6167506" user="christian_plus1" version="1" changeset="143647960" lat="52.3932766" lon="13.1281314" />
  <node id="1068064362" timestamp="2023-11-05T12:39:19Z" uid="6167506" user="christian_plus1" version="3" changeset="143647960" lat="52.3932756" lon="13.1280838" />
  <node id="11324279826" timestamp="2024-01-14T18:05:19Z" uid="20888446" user="osm-bd9c0c" version="2" changeset="146253930" lat="52.3926985" lon="13.1228157">
    <tag k="crossing" v="uncontrolled" />
    <tag k="crossing:island" v="no" />
    <tag k="crossing:markings" v="surface" />
    <tag k="highway" v="crossing" />
    <tag k="tactile_paving" v="no" />
  </node>
  <node id="7978823941" timestamp="2020-10-05T21:25:06Z" uid="9607" user="hfs" version="1" changeset="92008088" lat="52.3925527" lon="13.1210096" />
  <node id="7978813670" timestamp="2020-10-05T21:18:21Z" uid="9607" user="hfs" version="1" changeset="92007926" lat="52.392445" lon="13.1196788" />
  <node id="931651114" timestamp="2010-09-30T11:20:30Z" uid="8457" user="N01C3" version="2" changeset="5918999" lat="52.3923269" lon="13.1182194" />
  <node id="931650808" timestamp="2025-06-09T10:00:45Z" uid="1468248" user="PantherStrix" version="8" changeset="167388174" lat="52.3922568" lon="13.1175462">
    <tag k="barrier" v="gate" />
    <tag k="foot" v="yes" />
  </node>
  <node id="12623189796" timestamp="2025-02-27T13:02:22Z" uid="1468248" user="PantherStrix" version="1" changeset="163011624" lat="52.3936574" lon="13.1272664" />
  <node id="12623189795" timestamp="2025-02-27T13:02:22Z" uid="1468248" user="PantherStrix" version="1" changeset="163011624" lat="52.3936733" lon="13.1272974" />
  <node id="1123753892" timestamp="2023-11-05T12:39:19Z" uid="6167506" user="christian_plus1" version="4" changeset="143647960" lat="52.393716" lon="13.1273805" />
  <node id="911043436" timestamp="2010-09-13T18:43:01Z" uid="111901" user="michaelgruenewald" version="1" changeset="5772306" lat="52.393006" lon="13.1311956" />
  <node id="420646916" timestamp="2020-05-03T22:07:03Z" uid="1468248" user="PantherStrix" version="4" changeset="84582759" lat="52.3926233" lon="13.1310234" />
  <node id="3982271636" timestamp="2020-05-03T22:07:03Z" uid="1468248" user="PantherStrix" version="2" changeset="84582759" lat="52.3925644" lon="13.1309237" />
  <node id="1037525203" timestamp="2022-02-27T10:10:15Z" uid="1468248" user="PantherStrix" version="4" changeset="117902296" lat="52.3929823" lon="13.1298041" />
  <node id="1149068051" timestamp="2011-02-12T13:56:04Z" uid="9607" user="hfs" version="1" changeset="7265008" lat="52.3928695" lon="13.1298161" />
  <node id="6581424422" timestamp="2019-07-01T10:19:58Z" uid="1468248" user="PantherStrix" version="1" changeset="71778968" lat="52.393073" lon="13.1288512" />
  <node id="2781520750" timestamp="2019-07-01T10:19:58Z" uid="1468248" user="PantherStrix" version="3" changeset="71778968" lat="52.3929906" lon="13.1288993" />
  <node id="6581424423" timestamp="2019-07-01T10:19:58Z" uid="1468248" user="PantherStrix" version="1" changeset="71778968" lat="52.3929551" lon="13.1289746" />
  <node id="4999325942" timestamp="2017-07-28T08:35:15Z" uid="4669028" user="niccokunzmann" version="1" changeset="50641625" lat="52.3929344" lon="13.1290716" />
  <node id="1037525245" timestamp="2016-07-18T09:25:31Z" uid="347275" user="voxspox" version="4" changeset="40814268" lat="52.3929047" lon="13.1291639" />
  <node id="1371701047" timestamp="2019-10-20T10:43:38Z" uid="4798255" user="tecmap15" version="4" changeset="75949961" lat="52.3960153" lon="13.1297339">
    <tag k="access" v="private" />
    <tag k="barrier" v="gate" />
  </node>
  <node id="4537367292" timestamp="2016-12-04T08:23:33Z" uid="43566" user="anbr" version="1" changeset="44152670" lat="52.3958258" lon="13.1291634" />
  <node id="4537367293" timestamp="2019-12-15T09:34:13Z" uid="1468248" user="PantherStrix" version="2" changeset="78425111" lat="52.3956766" lon="13.1284661" />
  <node id="253752671" timestamp="2022-08-28T12:15:03Z" uid="1468248" user="PantherStrix" version="6" changeset="125475048" lat="52.3956501" lon="13.1282247" />
  <node id="1371701041" timestamp="2011-07-23T23:04:59Z" uid="101355" user="ottokar55" version="1" changeset="8810930" lat="52.3959166" lon="13.1235947" />
  <node id="1371701043" timestamp="2011-07-23T23:04:59Z" uid="101355" user="ottokar55" version="1" changeset="8810930" lat="52.3959383" lon="13.1237058" />
  <node id="1371701045" timestamp="2011-07-23T23:04:59Z" uid="101355" user="ottokar55" version="1" changeset="8810930" lat="52.3959805" lon="13.1237973" />
  <node id="1123753906" timestamp="2024-02-27T17:35:51Z" uid="1468248" user="PantherStrix" version="4" changeset="147983389" lat="52.3941775" lon="13.1296019" />
  <node id="1424157260" timestamp="2022-12-15T12:57:19Z" uid="1468248" user="PantherStrix" version="2" changeset="130114280" lat="52.3941235" lon="13.1289874" />
  <node id="931635103" timestamp="2025-03-16T19:44:24Z" uid="1468248" user="PantherStrix" version="9" changeset="163703942" lat="52.3917215" lon="13.1294448" />
  <node id="1603775556" timestamp="2019-02-16T15:42:34Z" uid="15518" user="IngoWo" version="2" changeset="67256347" lat="52.3910397" lon="13.129323" />
  <node id="1603775555" timestamp="2019-02-16T15:42:34Z" uid="15518" user="IngoWo" version="2" changeset="67256347" lat="52.3908402" lon="13.1292439" />
  <node id="1603775545" timestamp="2019-02-16T15:42:34Z" uid="15518" user="IngoWo" version="2" changeset="67256347" lat="52.3907334" lon="13.1291761" />
  <node id="1603775540" timestamp="2019-02-16T15:42:34Z" uid="15518" user="IngoWo" version="2" changeset="67256347" lat="52.3906944" lon="13.1290973" />
  <node id="1603775537" timestamp="2019-02-16T15:42:34Z" uid="15518" user="IngoWo" version="2" changeset="67256347" lat="52.3906864" lon="13.1289665" />
  <node id="1603775554" timestamp="2019-02-16T15:42:34Z" uid="15518" user="IngoWo" version="2" changeset="67256347" lat="52.3908071" lon="13.1280625" />
  <node id="1603775546" timestamp="2019-02-16T15:42:34Z" uid="15518" user="IngoWo" version="2" changeset="67256347" lat="52.390773" lon="13.1279291" />
  <node id="1603775543" timestamp="2019-02-16T15:42:34Z" uid="15518" user="IngoWo" version="2" changeset="67256347" lat="52.3906967" lon="13.1278628" />
  <node id="148614159" timestamp="2019-02-16T15:42:34Z" uid="15518" user="IngoWo" version="7" changeset="67256347" lat="52.3904194" lon="13.127765" />
  <node id="1603775530" timestamp="2019-02-16T15:42:34Z" uid="15518" user="IngoWo" version="3" changeset="67256347" lat="52.3898043" lon="13.1275621">
    <tag k="highway" v="turning_circle" />
  </node>
  <node id="5144960787" timestamp="2025-03-16T19:44:24Z" uid="1468248" user="PantherStrix" version="4" changeset="163703942" lat="52.3916133" lon="13.1232549">
    <tag k="direction" v="backward" />
    <tag k="highway" v="give_way" />
    <tag k="side" v="left" />
  </node>
  <node id="8676268322" timestamp="2025-03-16T19:44:24Z" uid="1468248" user="PantherStrix" version="3" changeset="163703942" lat="52.3916192" lon="13.1235938" />
  <node id="2185098330" timestamp="2025-03-16T19:44:24Z" uid="1468248" user="PantherStrix" version="4" changeset="163703942" lat="52.3916204" lon="13.1236608" />
  <node id="12670702918" timestamp="2025-03-16T19:44:24Z" uid="1468248" user="PantherStrix" version="1" changeset="163703942" lat="52.3916244" lon="13.1239732" />
  <node id="11634139816" timestamp="2025-03-16T19:44:24Z" uid="1468248" user="PantherStrix" version="2" changeset="163703942" lat="52.3916422" lon="13.1249106" />
  <node id="11634139794" timestamp="2025-03-16T19:44:24Z" uid="1468248" user="PantherStrix" version="2" changeset="163703942" lat="52.391652" lon="13.1254716" />
  <node id="5144960788" timestamp="2025-03-16T19:44:24Z" uid="1468248" user="PantherStrix" version="4" changeset="163703942" lat="52.3916225" lon="13.1272137">
    <tag k="direction" v="forward" />
    <tag k="highway" v="give_way" />
    <tag k="side" v="right" />
    <tag k="traffic_sign" v="DE:205" />
  </node>
  <node id="7477208321" timestamp="2020-05-03T22:07:03Z" uid="1468248" user="PantherStrix" version="1" changeset="84582759" lat="52.394483" lon="13.1319223" />
  <node id="1695556896" timestamp="2024-02-27T17:35:51Z" uid="1468248" user="PantherStrix" version="4" changeset="147983389" lat="52.3943688" lon="13.1319337" />
  <node id="2158827969" timestamp="2020-05-03T22:07:03Z" uid="1468248" user="PantherStrix" version="3" changeset="84582759" lat="52.394598" lon="13.132901" />
  <node id="1700233332" timestamp="2017-05-20T12:46:05Z" uid="1468248" user="PantherStrix" version="2" changeset="48842198" lat="52.3946437" lon="13.1330259" />
  <node id="1700233341" timestamp="2017-05-20T12:46:05Z" uid="1468248" user="PantherStrix" version="2" changeset="48842198" lat="52.3947267" lon="13.1337208" />
  <node id="4866140027" timestamp="2017-05-20T12:45:53Z" uid="1468248" user="PantherStrix" version="1" changeset="48842198" lat="52.3947269" lon="13.1338146" />
  <node id="4866140026" timestamp="2017-05-20T12:45:53Z" uid="1468248" user="PantherStrix" version="1" changeset="48842198" lat="52.3946909" lon="13.1340091" />
  <node id="4866140025" timestamp="2017-05-20T12:45:53Z" uid="1468248" user="PantherStrix" version="1" changeset="48842198" lat="52.3946279" lon="13.134217" />
  <node id="1700233324" timestamp="2013-02-17T10:32:39Z" uid="39756" user="kkaefer" version="2" changeset="15061543" lat="52.39462" lon="13.1343376" />
  <node id="1700233328" timestamp="2012-03-31T21:14:28Z" uid="209498" user="nurinfo" version="1" changeset="11171385" lat="52.3946439" lon="13.1344898" />
  <node id="1700233333" timestamp="2012-03-31T21:14:28Z" uid="209498" user="nurinfo" version="1" changeset="11171385" lat="52.3946575" lon="13.1346185" />
  <node id="1700233330" timestamp="2012-03-31T21:14:28Z" uid="209498" user="nurinfo" version="1" changeset="11171385" lat="52.3946473" lon="13.1346632" />
  <node id="1424157263" timestamp="2020-05-03T15:49:41Z" uid="1468248" user="PantherStrix" version="5" changeset="84569892" lat="52.3946003" lon="13.1347139" />
  <node id="3242531913" timestamp="2022-12-15T12:57:19Z" uid="1468248" user="PantherStrix" version="7" changeset="130114280" lat="52.3938667" lon="13.1289372">
    <tag k="bus" v="yes" />
    <tag k="name" v="S Griebnitzsee Bahnhof/Süd" />
    <tag k="public_transport" v="stop_position" />
  </node>
  <node id="911043410" timestamp="2020-05-03T16:42:19Z" uid="1468248" user="PantherStrix" version="4" changeset="84572274" lat="52.3923601" lon="13.1297199" />
  <node id="11324279816" timestamp="2023-11-05T12:13:32Z" uid="6167506" user="christian_plus1" version="1" changeset="143647074" lat="52.3954703" lon="13.1229723" />
  <node id="9759170905" timestamp="2022-05-22T17:21:32Z" uid="1468248" user="PantherStrix" version="3" changeset="121328318" lat="52.3957145" lon="13.122548" />
  <node id="3982271557" timestamp="2020-05-03T16:42:19Z" uid="1468248" user="PantherStrix" version="3" changeset="84572274" lat="52.3923271" lon="13.1295145" />
  <node id="3982117680" timestamp="2020-05-03T16:42:19Z" uid="1468248" user="PantherStrix" version="3" changeset="84572274" lat="52.3923884" lon="13.1296806" />
  <node id="9922279734" timestamp="2022-07-31T12:07:55Z" uid="10121078" user="klnkengi" version="1" changeset="124300776" lat="52.3951396" lon="13.1243603" />
  <node id="3811289173" timestamp="2022-08-28T12:15:03Z" uid="1468248" user="PantherStrix" version="4" changeset="125475048" lat="52.3951494" lon="13.1247593" />
  <node id="3811289174" timestamp="2022-08-28T12:15:03Z" uid="1468248" user="PantherStrix" version="5" changeset="125475048" lat="52.3951527" lon="13.1248899" />
  <node id="13512671924" timestamp="2026-01-30T17:22:48Z" uid="1468248" user="PantherStrix" version="1" changeset="177899319" lat="52.3951581" lon="13.125096" />
  <node id="9983270477" timestamp="2022-08-28T12:15:03Z" uid="1468248" user="PantherStrix" version="1" changeset="125475048" lat="52.3951617" lon="13.125234" />
  <node id="11324283379" timestamp="2023-11-05T12:13:32Z" uid="6167506" user="christian_plus1" version="1" changeset="143647074" lat="52.3951734" lon="13.1256778" />
  <node id="2525558839" timestamp="2022-08-28T12:15:03Z" uid="1468248" user="PantherStrix" version="6" changeset="125475048" lat="52.395176" lon="13.1257767" />
  <node id="2525558840" timestamp="2022-08-28T12:15:03Z" uid="1468248" user="PantherStrix" version="3" changeset="125475048" lat="52.395196" lon="13.1265813" />
  <node id="11324283382" timestamp="2023-11-05T12:13:32Z" uid="6167506" user="christian_plus1" version="1" changeset="143647074" lat="52.3952004" lon="13.1267419" />
  <node id="9983287394" timestamp="2022-08-28T12:15:03Z" uid="1468248" user="PantherStrix" version="1" changeset="125475048" lat="52.3952268" lon="13.1277148" />
  <node id="4866140096" timestamp="2022-08-28T12:15:03Z" uid="1468248" user="PantherStrix" version="3" changeset="125475048" lat="52.3952353" lon="13.1279036" />
  <node id="11324283388" timestamp="2024-01-14T18:05:44Z" uid="20888446" user="osm-bd9c0c" version="3" changeset="146253929" lat="52.3952457" lon="13.1280141">
    <tag k="crossing" v="unmarked" />
    <tag k="crossing:island" v="no" />
    <tag k="crossing:markings" v="no" />
    <tag k="highway" v="crossing" />
    <tag k="tactile_paving" v="no" />
  </node>
  <node id="1118538664" timestamp="2022-08-28T12:15:03Z" uid="1468248" user="PantherStrix" version="3" changeset="125475048" lat="52.3955954" lon="13.1278627" />
  <node id="6899918782" timestamp="2019-12-15T09:34:13Z" uid="1468248" user="PantherStrix" version="2" changeset="78425111" lat="52.3955854" lon="13.1277953" />
  <node id="253752345" timestamp="2010-01-29T09:09:55Z" uid="6669" user="Elwood" version="2" changeset="3741336" lat="52.3955347" lon="13.1274565" />
  <node id="9983287401" timestamp="2022-08-28T12:15:03Z" uid="1468248" user="PantherStrix" version="1" changeset="125475048" lat="52.3955354" lon="13.127245" />
  <node id="622298617" timestamp="2022-08-28T12:15:03Z" uid="1468248" user="PantherStrix" version="2" changeset="125475048" lat="52.3955654" lon="13.1266583" />
  <node id="253752346" timestamp="2010-01-29T09:09:55Z" uid="6669" user="Elwood" version="2" changeset="3741336" lat="52.3956533" lon="13.1257644" />
  <node id="1123753890" timestamp="2022-12-15T12:57:19Z" uid="1468248" user="PantherStrix" version="5" changeset="130114280" lat="52.3938795" lon="13.1294511" />
  <node id="2113900837" timestamp="2013-01-16T14:24:23Z" uid="425131" user="Delichon" version="1" changeset="14673074" lat="52.3938493" lon="13.1296233" />
  <node id="2113900834" timestamp="2020-05-03T15:49:41Z" uid="1468248" user="PantherStrix" version="2" changeset="84569892" lat="52.3938523" lon="13.1297112" />
  <node id="2122561533" timestamp="2022-02-05T18:27:37Z" uid="1468248" user="PantherStrix" version="2" changeset="117056303" lat="52.3919803" lon="13.1243712" />
  <node id="2122561547" timestamp="2022-02-05T18:27:37Z" uid="1468248" user="PantherStrix" version="2" changeset="117056303" lat="52.3919863" lon="13.1244082" />
  <node id="9481748342" timestamp="2022-02-05T18:27:37Z" uid="1468248" user="PantherStrix" version="1" changeset="117056303" lat="52.3919944" lon="13.124436" />
  <node id="2122561548" timestamp="2022-02-05T18:27:37Z" uid="1468248" user="PantherStrix" version="2" changeset="117056303" lat="52.3920058" lon="13.1244622" />
  <node id="9481748344" timestamp="2022-02-05T18:27:37Z" uid="1468248" user="PantherStrix" version="1" changeset="117056303" lat="52.3920229" lon="13.1244887" />
  <node id="2122561535" timestamp="2022-02-05T18:27:37Z" uid="1468248" user="PantherStrix" version="2" changeset="117056303" lat="52.3920459" lon="13.1245109" />
  <node id="9481748343" timestamp="2022-02-05T18:27:37Z" uid="1468248" user="PantherStrix" version="1" changeset="117056303" lat="52.3920687" lon="13.1245226" />
  <node id="9481748345" timestamp="2022-02-05T18:27:37Z" uid="1468248" user="PantherStrix" version="1" changeset="117056303" lat="52.3920959" lon="13.124525" />
  <node id="2122561543" timestamp="2022-02-05T18:27:37Z" uid="1468248" user="PantherStrix" version="2" changeset="117056303" lat="52.3921668" lon="13.1245207" />
  <node id="2122561529" timestamp="2022-02-05T18:27:37Z" uid="1468248" user="PantherStrix" version="2" changeset="117056303" lat="52.3922305" lon="13.124522" />
  <node id="2122561544" timestamp="2022-02-05T18:27:37Z" uid="1468248" user="PantherStrix" version="2" changeset="117056303" lat="52.392221" lon="13.124336" />
  <node id="2122561540" timestamp="2022-02-05T18:27:37Z" uid="1468248" user="PantherStrix" version="2" changeset="117056303" lat="52.3920387" lon="13.1243621" />
  <node id="2122561530" timestamp="2022-02-05T18:27:37Z" uid="1468248" user="PantherStrix" version="2" changeset="117056303" lat="52.3919628" lon="13.124046" />
  <node id="2122561525" timestamp="2022-02-05T18:27:37Z" uid="1468248" user="PantherStrix" version="4" changeset="117056303" lat="52.3923791" lon="13.1234684" />
  <node id="4874646827" timestamp="2022-02-05T18:27:37Z" uid="1468248" user="PantherStrix" version="4" changeset="117056303" lat="52.3923608" lon="13.1231429">
    <tag k="access" v="private" />
    <tag k="barrier" v="gate" />
    <tag k="foot" v="yes" />
  </node>
  <node id="2122561539" timestamp="2022-02-05T18:27:37Z" uid="1468248" user="PantherStrix" version="2" changeset="117056303" lat="52.3920181" lon="13.1240361" />
  <node id="2122561532" timestamp="2022-02-05T18:27:37Z" uid="1468248" user="PantherStrix" version="2" changeset="117056303" lat="52.3924344" lon="13.1242978" />
  <node id="5744148133" timestamp="2022-02-05T18:27:37Z" uid="1468248" user="PantherStrix" version="2" changeset="117056303" lat="52.392411" lon="13.1239468" />
  <node id="5144960814" timestamp="2022-02-05T18:27:37Z" uid="1468248" user="PantherStrix" version="3" changeset="117056303" lat="52.3922034" lon="13.1234999" />
  <node id="5144960813" timestamp="2022-02-05T18:27:37Z" uid="1468248" user="PantherStrix" version="3" changeset="117056303" lat="52.3921336" lon="13.1235124" />
  <node id="5144960812" timestamp="2022-02-05T18:27:37Z" uid="1468248" user="PantherStrix" version="3" changeset="117056303" lat="52.3920619" lon="13.1235252" />
  <node id="8676268325" timestamp="2022-02-05T18:27:37Z" uid="1468248" user="PantherStrix" version="2" changeset="117056303" lat="52.3919406" lon="13.1235469" />
  <node id="2122561526" timestamp="2022-02-05T18:27:37Z" uid="1468248" user="PantherStrix" version="2" changeset="117056303" lat="52.3919297" lon="13.1235488" />
  <node id="8676268328" timestamp="2022-02-05T18:27:37Z" uid="1468248" user="PantherStrix" version="2" changeset="117056303" lat="52.3919485" lon="13.1238303" />
  <node id="9481748346" timestamp="2022-02-05T18:27:37Z" uid="1468248" user="PantherStrix" version="1" changeset="117056303" lat="52.3920161" lon="13.1240062" />
  <node id="2122561545" timestamp="2024-02-17T11:31:05Z" uid="13975512" user="nebuu" version="3" changeset="147566628" lat="52.3922387" lon="13.1245622" />
  <node id="9481748341" timestamp="2024-02-17T11:31:05Z" uid="13975512" user="nebuu" version="2" changeset="147566628" lat="52.3922876" lon="13.1246096" />
  <node id="2122561531" timestamp="2024-02-17T11:31:05Z" uid="13975512" user="nebuu" version="3" changeset="147566628" lat="52.3923666" lon="13.1246277" />
  <node id="9481748340" timestamp="2024-02-17T11:31:05Z" uid="13975512" user="nebuu" version="2" changeset="147566628" lat="52.392372" lon="13.1246994" />
  <node id="2122561546" timestamp="2024-02-17T11:31:05Z" uid="13975512" user="nebuu" version="2" changeset="147566628" lat="52.3924194" lon="13.1247022" />
  <node id="2122561536" timestamp="2024-02-17T11:31:05Z" uid="13975512" user="nebuu" version="3" changeset="147566628" lat="52.3924627" lon="13.1247135" />
  <node id="11634139797" timestamp="2024-02-17T11:31:05Z" uid="13975512" user="nebuu" version="1" changeset="147566628" lat="52.3924483" lon="13.124522" />
  <node id="4206050065" timestamp="2020-05-03T22:07:03Z" uid="1468248" user="PantherStrix" version="3" changeset="84582759" lat="52.3941077" lon="13.1329989" />
  <node id="4206034494" timestamp="2020-05-03T22:07:03Z" uid="1468248" user="PantherStrix" version="3" changeset="84582759" lat="52.3941942" lon="13.1329856" />
  <node id="4206034501" timestamp="2020-05-03T22:07:03Z" uid="1468248" user="PantherStrix" version="3" changeset="84582759" lat="52.3942591" lon="13.1329757" />
  <node id="4206034500" timestamp="2020-05-03T22:07:03Z" uid="1468248" user="PantherStrix" version="2" changeset="84582759" lat="52.3942924" lon="13.1329706" />
  <node id="1700233314" timestamp="2020-05-03T22:07:03Z" uid="1468248" user="PantherStrix" version="4" changeset="84582759" lat="52.3944639" lon="13.1329339" />
  <node id="1700233312" timestamp="2012-03-31T21:14:27Z" uid="209498" user="nurinfo" version="1" changeset="11171385" lat="52.3943105" lon="13.1304551" />
  <node id="1695556890" timestamp="2022-12-15T12:57:19Z" uid="1468248" user="PantherStrix" version="4" changeset="130114280" lat="52.3942393" lon="13.1301466" />
  <node id="7388092310" timestamp="2023-05-06T12:59:31Z" uid="10121078" user="klnkengi" version="3" changeset="135776282" lat="52.3916849" lon="13.1236602" />
  <node id="2185098334" timestamp="2022-02-05T18:27:37Z" uid="1468248" user="PantherStrix" version="2" changeset="117056303" lat="52.3918322" lon="13.1236593" />
  <node id="2185098338" timestamp="2022-02-05T18:27:37Z" uid="1468248" user="PantherStrix" version="2" changeset="117056303" lat="52.3918494" lon="13.1236571" />
  <node id="2185098344" timestamp="2022-02-05T18:27:37Z" uid="1468248" user="PantherStrix" version="2" changeset="117056303" lat="52.3918676" lon="13.1236451" />
  <node id="2185098348" timestamp="2022-02-05T18:27:37Z" uid="1468248" user="PantherStrix" version="2" changeset="117056303" lat="52.3918823" lon="13.1236246" />
  <node id="2185098347" timestamp="2022-02-05T18:27:37Z" uid="1468248" user="PantherStrix" version="2" changeset="117056303" lat="52.3918924" lon="13.1235972" />
  <node id="2185098346" timestamp="2022-02-05T18:27:37Z" uid="1468248" user="PantherStrix" version="2" changeset="117056303" lat="52.3918965" lon="13.1235686" />
  <node id="2185098345" timestamp="2022-02-05T18:27:37Z" uid="1468248" user="PantherStrix" version="2" changeset="117056303" lat="52.3918955" lon="13.12354">
    <tag k="access" v="private" />
    <tag k="amenity" v="parking_entrance" />
  </node>
  <node id="4868434117" timestamp="2017-05-21T19:19:53Z" uid="1468248" user="PantherStrix" version="1" changeset="48868644" lat="52.3928706" lon="13.1264759" />
  <node id="2356128728" timestamp="2024-11-14T16:45:29Z" uid="1468248" user="PantherStrix" version="6" changeset="159138243" lat="52.3927727" lon="13.126435" />
  <node id="7388139913" timestamp="2020-04-10T06:26:24Z" uid="4798255" user="tecmap15" version="1" changeset="83341670" lat="52.3964101" lon="13.1307285" />
  <node id="253752342" timestamp="2010-01-29T08:59:03Z" uid="6669" user="Elwood" version="2" changeset="3741336" lat="52.396297" lon="13.1304961" />
  <node id="2513869267" timestamp="2024-12-07T06:33:49Z" uid="1468248" user="PantherStrix" version="4" changeset="160016896" lat="52.3945984" lon="13.1286034">
    <tag k="bicycle" v="yes" />
    <tag k="highway" v="elevator" />
    <tag k="level" v="-1;0" />
    <tag k="speech_output" v="yes" />
    <tag k="speech_output:de" v="yes" />
    <tag k="tactile_writing" v="yes" />
    <tag k="tactile_writing:braille:de" v="yes" />
    <tag k="wheelchair" v="yes" />
  </node>
  <node id="12401442164" timestamp="2024-12-07T06:33:49Z" uid="1468248" user="PantherStrix" version="1" changeset="160016896" lat="52.39457" lon="13.1286132" />
  <node id="12401442165" timestamp="2024-12-07T06:33:49Z" uid="1468248" user="PantherStrix" version="1" changeset="160016896" lat="52.394538" lon="13.1283642" />
  <node id="12401442163" timestamp="2024-12-07T06:33:49Z" uid="1468248" user="PantherStrix" version="1" changeset="160016896" lat="52.3946008" lon="13.1286025" />
  <node id="2525548853" timestamp="2024-12-07T06:33:49Z" uid="1468248" user="PantherStrix" version="6" changeset="160016896" lat="52.3941896" lon="13.1286546">
    <tag k="bicycle" v="yes" />
    <tag k="highway" v="elevator" />
    <tag k="level" v="-1;0" />
    <tag k="speech_output" v="yes" />
    <tag k="speech_output:de" v="yes" />
    <tag k="tactile_writing" v="yes" />
    <tag k="tactile_writing:braille:de" v="yes" />
    <tag k="wheelchair" v="yes" />
  </node>
  <node id="2525548852" timestamp="2025-07-21T13:17:55Z" uid="16371836" user="Till_btn" version="4" changeset="169243884" lat="52.3941389" lon="13.1286649" />
  <node id="2525558829" timestamp="2022-08-28T12:15:03Z" uid="1468248" user="PantherStrix" version="5" changeset="125475048" lat="52.3948211" lon="13.1254683" />
  <node id="2525558830" timestamp="2022-08-28T12:15:03Z" uid="1468248" user="PantherStrix" version="5" changeset="125475048" lat="52.39483" lon="13.1258017" />
  <node id="11324283402" timestamp="2023-11-05T12:13:32Z" uid="6167506" user="christian_plus1" version="1" changeset="143647074" lat="52.395145" lon="13.1265849" />
  <node id="2525558838" timestamp="2022-08-28T12:15:03Z" uid="1468248" user="PantherStrix" version="3" changeset="125475048" lat="52.3950931" lon="13.1265885">
    <tag k="access" v="customers" />
    <tag k="barrier" v="lift_gate" />
  </node>
  <node id="2525558827" timestamp="2022-08-28T12:15:03Z" uid="1468248" user="PantherStrix" version="3" changeset="125475048" lat="52.3948105" lon="13.1266081" />
  <node id="2525558828" timestamp="2022-08-28T12:15:03Z" uid="1468248" user="PantherStrix" version="3" changeset="125475048" lat="52.3948142" lon="13.126752" />
  <node id="7057686552" timestamp="2019-12-15T09:34:13Z" uid="1468248" user="PantherStrix" version="1" changeset="78425111" lat="52.3948232" lon="13.1267839" />
  <node id="2525558831" timestamp="2019-12-15T09:34:13Z" uid="1468248" user="PantherStrix" version="2" changeset="78425111" lat="52.3948381" lon="13.1268112" />
  <node id="7057686553" timestamp="2019-12-15T09:34:13Z" uid="1468248" user="PantherStrix" version="1" changeset="78425111" lat="52.3948568" lon="13.1268296" />
  <node id="2525558832" timestamp="2019-12-15T09:34:13Z" uid="1468248" user="PantherStrix" version="2" changeset="78425111" lat="52.3948783" lon="13.1268383" />
  <node id="2525558833" timestamp="2022-08-28T12:15:03Z" uid="1468248" user="PantherStrix" version="5" changeset="125475048" lat="52.3949339" lon="13.1268371">
    <tag k="access" v="customers" />
    <tag k="amenity" v="parking_entrance" />
    <tag k="fee" v="yes" />
    <tag k="maxheight" v="below_default" />
    <tag k="parking" v="underground" />
  </node>
  <node id="11324283401" timestamp="2023-11-05T12:13:32Z" uid="6167506" user="christian_plus1" version="1" changeset="143647074" lat="52.3951256" lon="13.1257803" />
  <node id="9983287340" timestamp="2022-08-28T12:15:03Z" uid="1468248" user="PantherStrix" version="1" changeset="125475048" lat="52.3950087" lon="13.1257888" />
  <node id="2525558824" timestamp="2022-08-28T12:15:03Z" uid="1468248" user="PantherStrix" version="5" changeset="125475048" lat="52.3946753" lon="13.1258129" />
  <node id="2525558823" timestamp="2022-08-28T12:15:03Z" uid="1468248" user="PantherStrix" version="5" changeset="125475048" lat="52.3946663" lon="13.1254795" />
  <node id="2525558834" timestamp="2022-08-28T12:15:03Z" uid="1468248" user="PantherStrix" version="5" changeset="125475048" lat="52.3949998" lon="13.1254554" />
  <node id="2781520744" timestamp="2018-07-15T14:16:06Z" uid="1468248" user="PantherStrix" version="3" changeset="60733119" lat="52.3937433" lon="13.1297235">
    <tag k="barrier" v="lift_gate" />
    <tag k="bicycle" v="yes" />
    <tag k="foot" v="yes" />
    <tag k="motor_vehicle" v="permissive" />
  </node>
  <node id="1028030142" timestamp="2024-02-27T17:35:51Z" uid="1468248" user="PantherStrix" version="10" changeset="147983389" lat="52.3935379" lon="13.1297453" />
  <node id="5198309031" timestamp="2024-02-27T17:35:51Z" uid="1468248" user="PantherStrix" version="5" changeset="147983389" lat="52.3930845" lon="13.1297933" />
  <node id="11247711086" timestamp="2023-10-08T09:28:36Z" uid="3020814" user="BER319" version="1" changeset="142296480" lat="52.3931776" lon="13.1290677" />
  <node id="2781520749" timestamp="2020-05-03T16:42:19Z" uid="1468248" user="PantherStrix" version="4" changeset="84572274" lat="52.3931867" lon="13.1292873" />
  <node id="2781520748" timestamp="2022-02-27T10:10:15Z" uid="1468248" user="PantherStrix" version="5" changeset="117902296" lat="52.3931604" lon="13.1292914">
    <tag k="entrance" v="main" />
  </node>
  <node id="2138533029" timestamp="2024-02-27T17:35:51Z" uid="1468248" user="PantherStrix" version="4" changeset="147983389" lat="52.3950981" lon="13.1290799" />
  <node id="2852446317" timestamp="2024-02-27T17:35:51Z" uid="1468248" user="PantherStrix" version="2" changeset="147983389" lat="52.3951169" lon="13.129243" />
  <node id="2852446318" timestamp="2026-01-30T17:22:48Z" uid="1468248" user="PantherStrix" version="4" changeset="177899319" lat="52.3951684" lon="13.1293016" />
  <node id="2852446323" timestamp="2024-02-27T17:35:51Z" uid="1468248" user="PantherStrix" version="3" changeset="147983389" lat="52.3954306" lon="13.1296117" />
  <node id="3270146999" timestamp="2026-01-30T17:22:48Z" uid="1468248" user="PantherStrix" version="5" changeset="177899319" lat="52.395205" lon="13.1299781" />
  <node id="2852446316" timestamp="2026-01-30T17:22:48Z" uid="1468248" user="PantherStrix" version="5" changeset="177899319" lat="52.3951039" lon="13.1300075" />
  <node id="2852446315" timestamp="2026-01-30T17:22:48Z" uid="1468248" user="PantherStrix" version="5" changeset="177899319" lat="52.3950588" lon="13.1295919" />
  <node id="2852446313" timestamp="2026-01-30T17:22:48Z" uid="1468248" user="PantherStrix" version="3" changeset="177899319" lat="52.3949519" lon="13.129623" />
  <node id="2852446314" timestamp="2026-01-30T17:22:48Z" uid="1468248" user="PantherStrix" version="6" changeset="177899319" lat="52.3949594" lon="13.1296923">
    <tag k="entrance" v="yes" />
  </node>
  <node id="249783097" timestamp="2024-02-27T17:35:51Z" uid="1468248" user="PantherStrix" version="5" changeset="147983389" lat="52.3939541" lon="13.1285135" />
  <node id="11669622006" timestamp="2024-02-27T17:35:51Z" uid="1468248" user="PantherStrix" version="1" changeset="147983389" lat="52.3938836" lon="13.1294849" />
  <node id="10264921803" timestamp="2024-02-27T17:35:51Z" uid="1468248" user="PantherStrix" version="2" changeset="147983389" lat="52.3938935" lon="13.1295153" />
  <node id="10264921804" timestamp="2024-02-27T17:35:51Z" uid="1468248" user="PantherStrix" version="2" changeset="147983389" lat="52.3939084" lon="13.1295396" />
  <node id="11669622005" timestamp="2024-02-27T17:35:51Z" uid="1468248" user="PantherStrix" version="1" changeset="147983389" lat="52.393927" lon="13.1295556" />
  <node id="10264921805" timestamp="2022-12-15T12:57:19Z" uid="1468248" user="PantherStrix" version="1" changeset="130114280" lat="52.3939477" lon="13.129562" />
  <node id="11669622004" timestamp="2024-02-27T17:35:51Z" uid="1468248" user="PantherStrix" version="1" changeset="147983389" lat="52.3939684" lon="13.1295582" />
  <node id="1123753904" timestamp="2022-12-15T12:57:19Z" uid="1468248" user="PantherStrix" version="2" changeset="130114280" lat="52.3939894" lon="13.1295428" />
  <node id="11669622003" timestamp="2024-02-27T17:35:51Z" uid="1468248" user="PantherStrix" version="1" changeset="147983389" lat="52.3940036" lon="13.1295226" />
  <node id="10264921802" timestamp="2024-02-27T17:35:51Z" uid="1468248" user="PantherStrix" version="2" changeset="147983389" lat="52.3940149" lon="13.1294939" />
  <node id="11669622002" timestamp="2024-02-27T17:35:51Z" uid="1468248" user="PantherStrix" version="1" changeset="147983389" lat="52.3940207" lon="13.129461" />
  <node id="3811283551" timestamp="2022-08-28T12:15:03Z" uid="1468248" user="PantherStrix" version="5" changeset="125475048" lat="52.3947765" lon="13.1248352" />
  <node id="3811289169" timestamp="2021-11-01T09:49:50Z" uid="881429" user="atpl_pilot" version="4" changeset="113226698" lat="52.3950152" lon="13.1240534">
    <tag k="access" v="customers" />
    <tag k="barrier" v="lift_gate" />
    <tag k="bicycle" v="yes" />
    <tag k="foot" v="yes" />
  </node>
  <node id="3811289170" timestamp="2022-08-28T12:15:03Z" uid="1468248" user="PantherStrix" version="5" changeset="125475048" lat="52.3950303" lon="13.124766" />
  <node id="9983270472" timestamp="2022-08-28T12:15:03Z" uid="1468248" user="PantherStrix" version="1" changeset="125475048" lat="52.3950331" lon="13.1248965" />
  <node id="3811289159" timestamp="2022-08-28T12:15:03Z" uid="1468248" user="PantherStrix" version="5" changeset="125475048" lat="52.394916" lon="13.1247724" />
  <node id="3811289161" timestamp="2022-08-28T12:15:03Z" uid="1468248" user="PantherStrix" version="5" changeset="125475048" lat="52.3949187" lon="13.1249029" />
  <node id="3811289171" timestamp="2021-11-01T09:49:50Z" uid="881429" user="atpl_pilot" version="5" changeset="113226698" lat="52.3951312" lon="13.1240482" />
  <node id="11324279860" timestamp="2023-11-05T12:13:32Z" uid="6167506" user="christian_plus1" version="1" changeset="143647074" lat="52.3950838" lon="13.1240503" />
  <node id="3811289165" timestamp="2021-11-01T09:49:50Z" uid="881429" user="atpl_pilot" version="3" changeset="113226698" lat="52.3949771" lon="13.1240551" />
  <node id="3811289166" timestamp="2021-11-01T09:49:50Z" uid="881429" user="atpl_pilot" version="3" changeset="113226698" lat="52.3949808" lon="13.1242747" />
  <node id="3811283546" timestamp="2021-11-01T09:49:50Z" uid="881429" user="atpl_pilot" version="3" changeset="113226698" lat="52.394662" lon="13.1242891" />
  <node id="11324283398" timestamp="2023-11-05T12:13:32Z" uid="6167506" user="christian_plus1" version="1" changeset="143647074" lat="52.395101" lon="13.124762" />
  <node id="3811283550" timestamp="2022-08-28T12:15:03Z" uid="1468248" user="PantherStrix" version="5" changeset="125475048" lat="52.3947754" lon="13.1247803" />
  <node id="3811283552" timestamp="2022-08-28T12:15:03Z" uid="1468248" user="PantherStrix" version="5" changeset="125475048" lat="52.3947781" lon="13.1249108" />
  <node id="11324283399" timestamp="2023-11-05T12:13:32Z" uid="6167506" user="christian_plus1" version="1" changeset="143647074" lat="52.3951041" lon="13.1248926" />
  <node id="588653351" timestamp="2016-12-04T08:23:42Z" uid="43566" user="anbr" version="3" changeset="44152670" lat="52.3940075" lon="13.14154" />
  <node id="4537367321" timestamp="2016-12-04T08:23:34Z" uid="43566" user="anbr" version="1" changeset="44152670" lat="52.3939818" lon="13.1392675" />
  <node id="4866140057" timestamp="2025-03-16T19:44:24Z" uid="1468248" user="PantherStrix" version="3" changeset="163703942" lat="52.3917445" lon="13.127472" />
  <node id="5359343784" timestamp="2018-01-24T17:47:17Z" uid="1468248" user="PantherStrix" version="1" changeset="55719302" lat="52.3917671" lon="13.1275106" />
  <node id="5359343783" timestamp="2018-01-24T17:47:17Z" uid="1468248" user="PantherStrix" version="1" changeset="55719302" lat="52.3917779" lon="13.1275425" />
  <node id="5359343782" timestamp="2018-01-24T17:47:17Z" uid="1468248" user="PantherStrix" version="1" changeset="55719302" lat="52.3917933" lon="13.1275622" />
  <node id="5359343781" timestamp="2018-01-24T17:47:17Z" uid="1468248" user="PantherStrix" version="1" changeset="55719302" lat="52.3918134" lon="13.1275776" />
  <node id="5359343780" timestamp="2018-01-24T17:47:17Z" uid="1468248" user="PantherStrix" version="1" changeset="55719302" lat="52.3918248" lon="13.1276007" />
  <node id="5359343779" timestamp="2018-01-24T17:47:17Z" uid="1468248" user="PantherStrix" version="1" changeset="55719302" lat="52.3918369" lon="13.1276502" />
  <node id="5359343778" timestamp="2018-01-24T17:47:17Z" uid="1468248" user="PantherStrix" version="1" changeset="55719302" lat="52.391849" lon="13.1276897" />
  <node id="9743667406" timestamp="2024-01-14T18:00:42Z" uid="20888446" user="osm-bd9c0c" version="2" changeset="146253900" lat="52.3918561" lon="13.1277231">
    <tag k="barrier" v="bollard" />
    <tag k="bollard" v="fixed" />
  </node>
  <node id="5359343777" timestamp="2025-03-16T19:44:24Z" uid="1468248" user="PantherStrix" version="3" changeset="163703942" lat="52.3918639" lon="13.1277565" />
  <node id="3872783897" timestamp="2025-03-16T19:44:24Z" uid="1468248" user="PantherStrix" version="5" changeset="163703942" lat="52.3918713" lon="13.1280427" />
  <node id="3872783898" timestamp="2025-03-16T19:44:24Z" uid="1468248" user="PantherStrix" version="4" changeset="163703942" lat="52.3918777" lon="13.1282628" />
  <node id="5359343785" timestamp="2018-07-15T14:16:08Z" uid="1468248" user="PantherStrix" version="2" changeset="60733119" lat="52.3918299" lon="13.1283396" />
  <node id="3872783917" timestamp="2025-03-16T19:44:24Z" uid="1468248" user="PantherStrix" version="5" changeset="163703942" lat="52.3919873" lon="13.1280372" />
  <node id="3872783912" timestamp="2025-03-16T19:44:24Z" uid="1468248" user="PantherStrix" version="5" changeset="163703942" lat="52.3919822" lon="13.1277508" />
  <node id="3872783921" timestamp="2025-03-16T19:44:24Z" uid="1468248" user="PantherStrix" version="5" changeset="163703942" lat="52.3920842" lon="13.1277459" />
  <node id="3872783920" timestamp="2025-03-16T19:44:24Z" uid="1468248" user="PantherStrix" version="5" changeset="163703942" lat="52.3920812" lon="13.1275775" />
  <node id="3872783932" timestamp="2025-03-16T19:44:24Z" uid="1468248" user="PantherStrix" version="5" changeset="163703942" lat="52.3921916" lon="13.1275722" />
  <node id="3872783933" timestamp="2025-03-16T19:44:24Z" uid="1468248" user="PantherStrix" version="5" changeset="163703942" lat="52.3921946" lon="13.1277407" />
  <node id="3982109435" timestamp="2020-05-03T16:42:19Z" uid="1468248" user="PantherStrix" version="3" changeset="84572274" lat="52.3921541" lon="13.130292" />
  <node id="3982109431" timestamp="2020-05-03T16:42:19Z" uid="1468248" user="PantherStrix" version="3" changeset="84572274" lat="52.3921982" lon="13.1303053" />
  <node id="3982109432" timestamp="2020-05-03T16:42:19Z" uid="1468248" user="PantherStrix" version="3" changeset="84572274" lat="52.3921888" lon="13.130293" />
  <node id="3982109433" timestamp="2020-05-03T16:42:19Z" uid="1468248" user="PantherStrix" version="3" changeset="84572274" lat="52.3921775" lon="13.1302863" />
  <node id="3982109434" timestamp="2020-05-03T16:42:19Z" uid="1468248" user="PantherStrix" version="3" changeset="84572274" lat="52.3921655" lon="13.1302859" />
  <node id="3982109417" timestamp="2020-05-03T16:42:19Z" uid="1468248" user="PantherStrix" version="3" changeset="84572274" lat="52.3921445" lon="13.1303038" />
  <node id="3982109418" timestamp="2020-05-03T16:42:19Z" uid="1468248" user="PantherStrix" version="3" changeset="84572274" lat="52.3921378" lon="13.1303201" />
  <node id="3982109419" timestamp="2020-05-03T16:42:19Z" uid="1468248" user="PantherStrix" version="3" changeset="84572274" lat="52.3921346" lon="13.1303391" />
  <node id="3982109420" timestamp="2020-05-03T16:42:19Z" uid="1468248" user="PantherStrix" version="3" changeset="84572274" lat="52.3921354" lon="13.1303587" />
  <node id="3982109421" timestamp="2020-05-03T16:42:19Z" uid="1468248" user="PantherStrix" version="3" changeset="84572274" lat="52.39214" lon="13.1303769" />
  <node id="3982109427" timestamp="2020-05-03T16:42:19Z" uid="1468248" user="PantherStrix" version="3" changeset="84572274" lat="52.392148" lon="13.1303916" />
  <node id="3982109428" timestamp="2020-05-03T16:42:19Z" uid="1468248" user="PantherStrix" version="3" changeset="84572274" lat="52.3921585" lon="13.1304013" />
  <node id="3982109429" timestamp="2020-05-03T16:42:19Z" uid="1468248" user="PantherStrix" version="3" changeset="84572274" lat="52.3921703" lon="13.1304048" />
  <node id="3982109430" timestamp="2020-05-03T16:42:19Z" uid="1468248" user="PantherStrix" version="3" changeset="84572274" lat="52.3921822" lon="13.1304019" />
  <node id="3982109422" timestamp="2020-05-03T16:42:19Z" uid="1468248" user="PantherStrix" version="3" changeset="84572274" lat="52.3921928" lon="13.1303929" />
  <node id="3982109423" timestamp="2020-05-03T16:42:19Z" uid="1468248" user="PantherStrix" version="3" changeset="84572274" lat="52.3922011" lon="13.1303786" />
  <node id="3982109424" timestamp="2020-05-03T16:42:19Z" uid="1468248" user="PantherStrix" version="3" changeset="84572274" lat="52.3922061" lon="13.1303607" />
  <node id="3982109425" timestamp="2020-05-03T16:42:19Z" uid="1468248" user="PantherStrix" version="3" changeset="84572274" lat="52.3922073" lon="13.1303411" />
  <node id="3982109426" timestamp="2020-05-03T16:42:19Z" uid="1468248" user="PantherStrix" version="3" changeset="84572274" lat="52.3922046" lon="13.130322" />
  <node id="3982117681" timestamp="2017-05-20T12:46:10Z" uid="1468248" user="PantherStrix" version="2" changeset="48842198" lat="52.3925476" lon="13.1298828" />
  <node id="3982117694" timestamp="2017-05-20T12:46:10Z" uid="1468248" user="PantherStrix" version="2" changeset="48842198" lat="52.3926099" lon="13.1298866" />
  <node id="3982117695" timestamp="2017-05-20T12:46:10Z" uid="1468248" user="PantherStrix" version="2" changeset="48842198" lat="52.3926019" lon="13.1298714" />
  <node id="3982117696" timestamp="2017-05-20T12:46:10Z" uid="1468248" user="PantherStrix" version="2" changeset="48842198" lat="52.3925914" lon="13.1298611" />
  <node id="3982117697" timestamp="2017-05-20T12:46:10Z" uid="1468248" user="PantherStrix" version="2" changeset="48842198" lat="52.3925794" lon="13.1298571" />
  <node id="3982117698" timestamp="2017-05-20T12:46:10Z" uid="1468248" user="PantherStrix" version="2" changeset="48842198" lat="52.3925672" lon="13.1298596" />
  <node id="3982117699" timestamp="2017-05-20T12:46:10Z" uid="1468248" user="PantherStrix" version="2" changeset="48842198" lat="52.3925562" lon="13.1298685" />
  <node id="3982117682" timestamp="2017-05-20T12:46:10Z" uid="1468248" user="PantherStrix" version="2" changeset="48842198" lat="52.3925422" lon="13.1299009" />
  <node id="3982117683" timestamp="2017-05-20T12:46:10Z" uid="1468248" user="PantherStrix" version="2" changeset="48842198" lat="52.3925408" lon="13.1299208" />
  <node id="3982117688" timestamp="2017-05-20T12:46:10Z" uid="1468248" user="PantherStrix" version="2" changeset="48842198" lat="52.3925433" lon="13.1299404" />
  <node id="3982117689" timestamp="2017-05-20T12:46:10Z" uid="1468248" user="PantherStrix" version="2" changeset="48842198" lat="52.3925496" lon="13.1299577" />
  <node id="3982117690" timestamp="2017-05-20T12:46:10Z" uid="1468248" user="PantherStrix" version="2" changeset="48842198" lat="52.392559" lon="13.1299706" />
  <node id="3982117691" timestamp="2017-05-20T12:46:10Z" uid="1468248" user="PantherStrix" version="2" changeset="48842198" lat="52.3925704" lon="13.1299778" />
  <node id="3982117692" timestamp="2017-05-20T12:46:10Z" uid="1468248" user="PantherStrix" version="2" changeset="48842198" lat="52.3925827" lon="13.1299786" />
  <node id="3982117693" timestamp="2017-05-20T12:46:10Z" uid="1468248" user="PantherStrix" version="2" changeset="48842198" lat="52.3925944" lon="13.1299728" />
  <node id="3982117684" timestamp="2017-05-20T12:46:10Z" uid="1468248" user="PantherStrix" version="2" changeset="48842198" lat="52.3926044" lon="13.1299611" />
  <node id="3982117685" timestamp="2017-05-20T12:46:10Z" uid="1468248" user="PantherStrix" version="2" changeset="48842198" lat="52.3926115" lon="13.1299447" />
  <node id="3982117686" timestamp="2017-05-20T12:46:10Z" uid="1468248" user="PantherStrix" version="2" changeset="48842198" lat="52.3926149" lon="13.1299254" />
  <node id="3982117687" timestamp="2017-05-20T12:46:10Z" uid="1468248" user="PantherStrix" version="2" changeset="48842198" lat="52.3926144" lon="13.1299053" />
  <node id="3982271558" timestamp="2016-02-01T16:21:31Z" uid="1724627" user="Scento" version="1" changeset="36940072" lat="52.3924664" lon="13.1293093" />
  <node id="3982271571" timestamp="2016-02-01T16:21:32Z" uid="1724627" user="Scento" version="1" changeset="36940072" lat="52.392473" lon="13.1292109" />
  <node id="3982271572" timestamp="2016-02-01T16:21:32Z" uid="1724627" user="Scento" version="1" changeset="36940072" lat="52.3924638" lon="13.1292228" />
  <node id="7006454174" timestamp="2022-08-05T09:30:17Z" uid="15862952" user="Biohtoaster" version="2" changeset="124513640" lat="52.3924574" lon="13.1292388">
    <tag k="access" v="private" />
    <tag k="amenity" v="bicycle_parking" />
    <tag k="bicycle_parking" v="rack" />
    <tag k="capacity" v="6" />
    <tag k="covered" v="no" />
    <tag k="fee" v="no" />
    <tag k="operator" v="Studentenwerk Potsdam" />
  </node>
  <node id="3982271574" timestamp="2016-02-01T16:21:32Z" uid="1724627" user="Scento" version="1" changeset="36940072" lat="52.3924543" lon="13.1292573" />
  <node id="3982271575" timestamp="2016-02-01T16:21:32Z" uid="1724627" user="Scento" version="1" changeset="36940072" lat="52.3924548" lon="13.1292765" />
  <node id="3982271576" timestamp="2016-02-01T16:21:32Z" uid="1724627" user="Scento" version="1" changeset="36940072" lat="52.392459" lon="13.1292944" />
  <node id="3982271559" timestamp="2016-02-01T16:21:31Z" uid="1724627" user="Scento" version="1" changeset="36940072" lat="52.3924772" lon="13.1293203" />
  <node id="3982271560" timestamp="2016-02-01T16:21:31Z" uid="1724627" user="Scento" version="1" changeset="36940072" lat="52.3924897" lon="13.1293247" />
  <node id="3982271561" timestamp="2016-02-01T16:21:31Z" uid="1724627" user="Scento" version="1" changeset="36940072" lat="52.3925024" lon="13.1293219" />
  <node id="3982271566" timestamp="2016-02-01T16:21:31Z" uid="1724627" user="Scento" version="1" changeset="36940072" lat="52.3925137" lon="13.1293122" />
  <node id="3982271567" timestamp="2016-02-01T16:21:31Z" uid="1724627" user="Scento" version="1" changeset="36940072" lat="52.3925224" lon="13.1292968" />
  <node id="3982271568" timestamp="2016-02-01T16:21:31Z" uid="1724627" user="Scento" version="1" changeset="36940072" lat="52.3925273" lon="13.1292775" />
  <node id="3982271569" timestamp="2016-02-01T16:21:31Z" uid="1724627" user="Scento" version="1" changeset="36940072" lat="52.392528" lon="13.1292565" />
  <node id="3982271570" timestamp="2016-02-01T16:21:32Z" uid="1724627" user="Scento" version="1" changeset="36940072" lat="52.3925243" lon="13.1292365" />
  <node id="3982271562" timestamp="2016-02-01T16:21:31Z" uid="1724627" user="Scento" version="1" changeset="36940072" lat="52.3925166" lon="13.1292197" />
  <node id="3982271563" timestamp="2016-02-01T16:21:31Z" uid="1724627" user="Scento" version="1" changeset="36940072" lat="52.3925069" lon="13.1292089" />
  <node id="3982271564" timestamp="2016-02-01T16:21:31Z" uid="1724627" user="Scento" version="1" changeset="36940072" lat="52.3924957" lon="13.1292036" />
  <node id="3982271565" timestamp="2016-02-01T16:21:31Z" uid="1724627" user="Scento" version="1" changeset="36940072" lat="52.392484" lon="13.1292043" />
  <node id="3982271578" timestamp="2020-05-03T16:42:19Z" uid="1468248" user="PantherStrix" version="2" changeset="84572274" lat="52.3919688" lon="13.1292217" />
  <node id="3982271592" timestamp="2020-05-03T16:42:19Z" uid="1468248" user="PantherStrix" version="2" changeset="84572274" lat="52.3919139" lon="13.129232" />
  <node id="3982271593" timestamp="2020-05-03T16:42:19Z" uid="1468248" user="PantherStrix" version="2" changeset="84572274" lat="52.3919229" lon="13.1292184" />
  <node id="3982271594" timestamp="2020-05-03T16:42:19Z" uid="1468248" user="PantherStrix" version="2" changeset="84572274" lat="52.391934" lon="13.1292101" />
  <node id="3982271595" timestamp="2020-05-03T16:42:19Z" uid="1468248" user="PantherStrix" version="2" changeset="84572274" lat="52.3919462" lon="13.1292078" />
  <node id="3982271596" timestamp="2020-05-03T16:42:19Z" uid="1468248" user="PantherStrix" version="2" changeset="84572274" lat="52.3919582" lon="13.1292118" />
  <node id="3982271579" timestamp="2020-05-03T16:42:19Z" uid="1468248" user="PantherStrix" version="2" changeset="84572274" lat="52.391978" lon="13.129239" />
  <node id="3982271580" timestamp="2020-05-03T16:42:19Z" uid="1468248" user="PantherStrix" version="2" changeset="84572274" lat="52.3919829" lon="13.1292605" />
  <node id="3982271581" timestamp="2020-05-03T16:42:19Z" uid="1468248" user="PantherStrix" version="2" changeset="84572274" lat="52.3919827" lon="13.1292834" />
  <node id="3982271586" timestamp="2020-05-03T16:42:19Z" uid="1468248" user="PantherStrix" version="2" changeset="84572274" lat="52.3919777" lon="13.1293048" />
  <node id="3982271587" timestamp="2020-05-03T16:42:19Z" uid="1468248" user="PantherStrix" version="2" changeset="84572274" lat="52.3919684" lon="13.1293219" />
  <node id="3982271588" timestamp="2020-05-03T16:42:19Z" uid="1468248" user="PantherStrix" version="2" changeset="84572274" lat="52.3919578" lon="13.1293314" />
  <node id="3982271589" timestamp="2020-05-03T16:42:19Z" uid="1468248" user="PantherStrix" version="2" changeset="84572274" lat="52.3919459" lon="13.1293352" />
  <node id="3982271590" timestamp="2020-05-03T16:42:19Z" uid="1468248" user="PantherStrix" version="2" changeset="84572274" lat="52.3919338" lon="13.1293328" />
  <node id="3982271591" timestamp="2020-05-03T16:42:19Z" uid="1468248" user="PantherStrix" version="2" changeset="84572274" lat="52.3919228" lon="13.1293244" />
  <node id="3982271582" timestamp="2020-05-03T16:42:19Z" uid="1468248" user="PantherStrix" version="2" changeset="84572274" lat="52.3919136" lon="13.1293101" />
  <node id="3982271583" timestamp="2020-05-03T16:42:19Z" uid="1468248" user="PantherStrix" version="2" changeset="84572274" lat="52.3919076" lon="13.1292916" />
  <node id="3982271584" timestamp="2020-05-03T16:42:19Z" uid="1468248" user="PantherStrix" version="2" changeset="84572274" lat="52.3919056" lon="13.129271" />
  <node id="3982271585" timestamp="2020-05-03T16:42:19Z" uid="1468248" user="PantherStrix" version="2" changeset="84572274" lat="52.3919078" lon="13.1292504" />
  <node id="3982271598" timestamp="2016-02-01T16:21:32Z" uid="1724627" user="Scento" version="1" changeset="36940072" lat="52.3920337" lon="13.1288458" />
  <node id="3982271610" timestamp="2016-02-01T16:21:32Z" uid="1724627" user="Scento" version="1" changeset="36940072" lat="52.3920574" lon="13.1287365" />
  <node id="3982271611" timestamp="2016-02-01T16:21:32Z" uid="1724627" user="Scento" version="1" changeset="36940072" lat="52.392045" lon="13.1287412" />
  <node id="3982271612" timestamp="2016-02-01T16:21:32Z" uid="1724627" user="Scento" version="1" changeset="36940072" lat="52.3920342" lon="13.1287524" />
  <node id="3982271613" timestamp="2016-02-01T16:21:32Z" uid="1724627" user="Scento" version="1" changeset="36940072" lat="52.3920262" lon="13.1287687" />
  <node id="3982271614" timestamp="2016-02-01T16:21:32Z" uid="1724627" user="Scento" version="1" changeset="36940072" lat="52.3920219" lon="13.1287885" />
  <node id="3982271615" timestamp="2016-02-01T16:21:32Z" uid="1724627" user="Scento" version="1" changeset="36940072" lat="52.3920218" lon="13.1288094" />
  <node id="3982271616" timestamp="2016-02-01T16:21:32Z" uid="1724627" user="Scento" version="1" changeset="36940072" lat="52.3920259" lon="13.1288293" />
  <node id="3982271599" timestamp="2016-02-01T16:21:32Z" uid="1724627" user="Scento" version="1" changeset="36940072" lat="52.3920441" lon="13.1288571" />
  <node id="3982271600" timestamp="2016-02-01T16:21:32Z" uid="1724627" user="Scento" version="1" changeset="36940072" lat="52.3920562" lon="13.1288622" />
  <node id="3982271605" timestamp="2016-02-01T16:21:32Z" uid="1724627" user="Scento" version="1" changeset="36940072" lat="52.3920687" lon="13.1288608" />
  <node id="3982271606" timestamp="2016-02-01T16:21:32Z" uid="1724627" user="Scento" version="1" changeset="36940072" lat="52.3920802" lon="13.1288528" />
  <node id="3982271607" timestamp="2016-02-01T16:21:32Z" uid="1724627" user="Scento" version="1" changeset="36940072" lat="52.3920896" lon="13.1288393" />
  <node id="3982271608" timestamp="2016-02-01T16:21:32Z" uid="1724627" user="Scento" version="1" changeset="36940072" lat="52.3920958" lon="13.1288215" />
  <node id="3982271609" timestamp="2016-02-01T16:21:32Z" uid="1724627" user="Scento" version="1" changeset="36940072" lat="52.3920982" lon="13.1288014" />
  <node id="3982271601" timestamp="2016-02-01T16:21:32Z" uid="1724627" user="Scento" version="1" changeset="36940072" lat="52.3920966" lon="13.1287811" />
  <node id="3982271602" timestamp="2016-02-01T16:21:32Z" uid="1724627" user="Scento" version="1" changeset="36940072" lat="52.3920909" lon="13.1287624" />
  <node id="3982271603" timestamp="2016-02-01T16:21:32Z" uid="1724627" user="Scento" version="1" changeset="36940072" lat="52.3920817" lon="13.1287477" />
  <node id="3982271604" timestamp="2016-02-01T16:21:32Z" uid="1724627" user="Scento" version="1" changeset="36940072" lat="52.3920702" lon="13.1287387" />
  <node id="3982271617" timestamp="2017-05-20T12:46:10Z" uid="1468248" user="PantherStrix" version="2" changeset="48842198" lat="52.3927063" lon="13.1309038" />
  <node id="3982271628" timestamp="2017-05-20T12:46:10Z" uid="1468248" user="PantherStrix" version="2" changeset="48842198" lat="52.3927381" lon="13.1308074" />
  <node id="3982271629" timestamp="2017-05-20T12:46:10Z" uid="1468248" user="PantherStrix" version="2" changeset="48842198" lat="52.3927267" lon="13.1308059" />
  <node id="3982271630" timestamp="2017-05-20T12:46:10Z" uid="1468248" user="PantherStrix" version="2" changeset="48842198" lat="52.3927157" lon="13.1308105" />
  <node id="3982271631" timestamp="2017-05-20T12:46:10Z" uid="1468248" user="PantherStrix" version="2" changeset="48842198" lat="52.3927062" lon="13.1308206" />
  <node id="3982271632" timestamp="2017-05-20T12:46:10Z" uid="1468248" user="PantherStrix" version="2" changeset="48842198" lat="52.3926993" lon="13.1308353" />
  <node id="3982271633" timestamp="2017-05-20T12:46:10Z" uid="1468248" user="PantherStrix" version="2" changeset="48842198" lat="52.3926956" lon="13.1308529" />
  <node id="3982271634" timestamp="2017-05-20T12:46:10Z" uid="1468248" user="PantherStrix" version="2" changeset="48842198" lat="52.3926956" lon="13.1308716" />
  <node id="3982271635" timestamp="2017-05-20T12:46:10Z" uid="1468248" user="PantherStrix" version="2" changeset="48842198" lat="52.3926993" lon="13.1308891" />
  <node id="3982271618" timestamp="2017-05-20T12:46:10Z" uid="1468248" user="PantherStrix" version="2" changeset="48842198" lat="52.3927158" lon="13.130914" />
  <node id="3982271619" timestamp="2017-05-20T12:46:10Z" uid="1468248" user="PantherStrix" version="2" changeset="48842198" lat="52.3927268" lon="13.1309185" />
  <node id="3982271624" timestamp="2017-05-20T12:46:10Z" uid="1468248" user="PantherStrix" version="2" changeset="48842198" lat="52.3927381" lon="13.130917" />
  <node id="3982271625" timestamp="2017-05-20T12:46:10Z" uid="1468248" user="PantherStrix" version="2" changeset="48842198" lat="52.3927485" lon="13.1309095" />
  <node id="3982271626" timestamp="2017-05-20T12:46:10Z" uid="1468248" user="PantherStrix" version="2" changeset="48842198" lat="52.3927569" lon="13.1308969" />
  <node id="3982271627" timestamp="2017-05-20T12:46:10Z" uid="1468248" user="PantherStrix" version="2" changeset="48842198" lat="52.3927623" lon="13.1308805" />
  <node id="3982271620" timestamp="2017-05-20T12:46:10Z" uid="1468248" user="PantherStrix" version="2" changeset="48842198" lat="52.3927641" lon="13.1308621" />
  <node id="3982271621" timestamp="2017-05-20T12:46:10Z" uid="1468248" user="PantherStrix" version="2" changeset="48842198" lat="52.3927622" lon="13.1308438" />
  <node id="3982271622" timestamp="2017-05-20T12:46:10Z" uid="1468248" user="PantherStrix" version="2" changeset="48842198" lat="52.3927568" lon="13.1308274" />
  <node id="3982271623" timestamp="2017-05-20T12:46:10Z" uid="1468248" user="PantherStrix" version="2" changeset="48842198" lat="52.3927485" lon="13.1308148" />
  <node id="3982271637" timestamp="2017-05-20T12:46:10Z" uid="1468248" user="PantherStrix" version="2" changeset="48842198" lat="52.3924989" lon="13.1310516" />
  <node id="3982271650" timestamp="2017-05-20T12:46:11Z" uid="1468248" user="PantherStrix" version="2" changeset="48842198" lat="52.3924395" lon="13.1310682" />
  <node id="3982271651" timestamp="2017-05-20T12:46:11Z" uid="1468248" user="PantherStrix" version="2" changeset="48842198" lat="52.3924459" lon="13.1310519" />
  <node id="3982271652" timestamp="2017-05-20T12:46:11Z" uid="1468248" user="PantherStrix" version="2" changeset="48842198" lat="52.3924553" lon="13.13104" />
  <node id="3982271653" timestamp="2017-05-20T12:46:11Z" uid="1468248" user="PantherStrix" version="2" changeset="48842198" lat="52.3924665" lon="13.1310336" />
  <node id="3982271654" timestamp="2017-05-20T12:46:11Z" uid="1468248" user="PantherStrix" version="2" changeset="48842198" lat="52.3924783" lon="13.1310335" />
  <node id="3982271655" timestamp="2017-05-20T12:46:11Z" uid="1468248" user="PantherStrix" version="2" changeset="48842198" lat="52.3924895" lon="13.1310397" />
  <node id="3982271638" timestamp="2017-05-20T12:46:10Z" uid="1468248" user="PantherStrix" version="2" changeset="48842198" lat="52.3925054" lon="13.1310678" />
  <node id="3982271639" timestamp="2017-05-20T12:46:11Z" uid="1468248" user="PantherStrix" version="2" changeset="48842198" lat="52.3925084" lon="13.1310866" />
  <node id="3982271644" timestamp="2017-05-20T12:46:11Z" uid="1468248" user="PantherStrix" version="2" changeset="48842198" lat="52.3925074" lon="13.131106" />
  <node id="3982271645" timestamp="2017-05-20T12:46:11Z" uid="1468248" user="PantherStrix" version="2" changeset="48842198" lat="52.3925027" lon="13.1311238" />
  <node id="3982271646" timestamp="2017-05-20T12:46:11Z" uid="1468248" user="PantherStrix" version="2" changeset="48842198" lat="52.3924947" lon="13.1311381" />
  <node id="3982271647" timestamp="2017-05-20T12:46:11Z" uid="1468248" user="PantherStrix" version="2" changeset="48842198" lat="52.3924843" lon="13.1311474" />
  <node id="3982271648" timestamp="2017-05-20T12:46:11Z" uid="1468248" user="PantherStrix" version="2" changeset="48842198" lat="52.3924726" lon="13.1311507" />
  <node id="3982271649" timestamp="2017-05-20T12:46:11Z" uid="1468248" user="PantherStrix" version="2" changeset="48842198" lat="52.392461" lon="13.1311476" />
  <node id="3982271640" timestamp="2017-05-20T12:46:11Z" uid="1468248" user="PantherStrix" version="2" changeset="48842198" lat="52.3924505" lon="13.1311384" />
  <node id="3982271641" timestamp="2017-05-20T12:46:11Z" uid="1468248" user="PantherStrix" version="2" changeset="48842198" lat="52.3924425" lon="13.1311241" />
  <node id="3982271642" timestamp="2017-05-20T12:46:11Z" uid="1468248" user="PantherStrix" version="2" changeset="48842198" lat="52.3924377" lon="13.1311064" />
  <node id="3982271643" timestamp="2017-05-20T12:46:11Z" uid="1468248" user="PantherStrix" version="2" changeset="48842198" lat="52.3924366" lon="13.1310871" />
  <node id="3982271957" timestamp="2023-04-28T16:41:13Z" uid="2804186" user="thomasrosen" version="3" changeset="135477109" lat="52.3928091" lon="13.1315319" />
  <node id="3982271964" timestamp="2023-04-28T16:41:13Z" uid="2804186" user="thomasrosen" version="3" changeset="135477109" lat="52.392811" lon="13.1316155" />
  <node id="3982271960" timestamp="2023-04-28T16:41:13Z" uid="2804186" user="thomasrosen" version="3" changeset="135477109" lat="52.3928821" lon="13.1316105" />
  <node id="3982271962" timestamp="2023-04-28T16:41:13Z" uid="2804186" user="thomasrosen" version="3" changeset="135477109" lat="52.3928817" lon="13.1315331" />
  <node id="3982271977" timestamp="2017-05-20T12:46:11Z" uid="1468248" user="PantherStrix" version="2" changeset="48842198" lat="52.3919897" lon="13.1300389" />
  <node id="3982271989" timestamp="2017-05-20T12:46:12Z" uid="1468248" user="PantherStrix" version="2" changeset="48842198" lat="52.3919186" lon="13.1299913" />
  <node id="3982271990" timestamp="2017-05-20T12:46:12Z" uid="1468248" user="PantherStrix" version="2" changeset="48842198" lat="52.3919212" lon="13.1300135" />
  <node id="3982271991" timestamp="2017-05-20T12:46:12Z" uid="1468248" user="PantherStrix" version="2" changeset="48842198" lat="52.3919281" lon="13.1300331" />
  <node id="3982271992" timestamp="2017-05-20T12:46:12Z" uid="1468248" user="PantherStrix" version="2" changeset="48842198" lat="52.3919385" lon="13.130048" />
  <node id="3982271993" timestamp="2017-05-20T12:46:12Z" uid="1468248" user="PantherStrix" version="2" changeset="48842198" lat="52.3919513" lon="13.1300566" />
  <node id="3982271994" timestamp="2017-05-20T12:46:12Z" uid="1468248" user="PantherStrix" version="2" changeset="48842198" lat="52.391965" lon="13.1300579" />
  <node id="3982271995" timestamp="2017-05-20T12:46:12Z" uid="1468248" user="PantherStrix" version="2" changeset="48842198" lat="52.3919783" lon="13.1300518" />
  <node id="3982271978" timestamp="2017-05-20T12:46:11Z" uid="1468248" user="PantherStrix" version="2" changeset="48842198" lat="52.3919979" lon="13.1300207" />
  <node id="3982271979" timestamp="2017-05-20T12:46:11Z" uid="1468248" user="PantherStrix" version="2" changeset="48842198" lat="52.3920021" lon="13.1299991" />
  <node id="3982271984" timestamp="2017-05-20T12:46:12Z" uid="1468248" user="PantherStrix" version="2" changeset="48842198" lat="52.3920017" lon="13.1299765" />
  <node id="3982271985" timestamp="2017-05-20T12:46:12Z" uid="1468248" user="PantherStrix" version="2" changeset="48842198" lat="52.3919969" lon="13.1299553" />
  <node id="3982271986" timestamp="2017-05-20T12:46:12Z" uid="1468248" user="PantherStrix" version="2" changeset="48842198" lat="52.3919881" lon="13.1299378" />
  <node id="3982271987" timestamp="2017-05-20T12:46:12Z" uid="1468248" user="PantherStrix" version="2" changeset="48842198" lat="52.3919764" lon="13.1299259" />
  <node id="3982271988" timestamp="2017-05-20T12:46:12Z" uid="1468248" user="PantherStrix" version="2" changeset="48842198" lat="52.3919629" lon="13.1299209" />
  <node id="3982271980" timestamp="2017-05-20T12:46:11Z" uid="1468248" user="PantherStrix" version="2" changeset="48842198" lat="52.3919492" lon="13.1299233" />
  <node id="3982271981" timestamp="2017-05-20T12:46:11Z" uid="1468248" user="PantherStrix" version="2" changeset="48842198" lat="52.3919367" lon="13.129933" />
  <node id="3982271982" timestamp="2017-05-20T12:46:11Z" uid="1468248" user="PantherStrix" version="2" changeset="48842198" lat="52.3919268" lon="13.1299487" />
  <node id="3982271983" timestamp="2017-05-20T12:46:12Z" uid="1468248" user="PantherStrix" version="2" changeset="48842198" lat="52.3919205" lon="13.1299689" />
  <node id="4199580123" timestamp="2020-05-03T16:42:19Z" uid="1468248" user="PantherStrix" version="3" changeset="84572274" lat="52.3922525" lon="13.1311203" />
  <node id="4199580124" timestamp="2020-08-02T13:49:04Z" uid="1468248" user="PantherStrix" version="5" changeset="88840753" lat="52.391963" lon="13.1308719" />
  <node id="4206008086" timestamp="2020-05-03T16:42:19Z" uid="1468248" user="PantherStrix" version="2" changeset="84572274" lat="52.3930824" lon="13.1320699" />
  <node id="4206034495" timestamp="2016-05-24T23:21:38Z" uid="174995" user="invliD" version="1" changeset="39546666" lat="52.3941992" lon="13.1332419" />
  <node id="4206050066" timestamp="2016-05-24T23:46:04Z" uid="174995" user="invliD" version="1" changeset="39546844" lat="52.3941938" lon="13.1333678" />
  <node id="4206034496" timestamp="2016-05-24T23:21:38Z" uid="174995" user="invliD" version="1" changeset="39546666" lat="52.394191" lon="13.1334324" />
  <node id="4206034497" timestamp="2016-05-24T23:21:38Z" uid="174995" user="invliD" version="1" changeset="39546666" lat="52.3941705" lon="13.1336295" />
  <node id="4206034498" timestamp="2016-05-24T23:21:38Z" uid="174995" user="invliD" version="1" changeset="39546666" lat="52.394161" lon="13.1336814" />
  <node id="4206034499" timestamp="2024-01-23T12:18:50Z" uid="16371836" user="Till_btn" version="3" changeset="146590568" lat="52.394285" lon="13.1327173" />
  <node id="1695556893" timestamp="2020-05-03T22:07:03Z" uid="1468248" user="PantherStrix" version="3" changeset="84582759" lat="52.3942702" lon="13.1308983" />
  <node id="994856061" timestamp="2024-02-27T17:35:51Z" uid="1468248" user="PantherStrix" version="5" changeset="147983389" lat="52.3942339" lon="13.1300296">
    <tag k="barrier" v="lift_gate" />
    <tag k="bicycle" v="yes" />
    <tag k="foot" v="yes" />
  </node>
  <node id="10264921800" timestamp="2024-02-27T17:35:51Z" uid="1468248" user="PantherStrix" version="2" changeset="147983389" lat="52.3942216" lon="13.1297234" />
  <node id="10264921801" timestamp="2024-02-27T17:35:51Z" uid="1468248" user="PantherStrix" version="2" changeset="147983389" lat="52.3942124" lon="13.129675" />
  <node id="10264921799" timestamp="2024-02-27T17:35:51Z" uid="1468248" user="PantherStrix" version="2" changeset="147983389" lat="52.394196" lon="13.129632" />
  <node id="11669622001" timestamp="2024-02-27T17:35:51Z" uid="1468248" user="PantherStrix" version="1" changeset="147983389" lat="52.3941711" lon="13.1295941" />
  <node id="10264921798" timestamp="2024-02-27T17:35:51Z" uid="1468248" user="PantherStrix" version="2" changeset="147983389" lat="52.3941407" lon="13.1295688" />
  <node id="11247718615" timestamp="2023-10-08T09:28:48Z" uid="3020814" user="BER319" version="1" changeset="142296477" lat="52.3942995" lon="13.1331985" />
  <node id="2158816021" timestamp="2020-05-03T15:49:41Z" uid="1468248" user="PantherStrix" version="2" changeset="84569892" lat="52.3943002" lon="13.1331878" />
  <node id="2158816023" timestamp="2013-02-17T10:32:38Z" uid="39756" user="kkaefer" version="1" changeset="15061543" lat="52.3943986" lon="13.13318" />
  <node id="7476350868" timestamp="2020-05-03T15:49:41Z" uid="1468248" user="PantherStrix" version="1" changeset="84569892" lat="52.3944315" lon="13.1331846" />
  <node id="2158816024" timestamp="2020-05-03T15:49:41Z" uid="1468248" user="PantherStrix" version="2" changeset="84569892" lat="52.3944638" lon="13.1331981" />
  <node id="7476350867" timestamp="2020-05-03T15:49:41Z" uid="1468248" user="PantherStrix" version="1" changeset="84569892" lat="52.3944935" lon="13.1332378" />
  <node id="7476350870" timestamp="2020-05-03T15:49:41Z" uid="1468248" user="PantherStrix" version="1" changeset="84569892" lat="52.3945179" lon="13.1332818" />
  <node id="2158816026" timestamp="2020-05-03T15:49:41Z" uid="1468248" user="PantherStrix" version="2" changeset="84569892" lat="52.3945551" lon="13.1333885" />
  <node id="7476350869" timestamp="2020-05-03T15:49:41Z" uid="1468248" user="PantherStrix" version="1" changeset="84569892" lat="52.3945694" lon="13.1334823" />
  <node id="2158816028" timestamp="2020-05-03T15:49:41Z" uid="1468248" user="PantherStrix" version="2" changeset="84569892" lat="52.3945748" lon="13.133573" />
  <node id="7476350872" timestamp="2020-05-03T15:49:41Z" uid="1468248" user="PantherStrix" version="1" changeset="84569892" lat="52.3945681" lon="13.1336697" />
  <node id="2158816030" timestamp="2020-05-03T15:49:41Z" uid="1468248" user="PantherStrix" version="2" changeset="84569892" lat="52.394546" lon="13.1337676" />
  <node id="7476350871" timestamp="2020-05-03T15:49:41Z" uid="1468248" user="PantherStrix" version="1" changeset="84569892" lat="52.3945319" lon="13.1338152" />
  <node id="7476350873" timestamp="2020-05-03T15:49:41Z" uid="1468248" user="PantherStrix" version="1" changeset="84569892" lat="52.3945254" lon="13.1338763" />
  <node id="2158816033" timestamp="2020-05-03T15:49:41Z" uid="1468248" user="PantherStrix" version="3" changeset="84569892" lat="52.3945253" lon="13.133982" />
  <node id="7476350874" timestamp="2020-05-03T15:49:41Z" uid="1468248" user="PantherStrix" version="1" changeset="84569892" lat="52.3945386" lon="13.1340531" />
  <node id="2158816036" timestamp="2020-05-03T15:49:41Z" uid="1468248" user="PantherStrix" version="2" changeset="84569892" lat="52.3945452" lon="13.1341207" />
  <node id="7476350875" timestamp="2020-05-03T15:49:41Z" uid="1468248" user="PantherStrix" version="1" changeset="84569892" lat="52.3945324" lon="13.1341921" />
  <node id="2158816039" timestamp="2013-02-17T10:32:38Z" uid="39756" user="kkaefer" version="1" changeset="15061543" lat="52.3945083" lon="13.1342588" />
  <node id="7476350876" timestamp="2020-05-03T15:49:41Z" uid="1468248" user="PantherStrix" version="1" changeset="84569892" lat="52.3944795" lon="13.1343183" />
  <node id="2158816042" timestamp="2013-02-17T10:32:38Z" uid="39756" user="kkaefer" version="1" changeset="15061543" lat="52.3944352" lon="13.1343667" />
  <node id="7476350877" timestamp="2020-05-03T15:49:41Z" uid="1468248" user="PantherStrix" version="1" changeset="84569892" lat="52.3943821" lon="13.1343874" />
  <node id="2158816046" timestamp="2020-05-03T15:49:41Z" uid="1468248" user="PantherStrix" version="2" changeset="84569892" lat="52.3943266" lon="13.1343897" />
  <node id="7476350878" timestamp="2020-05-03T15:49:41Z" uid="1468248" user="PantherStrix" version="1" changeset="84569892" lat="52.3942866" lon="13.1343662" />
  <node id="2158816049" timestamp="2020-05-03T15:49:41Z" uid="1468248" user="PantherStrix" version="2" changeset="84569892" lat="52.3942536" lon="13.1343166" />
  <node id="7476350879" timestamp="2020-05-03T15:49:41Z" uid="1468248" user="PantherStrix" version="1" changeset="84569892" lat="52.3942275" lon="13.1342106" />
  <node id="2158816052" timestamp="2020-05-03T15:49:41Z" uid="1468248" user="PantherStrix" version="2" changeset="84569892" lat="52.3941935" lon="13.1341256" />
  <node id="2158816055" timestamp="2020-05-03T15:49:41Z" uid="1468248" user="PantherStrix" version="2" changeset="84569892" lat="52.3941243" lon="13.1340933" />
  <node id="2158816058" timestamp="2020-05-03T15:49:41Z" uid="1468248" user="PantherStrix" version="2" changeset="84569892" lat="52.3940679" lon="13.1340496" />
  <node id="2158816062" timestamp="2020-05-03T15:49:41Z" uid="1468248" user="PantherStrix" version="2" changeset="84569892" lat="52.3940432" lon="13.1339519" />
  <node id="2158816064" timestamp="2020-05-03T15:49:41Z" uid="1468248" user="PantherStrix" version="2" changeset="84569892" lat="52.3940545" lon="13.1338006" />
  <node id="4206043586" timestamp="2024-01-23T12:18:50Z" uid="16371836" user="Till_btn" version="3" changeset="146590568" lat="52.3942762" lon="13.132435" />
  <node id="4206050074" timestamp="2020-05-03T15:49:41Z" uid="1468248" user="PantherStrix" version="2" changeset="84569892" lat="52.3935303" lon="13.1315966" />
  <node id="7476350761" timestamp="2020-05-03T15:49:41Z" uid="1468248" user="PantherStrix" version="1" changeset="84569892" lat="52.3935548" lon="13.1315913" />
  <node id="7476350762" timestamp="2020-05-03T15:49:41Z" uid="1468248" user="PantherStrix" version="1" changeset="84569892" lat="52.3936111" lon="13.1315561" />
  <node id="7476350760" timestamp="2020-05-03T15:49:41Z" uid="1468248" user="PantherStrix" version="1" changeset="84569892" lat="52.3936726" lon="13.1315566" />
  <node id="4206050075" timestamp="2020-05-03T15:49:41Z" uid="1468248" user="PantherStrix" version="2" changeset="84569892" lat="52.3937121" lon="13.1315384" />
  <node id="4207399612" timestamp="2024-02-27T17:35:51Z" uid="1468248" user="PantherStrix" version="5" changeset="147983389" lat="52.3937426" lon="13.1298553" />
  <node id="4417232283" timestamp="2022-12-20T08:45:04Z" uid="1468248" user="PantherStrix" version="3" changeset="130279558" lat="52.391602" lon="13.1315519" />
  <node id="4417232281" timestamp="2024-07-30T13:43:06Z" uid="564990" user="mavl" version="8" changeset="154607328" lat="52.3915068" lon="13.1314199">
    <tag k="bench" v="yes" />
    <tag k="bin" v="yes" />
    <tag k="highway" v="bus_stop" />
    <tag k="lit" v="yes" />
    <tag k="name" v="Stahnsdorfer Brücke" />
    <tag k="shelter" v="yes" />
    <tag k="tactile_paving" v="no" />
    <tag k="wheelchair" v="yes" />
  </node>
  <node id="4417232282" timestamp="2020-05-03T15:03:14Z" uid="1468248" user="PantherStrix" version="2" changeset="84567933" lat="52.3914946" lon="13.1315977" />
  <node id="4417232284" timestamp="2024-07-30T13:40:13Z" uid="564990" user="mavl" version="7" changeset="154607170" lat="52.3915656" lon="13.1316881">
    <tag k="bench" v="yes" />
    <tag k="bin" v="yes" />
    <tag k="highway" v="bus_stop" />
    <tag k="lit" v="yes" />
    <tag k="name" v="Stahnsdorfer Brücke" />
    <tag k="shelter" v="yes" />
    <tag k="tactile_paving" v="no" />
    <tag k="wheelchair" v="yes" />
  </node>
  <node id="1118701106" timestamp="2024-02-02T11:14:48Z" uid="6167506" user="christian_plus1" version="3" changeset="146980642" lat="52.3954892" lon="13.1301055" />
  <node id="13512671818" timestamp="2026-01-30T17:22:48Z" uid="1468248" user="PantherStrix" version="1" changeset="177899319" lat="52.3955421" lon="13.1305574" />
  <node id="4548163592" timestamp="2025-03-16T19:44:24Z" uid="1468248" user="PantherStrix" version="4" changeset="163703942" lat="52.3944225" lon="13.1285015">
    <tag k="level" v="-1" />
  </node>
  <node id="4548163591" timestamp="2025-03-16T19:44:24Z" uid="1468248" user="PantherStrix" version="5" changeset="163703942" lat="52.3944125" lon="13.1283874">
    <tag k="level" v="0" />
  </node>
  <node id="4743489048" timestamp="2025-03-16T19:44:24Z" uid="1468248" user="PantherStrix" version="6" changeset="163703942" lat="52.3944528" lon="13.1284943">
    <tag k="bicycle" v="yes" />
    <tag k="highway" v="elevator" />
    <tag k="level" v="-1;0" />
    <tag k="speech_output" v="yes" />
    <tag k="speech_output:de" v="yes" />
    <tag k="tactile_writing" v="yes" />
    <tag k="tactile_writing:braille:de" v="yes" />
    <tag k="wheelchair" v="yes" />
  </node>
  <node id="4206050067" timestamp="2016-05-24T23:46:04Z" uid="174995" user="invliD" version="1" changeset="39546844" lat="52.3939639" lon="13.1332717" />
  <node id="4868434100" timestamp="2025-02-27T13:02:22Z" uid="1468248" user="PantherStrix" version="5" changeset="163011624" lat="52.3924323" lon="13.1264641">
    <tag k="barrier" v="bollard" />
    <tag k="bicycle" v="yes" />
    <tag k="bollard" v="removable" />
    <tag k="foot" v="yes" />
    <tag k="material" v="metal" />
  </node>
  <node id="4868434099" timestamp="2025-02-27T13:02:22Z" uid="1468248" user="PantherStrix" version="5" changeset="163011624" lat="52.3924302" lon="13.1263775">
    <tag k="barrier" v="bollard" />
    <tag k="bicycle" v="yes" />
    <tag k="bollard" v="removable" />
    <tag k="foot" v="yes" />
    <tag k="material" v="metal" />
  </node>
  <node id="4868434098" timestamp="2025-02-27T13:02:22Z" uid="1468248" user="PantherStrix" version="7" changeset="163011624" lat="52.3924263" lon="13.1262168">
    <tag k="barrier" v="bollard" />
    <tag k="bicycle" v="yes" />
    <tag k="bollard" v="removable" />
    <tag k="foot" v="yes" />
    <tag k="material" v="metal" />
  </node>
  <node id="4866140061" timestamp="2023-06-30T16:14:48Z" uid="4387962" user="armin_fx" version="2" changeset="137965322" lat="52.3917338" lon="13.127133" />
  <node id="4866140051" timestamp="2025-03-16T19:44:24Z" uid="1468248" user="PantherStrix" version="4" changeset="163703942" lat="52.3916805" lon="13.1270968">
    <tag k="maxspeed" v="30" />
    <tag k="traffic_sign" v="maxspeed" />
  </node>
  <node id="4866140058" timestamp="2017-05-20T12:45:53Z" uid="1468248" user="PantherStrix" version="1" changeset="48842198" lat="52.3917537" lon="13.1267792" />
  <node id="4866140050" timestamp="2025-03-16T19:44:24Z" uid="1468248" user="PantherStrix" version="3" changeset="163703942" lat="52.3916751" lon="13.1267926" />
  <node id="4866140053" timestamp="2017-05-20T12:45:53Z" uid="1468248" user="PantherStrix" version="1" changeset="48842198" lat="52.3918977" lon="13.1275155" />
  <node id="6846246757" timestamp="2019-10-03T05:52:26Z" uid="1468248" user="PantherStrix" version="1" changeset="75211105" lat="52.3919419" lon="13.1274632" />
  <node id="6846246755" timestamp="2019-10-03T05:52:26Z" uid="1468248" user="PantherStrix" version="1" changeset="75211105" lat="52.3919476" lon="13.1274082" />
  <node id="6846246758" timestamp="2019-10-03T05:52:26Z" uid="1468248" user="PantherStrix" version="1" changeset="75211105" lat="52.3919656" lon="13.1273492" />
  <node id="6846246756" timestamp="2019-10-03T05:52:26Z" uid="1468248" user="PantherStrix" version="1" changeset="75211105" lat="52.3919976" lon="13.1273076" />
  <node id="6846246759" timestamp="2019-10-03T05:52:26Z" uid="1468248" user="PantherStrix" version="1" changeset="75211105" lat="52.3921269" lon="13.1272687" />
  <node id="10264921783" timestamp="2022-12-15T12:57:19Z" uid="1468248" user="PantherStrix" version="1" changeset="130114280" lat="52.3936766" lon="13.1270632" />
  <node id="10264921787" timestamp="2022-12-15T12:57:19Z" uid="1468248" user="PantherStrix" version="1" changeset="130114280" lat="52.3936914" lon="13.1270886" />
  <node id="10264921729" timestamp="2022-12-15T12:57:19Z" uid="1468248" user="PantherStrix" version="1" changeset="130114280" lat="52.3936943" lon="13.1270952" />
  <node id="10264921784" timestamp="2022-12-15T12:57:19Z" uid="1468248" user="PantherStrix" version="1" changeset="130114280" lat="52.3937046" lon="13.127118" />
  <node id="10264921788" timestamp="2023-10-03T13:27:42Z" uid="3020814" user="BER319" version="2" changeset="142101415" lat="52.3937191" lon="13.1271638" />
  <node id="4866140101" timestamp="2022-08-28T12:15:03Z" uid="1468248" user="PantherStrix" version="3" changeset="125475048" lat="52.3947667" lon="13.1269469" />
  <node id="4866140091" timestamp="2023-04-17T17:10:03Z" uid="6167506" user="christian_plus1" version="3" changeset="135024578" lat="52.3947366" lon="13.1269752" />
  <node id="10820010504" timestamp="2023-04-17T17:10:03Z" uid="6167506" user="christian_plus1" version="1" changeset="135024578" lat="52.3947148" lon="13.1270188" />
  <node id="4866140092" timestamp="2023-04-17T17:10:03Z" uid="6167506" user="christian_plus1" version="3" changeset="135024578" lat="52.3947036" lon="13.1270756" />
  <node id="4866140093" timestamp="2023-04-17T17:10:03Z" uid="6167506" user="christian_plus1" version="3" changeset="135024578" lat="52.3947038" lon="13.1271383" />
  <node id="10820048605" timestamp="2023-04-17T17:10:03Z" uid="6167506" user="christian_plus1" version="1" changeset="135024578" lat="52.394714" lon="13.1271952" />
  <node id="4866140094" timestamp="2023-04-17T17:10:03Z" uid="6167506" user="christian_plus1" version="3" changeset="135024578" lat="52.3947304" lon="13.1272408" />
  <node id="10820048606" timestamp="2023-04-17T17:10:03Z" uid="6167506" user="christian_plus1" version="1" changeset="135024578" lat="52.3947627" lon="13.127279" />
  <node id="4866140095" timestamp="2023-04-17T17:10:03Z" uid="6167506" user="christian_plus1" version="3" changeset="135024578" lat="52.394809" lon="13.1273044" />
  <node id="4866140100" timestamp="2023-04-17T17:10:03Z" uid="6167506" user="christian_plus1" version="4" changeset="135024578" lat="52.3948671" lon="13.1273125" />
  <node id="11324279861" timestamp="2023-11-05T12:13:32Z" uid="6167506" user="christian_plus1" version="1" changeset="143647074" lat="52.3951766" lon="13.1278939" />
  <node id="11578672401" timestamp="2024-02-02T11:14:48Z" uid="6167506" user="christian_plus1" version="1" changeset="146980642" lat="52.3951429" lon="13.1278794">
    <tag k="access" v="private" />
    <tag k="barrier" v="gate" />
    <tag k="emergency" v="designated" />
  </node>
  <node id="4866140098" timestamp="2022-08-28T12:15:03Z" uid="1468248" user="PantherStrix" version="3" changeset="125475048" lat="52.3950236" lon="13.1278108" />
  <node id="9983287388" timestamp="2022-08-28T12:15:03Z" uid="1468248" user="PantherStrix" version="1" changeset="125475048" lat="52.3949879" lon="13.1277729" />
  <node id="9983287389" timestamp="2022-08-28T12:15:03Z" uid="1468248" user="PantherStrix" version="1" changeset="125475048" lat="52.3949659" lon="13.1277018" />
  <node id="4866140099" timestamp="2017-05-20T12:45:55Z" uid="1468248" user="PantherStrix" version="1" changeset="48842198" lat="52.39492" lon="13.1275222" />
  <node id="9983287392" timestamp="2022-08-28T12:15:03Z" uid="1468248" user="PantherStrix" version="1" changeset="125475048" lat="52.394813" lon="13.1270883" />
  <node id="4866140103" timestamp="2022-08-28T12:15:03Z" uid="1468248" user="PantherStrix" version="2" changeset="125475048" lat="52.3946197" lon="13.1265188" />
  <node id="10820048607" timestamp="2023-04-17T17:10:03Z" uid="6167506" user="christian_plus1" version="1" changeset="135024578" lat="52.3946216" lon="13.1263746" />
  <node id="10820048608" timestamp="2023-04-17T17:10:03Z" uid="6167506" user="christian_plus1" version="1" changeset="135024578" lat="52.3946186" lon="13.12629" />
  <node id="4866140104" timestamp="2022-08-28T12:15:03Z" uid="1468248" user="PantherStrix" version="3" changeset="125475048" lat="52.3946054" lon="13.126211" />
  <node id="9983287390" timestamp="2022-08-28T12:15:03Z" uid="1468248" user="PantherStrix" version="1" changeset="125475048" lat="52.3945914" lon="13.1261822" />
  <node id="4866140090" timestamp="2023-04-17T17:10:03Z" uid="6167506" user="christian_plus1" version="4" changeset="135024578" lat="52.3945669" lon="13.1261658" />
  <node id="7057689090" timestamp="2023-04-17T17:10:03Z" uid="6167506" user="christian_plus1" version="3" changeset="135024578" lat="52.3945234" lon="13.1261845" />
  <node id="4866140087" timestamp="2023-04-17T17:10:03Z" uid="6167506" user="christian_plus1" version="3" changeset="135024578" lat="52.3945407" lon="13.1263442" />
  <node id="937675581" timestamp="2025-02-27T13:02:22Z" uid="1468248" user="PantherStrix" version="9" changeset="163011624" lat="52.3925182" lon="13.1266869">
    <tag k="bicycle" v="yes" />
    <tag k="bollard" v="removable" />
    <tag k="disused:barrier" v="bollard" />
    <tag k="foot" v="yes" />
    <tag k="material" v="metal" />
  </node>
  <node id="5198309044" timestamp="2019-05-15T14:58:06Z" uid="1468248" user="PantherStrix" version="2" changeset="70280057" lat="52.3927878" lon="13.1231304" />
  <node id="5198309045" timestamp="2019-05-15T14:58:06Z" uid="1468248" user="PantherStrix" version="2" changeset="70280057" lat="52.3928441" lon="13.1260524" />
  <node id="5198309046" timestamp="2017-10-29T14:33:17Z" uid="1468248" user="PantherStrix" version="1" changeset="53343510" lat="52.3928643" lon="13.1260818" />
  <node id="4880488460" timestamp="2025-03-16T19:44:24Z" uid="1468248" user="PantherStrix" version="3" changeset="163703942" lat="52.3916743" lon="13.1267465" />
  <node id="4874646825" timestamp="2022-02-05T18:27:37Z" uid="1468248" user="PantherStrix" version="5" changeset="117056303" lat="52.3921107" lon="13.1231886">
    <tag k="access" v="private" />
    <tag k="barrier" v="gate" />
    <tag k="motorcar" v="yes" />
    <tag k="motorcycle" v="yes" />
  </node>
  <node id="4874646824" timestamp="2022-02-05T18:27:37Z" uid="1468248" user="PantherStrix" version="5" changeset="117056303" lat="52.3921132" lon="13.1232251" />
  <node id="4874646419" timestamp="2022-02-05T18:27:37Z" uid="1468248" user="PantherStrix" version="4" changeset="117056303" lat="52.3921377" lon="13.1235711" />
  <node id="4874646823" timestamp="2022-02-05T18:27:37Z" uid="1468248" user="PantherStrix" version="4" changeset="117056303" lat="52.3920423" lon="13.1232381" />
  <node id="4874646822" timestamp="2022-02-05T18:27:37Z" uid="1468248" user="PantherStrix" version="4" changeset="117056303" lat="52.3920659" lon="13.1235842" />
  <node id="4874646821" timestamp="2022-02-05T18:27:37Z" uid="1468248" user="PantherStrix" version="4" changeset="117056303" lat="52.3922074" lon="13.1235583" />
  <node id="4874646420" timestamp="2022-02-05T18:27:37Z" uid="1468248" user="PantherStrix" version="4" changeset="117056303" lat="52.3921838" lon="13.1232122" />
  <node id="4874646834" timestamp="2022-02-05T18:27:37Z" uid="1468248" user="PantherStrix" version="3" changeset="117056303" lat="52.392618" lon="13.1232847">
    <tag k="barrier" v="lift_gate" />
  </node>
  <node id="4874646835" timestamp="2022-02-05T18:27:37Z" uid="1468248" user="PantherStrix" version="3" changeset="117056303" lat="52.3923974" lon="13.123332">
    <tag k="access" v="private" />
    <tag k="amenity" v="parking_entrance" />
    <tag k="maxheight" v="2" />
    <tag k="parking" v="underground" />
  </node>
  <node id="4880488466" timestamp="2017-05-27T18:03:15Z" uid="1468248" user="PantherStrix" version="1" changeset="49030315" lat="52.3915963" lon="13.1267483">
    <tag k="access" v="private" />
    <tag k="barrier" v="gate" />
    <tag k="bicycle" v="yes" />
    <tag k="foot" v="yes" />
  </node>
  <node id="4880488465" timestamp="2025-03-16T19:44:24Z" uid="1468248" user="PantherStrix" version="2" changeset="163703942" lat="52.3914676" lon="13.1267484">
    <tag k="entrance" v="yes" />
  </node>
  <node id="2122566979" timestamp="2022-02-27T10:10:15Z" uid="1468248" user="PantherStrix" version="5" changeset="117902296" lat="52.3929963" lon="13.1293856">
    <tag k="access" v="permissive" />
    <tag k="entrance" v="service" />
  </node>
  <node id="9540378004" timestamp="2022-02-27T10:10:15Z" uid="1468248" user="PantherStrix" version="1" changeset="117902296" lat="52.3929934" lon="13.1293697" />
  <node id="9540378007" timestamp="2022-02-27T10:10:15Z" uid="1468248" user="PantherStrix" version="1" changeset="117902296" lat="52.3929893" lon="13.1293562" />
  <node id="9540378003" timestamp="2022-02-27T10:10:15Z" uid="1468248" user="PantherStrix" version="1" changeset="117902296" lat="52.3929846" lon="13.1293447" />
  <node id="9540378008" timestamp="2022-02-27T10:10:15Z" uid="1468248" user="PantherStrix" version="1" changeset="117902296" lat="52.392979" lon="13.1293343" />
  <node id="9540378002" timestamp="2022-02-27T10:10:15Z" uid="1468248" user="PantherStrix" version="1" changeset="117902296" lat="52.3929724" lon="13.129325" />
  <node id="9540378006" timestamp="2022-02-27T10:10:15Z" uid="1468248" user="PantherStrix" version="1" changeset="117902296" lat="52.3929654" lon="13.1293175" />
  <node id="9540378001" timestamp="2022-02-27T10:10:15Z" uid="1468248" user="PantherStrix" version="1" changeset="117902296" lat="52.3929587" lon="13.1293121" />
  <node id="4999325940" timestamp="2022-02-27T10:10:15Z" uid="1468248" user="PantherStrix" version="2" changeset="117902296" lat="52.392951" lon="13.1293077" />
  <node id="9540378005" timestamp="2022-02-27T10:10:15Z" uid="1468248" user="PantherStrix" version="1" changeset="117902296" lat="52.3929275" lon="13.1293127" />
  <node id="5761724404" timestamp="2018-07-15T13:28:59Z" uid="1468248" user="PantherStrix" version="1" changeset="60732091" lat="52.3929027" lon="13.1293246" />
  <node id="9540377998" timestamp="2022-02-27T10:10:15Z" uid="1468248" user="PantherStrix" version="1" changeset="117902296" lat="52.3929416" lon="13.1292517" />
  <node id="9540377999" timestamp="2022-02-27T10:10:15Z" uid="1468248" user="PantherStrix" version="1" changeset="117902296" lat="52.3929362" lon="13.1291904" />
  <node id="931639287" timestamp="2018-07-15T13:37:15Z" uid="1468248" user="PantherStrix" version="6" changeset="60732278" lat="52.393442" lon="13.1293888" />
  <node id="5761733038" timestamp="2018-07-15T13:37:15Z" uid="1468248" user="PantherStrix" version="1" changeset="60732278" lat="52.3934641" lon="13.1292455" />
  <node id="4999333027" timestamp="2020-05-03T15:49:41Z" uid="1468248" user="PantherStrix" version="2" changeset="84569892" lat="52.3946761" lon="13.1345871" />
  <node id="8676077358" timestamp="2021-04-28T11:29:38Z" uid="13196718" user="kapybara" version="1" changeset="103772096" lat="52.3947198" lon="13.1350032" />
  <node id="7476350882" timestamp="2020-05-03T15:49:41Z" uid="1468248" user="PantherStrix" version="1" changeset="84569892" lat="52.394739" lon="13.1351781" />
  <node id="7476350880" timestamp="2020-05-03T15:49:41Z" uid="1468248" user="PantherStrix" version="1" changeset="84569892" lat="52.3948791" lon="13.1354657" />
  <node id="7476350881" timestamp="2020-05-03T15:49:41Z" uid="1468248" user="PantherStrix" version="1" changeset="84569892" lat="52.3949467" lon="13.1355114" />
  <node id="7476350883" timestamp="2020-05-03T15:49:41Z" uid="1468248" user="PantherStrix" version="1" changeset="84569892" lat="52.3951405" lon="13.1360699" />
  <node id="2158816106" timestamp="2020-05-03T15:49:41Z" uid="1468248" user="PantherStrix" version="2" changeset="84569892" lat="52.3954577" lon="13.1368647" />
  <node id="3249122762" timestamp="2020-05-03T16:42:19Z" uid="1468248" user="PantherStrix" version="3" changeset="84572274" lat="52.3930684" lon="13.1295658">
    <tag k="access" v="permissive" />
    <tag k="entrance" v="service" />
  </node>
  <node id="7476477586" timestamp="2020-05-03T16:42:19Z" uid="1468248" user="PantherStrix" version="1" changeset="84572274" lat="52.3930773" lon="13.1296458" />
  <node id="5198309034" timestamp="2022-02-27T10:10:15Z" uid="1468248" user="PantherStrix" version="4" changeset="117902296" lat="52.3930822" lon="13.129752" />
  <node id="9215892569" timestamp="2021-11-01T09:49:50Z" uid="881429" user="atpl_pilot" version="1" changeset="113226698" lat="52.3936935" lon="13.1241592" />
  <node id="1737829962" timestamp="2021-11-01T09:49:50Z" uid="881429" user="atpl_pilot" version="2" changeset="113226698" lat="52.3937226" lon="13.1247963" />
  <node id="928107755" timestamp="2018-05-13T07:31:59Z" uid="1468248" user="PantherStrix" version="8" changeset="58917495" lat="52.3938212" lon="13.1270762" />
  <node id="9540377995" timestamp="2022-02-27T10:10:15Z" uid="1468248" user="PantherStrix" version="1" changeset="117902296" lat="52.3933624" lon="13.1292783" />
  <node id="5761733036" timestamp="2020-05-03T16:42:19Z" uid="1468248" user="PantherStrix" version="2" changeset="84572274" lat="52.3933251" lon="13.129335" />
  <node id="7476477607" timestamp="2020-05-03T16:42:19Z" uid="1468248" user="PantherStrix" version="1" changeset="84572274" lat="52.3937252" lon="13.129469">
    <tag k="barrier" v="gate" />
  </node>
  <node id="7476477585" timestamp="2020-05-03T16:42:19Z" uid="1468248" user="PantherStrix" version="1" changeset="84572274" lat="52.3932309" lon="13.1293116" />
  <node id="7476477584" timestamp="2020-05-03T16:42:19Z" uid="1468248" user="PantherStrix" version="1" changeset="84572274" lat="52.3931938" lon="13.1291682" />
  <node id="7476477579" timestamp="2020-05-03T16:42:19Z" uid="1468248" user="PantherStrix" version="1" changeset="84572274" lat="52.3932029" lon="13.1291392" />
  <node id="7476477583" timestamp="2020-05-03T16:42:19Z" uid="1468248" user="PantherStrix" version="1" changeset="84572274" lat="52.3932174" lon="13.1291163" />
  <node id="7476477580" timestamp="2020-05-03T16:42:19Z" uid="1468248" user="PantherStrix" version="1" changeset="84572274" lat="52.3932351" lon="13.1291075" />
  <node id="7476477582" timestamp="2020-05-03T16:42:19Z" uid="1468248" user="PantherStrix" version="1" changeset="84572274" lat="52.3932588" lon="13.1291146" />
  <node id="7476477581" timestamp="2020-05-03T16:42:19Z" uid="1468248" user="PantherStrix" version="1" changeset="84572274" lat="52.3932743" lon="13.1291568" />
  <node id="5793712873" timestamp="2024-02-27T17:35:51Z" uid="1468248" user="PantherStrix" version="3" changeset="147983389" lat="52.393718" lon="13.1282635" />
  <node id="4866140056" timestamp="2019-10-03T05:52:26Z" uid="1468248" user="PantherStrix" version="2" changeset="75211105" lat="52.3918526" lon="13.1265264" />
  <node id="4874646417" timestamp="2019-10-03T05:52:26Z" uid="1468248" user="PantherStrix" version="2" changeset="75211105" lat="52.392774" lon="13.1265083">
    <tag k="access" v="private" />
    <tag k="barrier" v="lift_gate" />
    <tag k="emergency" v="yes" />
  </node>
  <node id="6899918784" timestamp="2019-12-15T09:34:13Z" uid="1468248" user="PantherStrix" version="2" changeset="78425111" lat="52.3954316" lon="13.1278878" />
  <node id="7057686567" timestamp="2022-08-28T12:15:03Z" uid="1468248" user="PantherStrix" version="3" changeset="125475048" lat="52.3954319" lon="13.127866" />
  <node id="9983270489" timestamp="2022-08-28T12:15:03Z" uid="1468248" user="PantherStrix" version="1" changeset="125475048" lat="52.3954896" lon="13.1278029" />
  <node id="7388139915" timestamp="2022-08-28T12:15:03Z" uid="1468248" user="PantherStrix" version="2" changeset="125475048" lat="52.3955577" lon="13.1278202" />
  <node id="7057686568" timestamp="2019-12-15T09:34:13Z" uid="1468248" user="PantherStrix" version="1" changeset="78425111" lat="52.3953037" lon="13.1279089" />
  <node id="7057689123" timestamp="2024-02-27T17:35:51Z" uid="1468248" user="PantherStrix" version="4" changeset="147983389" lat="52.3950701" lon="13.1288368" />
  <node id="11669607519" timestamp="2024-02-27T17:35:51Z" uid="1468248" user="PantherStrix" version="1" changeset="147983389" lat="52.3950322" lon="13.1288487" />
  <node id="7057689133" timestamp="2024-02-27T17:35:51Z" uid="1468248" user="PantherStrix" version="3" changeset="147983389" lat="52.3950097" lon="13.1288559">
    <tag k="access" v="private" />
    <tag k="barrier" v="gate" />
    <tag k="material" v="metal" />
  </node>
  <node id="7057689124" timestamp="2024-02-27T17:35:51Z" uid="1468248" user="PantherStrix" version="2" changeset="147983389" lat="52.3949808" lon="13.1288749" />
  <node id="7057689125" timestamp="2024-02-27T17:35:51Z" uid="1468248" user="PantherStrix" version="2" changeset="147983389" lat="52.3949545" lon="13.1289028" />
  <node id="11669622056" timestamp="2024-02-27T17:35:51Z" uid="1468248" user="PantherStrix" version="1" changeset="147983389" lat="52.3949331" lon="13.1289366" />
  <node id="7057689126" timestamp="2024-02-27T17:35:51Z" uid="1468248" user="PantherStrix" version="2" changeset="147983389" lat="52.394916" lon="13.1289761" />
  <node id="11669622055" timestamp="2024-02-27T17:35:51Z" uid="1468248" user="PantherStrix" version="1" changeset="147983389" lat="52.3949036" lon="13.12902" />
  <node id="7057689127" timestamp="2024-02-27T17:35:51Z" uid="1468248" user="PantherStrix" version="2" changeset="147983389" lat="52.3948906" lon="13.1291019" />
  <node id="7057689128" timestamp="2024-02-27T17:35:51Z" uid="1468248" user="PantherStrix" version="2" changeset="147983389" lat="52.3949172" lon="13.1293353" />
  <node id="13154953171" timestamp="2025-09-19T09:26:49Z" uid="22897978" user="fmc_Mlvln" version="1" changeset="172151236" lat="52.3916764" lon="13.1317734" />
  <node id="1748997367" timestamp="2020-05-03T15:03:14Z" uid="1468248" user="PantherStrix" version="6" changeset="84567933" lat="52.3915795" lon="13.1316396">
    <tag k="bus" v="yes" />
    <tag k="name" v="Stahnsdorfer Brücke" />
    <tag k="public_transport" v="stop_position" />
    <tag k="ref:BVG" v="104290" />
    <tag k="website" v="https://qr.bvg.de/h104290" />
  </node>
  <node id="296939563" timestamp="2020-05-03T15:03:14Z" uid="1468248" user="PantherStrix" version="8" changeset="84567933" lat="52.3914694" lon="13.1314912">
    <tag k="bus" v="yes" />
    <tag k="name" v="Stahnsdorfer Brücke" />
    <tag k="public_transport" v="stop_position" />
    <tag k="ref:BVG" v="104287" />
    <tag k="website" v="https://qr.bvg.de/h104287" />
  </node>
  <node id="13154953172" timestamp="2025-09-19T09:26:49Z" uid="22897978" user="fmc_Mlvln" version="1" changeset="172151236" lat="52.3912779" lon="13.1312496" />
  <node id="7476350763" timestamp="2020-05-03T15:49:41Z" uid="1468248" user="PantherStrix" version="1" changeset="84569892" lat="52.3933961" lon="13.1320488" />
  <node id="7476350764" timestamp="2020-05-03T15:49:41Z" uid="1468248" user="PantherStrix" version="1" changeset="84569892" lat="52.3933853" lon="13.1318016" />
  <node id="7476350768" timestamp="2020-05-03T15:49:41Z" uid="1468248" user="PantherStrix" version="1" changeset="84569892" lat="52.3933872" lon="13.1318463" />
  <node id="7476350766" timestamp="2020-05-03T15:49:41Z" uid="1468248" user="PantherStrix" version="1" changeset="84569892" lat="52.3933335" lon="13.1318526" />
  <node id="7476350765" timestamp="2020-05-03T15:49:41Z" uid="1468248" user="PantherStrix" version="1" changeset="84569892" lat="52.3932797" lon="13.1318589" />
  <node id="7476350767" timestamp="2020-05-03T15:49:41Z" uid="1468248" user="PantherStrix" version="1" changeset="84569892" lat="52.3932215" lon="13.1318658" />
  <node id="7476350772" timestamp="2020-05-03T15:49:41Z" uid="1468248" user="PantherStrix" version="1" changeset="84569892" lat="52.3933911" lon="13.1319344" />
  <node id="7476350770" timestamp="2020-05-03T15:49:41Z" uid="1468248" user="PantherStrix" version="1" changeset="84569892" lat="52.3933373" lon="13.1319407" />
  <node id="7476350769" timestamp="2020-05-03T15:49:41Z" uid="1468248" user="PantherStrix" version="1" changeset="84569892" lat="52.3932836" lon="13.131947" />
  <node id="7476350771" timestamp="2020-05-03T15:49:41Z" uid="1468248" user="PantherStrix" version="1" changeset="84569892" lat="52.3932253" lon="13.1319539" />
  <node id="7476350776" timestamp="2020-05-03T15:49:41Z" uid="1468248" user="PantherStrix" version="1" changeset="84569892" lat="52.3933949" lon="13.1320212" />
  <node id="7476350774" timestamp="2020-05-03T15:49:41Z" uid="1468248" user="PantherStrix" version="1" changeset="84569892" lat="52.3933411" lon="13.1320275" />
  <node id="7476350773" timestamp="2020-05-03T15:49:41Z" uid="1468248" user="PantherStrix" version="1" changeset="84569892" lat="52.3932874" lon="13.1320338" />
  <node id="7476350775" timestamp="2020-05-03T15:49:41Z" uid="1468248" user="PantherStrix" version="1" changeset="84569892" lat="52.3932291" lon="13.1320407" />
  <node id="7476350778" timestamp="2020-05-03T15:49:41Z" uid="1468248" user="PantherStrix" version="1" changeset="84569892" lat="52.3932174" lon="13.1317736" />
  <node id="7476350784" timestamp="2020-05-03T15:49:41Z" uid="1468248" user="PantherStrix" version="1" changeset="84569892" lat="52.3932757" lon="13.1317668" />
  <node id="7476350782" timestamp="2020-05-03T15:49:41Z" uid="1468248" user="PantherStrix" version="1" changeset="84569892" lat="52.3933294" lon="13.1317605" />
  <node id="7476350780" timestamp="2020-05-03T15:49:41Z" uid="1468248" user="PantherStrix" version="1" changeset="84569892" lat="52.3933832" lon="13.1317542" />
  <node id="7476350779" timestamp="2020-05-03T15:49:41Z" uid="1468248" user="PantherStrix" version="1" changeset="84569892" lat="52.393399" lon="13.1321161" />
  <node id="7476350781" timestamp="2020-05-03T15:49:41Z" uid="1468248" user="PantherStrix" version="1" changeset="84569892" lat="52.3933453" lon="13.1321224" />
  <node id="7476350783" timestamp="2020-05-03T15:49:41Z" uid="1468248" user="PantherStrix" version="1" changeset="84569892" lat="52.3932915" lon="13.1321287" />
  <node id="7476350777" timestamp="2020-05-03T15:49:41Z" uid="1468248" user="PantherStrix" version="1" changeset="84569892" lat="52.3932333" lon="13.1321356" />
  <node id="7476393204" timestamp="2020-05-03T16:24:14Z" uid="571421" user="FCBDCrash" version="1" changeset="84571394" lat="52.3905311" lon="13.1357757" />
  <node id="7476393243" timestamp="2020-05-03T16:24:14Z" uid="571421" user="FCBDCrash" version="1" changeset="84571394" lat="52.39297" lon="13.1370794" />
  <node id="7476393242" timestamp="2020-05-03T16:24:14Z" uid="571421" user="FCBDCrash" version="1" changeset="84571394" lat="52.3930491" lon="13.1373465" />
  <node id="7476393241" timestamp="2020-05-03T16:24:14Z" uid="571421" user="FCBDCrash" version="1" changeset="84571394" lat="52.3930677" lon="13.1376021" />
  <node id="7476393240" timestamp="2020-05-03T16:24:14Z" uid="571421" user="FCBDCrash" version="1" changeset="84571394" lat="52.3930258" lon="13.1379341" />
  <node id="7476393239" timestamp="2020-05-03T16:24:14Z" uid="571421" user="FCBDCrash" version="1" changeset="84571394" lat="52.3930514" lon="13.138308" />
  <node id="7476393238" timestamp="2020-05-03T16:24:14Z" uid="571421" user="FCBDCrash" version="1" changeset="84571394" lat="52.3930771" lon="13.1385941" />
  <node id="7476393237" timestamp="2020-05-03T16:24:14Z" uid="571421" user="FCBDCrash" version="1" changeset="84571394" lat="52.3931376" lon="13.1387086" />
  <node id="7476393236" timestamp="2020-05-03T16:24:14Z" uid="571421" user="FCBDCrash" version="1" changeset="84571394" lat="52.3932307" lon="13.1388078" />
  <node id="7476393235" timestamp="2020-05-03T16:24:14Z" uid="571421" user="FCBDCrash" version="1" changeset="84571394" lat="52.3933262" lon="13.1390787" />
  <node id="7476393234" timestamp="2020-05-03T16:24:14Z" uid="571421" user="FCBDCrash" version="1" changeset="84571394" lat="52.3933867" lon="13.1393572" />
  <node id="7476393233" timestamp="2020-05-03T16:24:14Z" uid="571421" user="FCBDCrash" version="1" changeset="84571394" lat="52.3934147" lon="13.1396282" />
  <node id="7476393232" timestamp="2020-05-03T16:24:14Z" uid="571421" user="FCBDCrash" version="1" changeset="84571394" lat="52.3934147" lon="13.1398685" />
  <node id="7476393231" timestamp="2020-05-03T16:24:14Z" uid="571421" user="FCBDCrash" version="1" changeset="84571394" lat="52.3933891" lon="13.1401242" />
  <node id="7476393230" timestamp="2020-05-03T16:24:14Z" uid="571421" user="FCBDCrash" version="1" changeset="84571394" lat="52.3933309" lon="13.1405859" />
  <node id="7476393229" timestamp="2020-05-03T16:24:14Z" uid="571421" user="FCBDCrash" version="1" changeset="84571394" lat="52.393297" lon="13.1410405" />
  <node id="7476393228" timestamp="2020-05-03T16:24:14Z" uid="571421" user="FCBDCrash" version="1" changeset="84571394" lat="52.3932959" lon="13.1412724" />
  <node id="6275223529" timestamp="2020-05-03T15:03:14Z" uid="1468248" user="PantherStrix" version="2" changeset="84567933" lat="52.3902588" lon="13.1332094" />
  <node id="13283561967" timestamp="2025-11-05T18:01:39Z" uid="655630" user="cront" version="1" changeset="174252904" lat="52.3903271" lon="13.1331575" />
  <node id="13283561968" timestamp="2025-11-05T18:01:39Z" uid="655630" user="cront" version="1" changeset="174252904" lat="52.3905837" lon="13.1329474" />
  <node id="13283561969" timestamp="2025-11-05T18:01:39Z" uid="655630" user="cront" version="1" changeset="174252904" lat="52.3909295" lon="13.1327176" />
  <node id="13283561970" timestamp="2025-11-05T18:01:39Z" uid="655630" user="cront" version="1" changeset="174252904" lat="52.3911448" lon="13.1327555" />
  <node id="13283561971" timestamp="2025-11-05T18:01:39Z" uid="655630" user="cront" version="1" changeset="174252904" lat="52.3914075" lon="13.1330448" />
  <node id="7476393256" timestamp="2020-05-03T16:24:14Z" uid="571421" user="FCBDCrash" version="1" changeset="84571394" lat="52.3920875" lon="13.134149" />
  <node id="7476393255" timestamp="2020-05-03T16:24:14Z" uid="571421" user="FCBDCrash" version="1" changeset="84571394" lat="52.3922877" lon="13.1343207" />
  <node id="7476393254" timestamp="2020-05-03T16:24:14Z" uid="571421" user="FCBDCrash" version="1" changeset="84571394" lat="52.3924111" lon="13.134481" />
  <node id="7476393253" timestamp="2020-05-03T16:24:14Z" uid="571421" user="FCBDCrash" version="1" changeset="84571394" lat="52.3925229" lon="13.1347748" />
  <node id="7476393252" timestamp="2020-05-03T16:24:14Z" uid="571421" user="FCBDCrash" version="1" changeset="84571394" lat="52.3927092" lon="13.1349846" />
  <node id="7476393251" timestamp="2020-05-03T16:24:14Z" uid="571421" user="FCBDCrash" version="1" changeset="84571394" lat="52.3927651" lon="13.1351983" />
  <node id="7476393250" timestamp="2020-05-03T16:24:14Z" uid="571421" user="FCBDCrash" version="1" changeset="84571394" lat="52.3928722" lon="13.1357668" />
  <node id="7476393248" timestamp="2020-05-03T16:24:14Z" uid="571421" user="FCBDCrash" version="1" changeset="84571394" lat="52.3930421" lon="13.1370336" />
  <node id="7476393247" timestamp="2020-05-03T16:24:14Z" uid="571421" user="FCBDCrash" version="1" changeset="84571394" lat="52.3932051" lon="13.1375067" />
  <node id="7476393246" timestamp="2020-05-03T16:24:14Z" uid="571421" user="FCBDCrash" version="1" changeset="84571394" lat="52.3933798" lon="13.1379913" />
  <node id="7476393245" timestamp="2020-05-03T16:24:14Z" uid="571421" user="FCBDCrash" version="1" changeset="84571394" lat="52.3936103" lon="13.1386132" />
  <node id="7476393244" timestamp="2020-05-03T16:24:14Z" uid="571421" user="FCBDCrash" version="1" changeset="84571394" lat="52.3937802" lon="13.1388841" />
  <node id="7942873393" timestamp="2020-09-25T17:17:02Z" uid="1468248" user="PantherStrix" version="1" changeset="91523496" lat="52.3948564" lon="13.1217176" />
  <node id="12471105876" timestamp="2025-01-03T12:03:26Z" uid="20936257" user="Sandplaice" version="1" changeset="160945647" lat="52.3948723" lon="13.1219331" />
  <node id="7942873392" timestamp="2023-11-05T12:13:32Z" uid="6167506" user="christian_plus1" version="2" changeset="143647074" lat="52.3948761" lon="13.1219854" />
  <node id="7942881479" timestamp="2020-09-25T17:35:50Z" uid="1468248" user="PantherStrix" version="1" changeset="91524325" lat="52.3952914" lon="13.1217439" />
  <node id="8247764157" timestamp="2021-09-06T11:07:35Z" uid="10961311" user="StefanHRT" version="2" changeset="110796413" lat="52.3958083" lon="13.1312134">
    <tag k="access" v="private" />
    <tag k="barrier" v="gate" />
  </node>
  <node id="8247764158" timestamp="2020-12-21T12:29:02Z" uid="10455639" user="srderang" version="1" changeset="96195589" lat="52.3958732" lon="13.131147" />
  <node id="8247764159" timestamp="2020-12-21T12:29:02Z" uid="10455639" user="srderang" version="1" changeset="96195589" lat="52.3959016" lon="13.1311286" />
  <node id="8247764160" timestamp="2020-12-21T12:29:02Z" uid="10455639" user="srderang" version="1" changeset="96195589" lat="52.3960246" lon="13.1310393" />
  <node id="8256336449" timestamp="2020-12-24T04:08:58Z" uid="1468248" user="PantherStrix" version="1" changeset="96356160" lat="52.3954296" lon="13.132084" />
  <node id="8256336446" timestamp="2020-12-24T04:08:58Z" uid="1468248" user="PantherStrix" version="1" changeset="96356160" lat="52.3951475" lon="13.1321772" />
  <node id="8256336447" timestamp="2020-12-24T04:08:58Z" uid="1468248" user="PantherStrix" version="1" changeset="96356160" lat="52.3956414" lon="13.1320141">
    <tag k="access" v="private" />
    <tag k="barrier" v="gate" />
    <tag k="bicycle" v="yes" />
    <tag k="foot" v="yes" />
  </node>
  <node id="8256336450" timestamp="2020-12-24T04:08:58Z" uid="1468248" user="PantherStrix" version="1" changeset="96356160" lat="52.3954193" lon="13.1320006">
    <tag k="access" v="private" />
    <tag k="entrance" v="main" />
  </node>
  <node id="8256336455" timestamp="2020-12-24T04:08:58Z" uid="1468248" user="PantherStrix" version="1" changeset="96356160" lat="52.3955666" lon="13.1313685">
    <tag k="access" v="private" />
    <tag k="barrier" v="gate" />
    <tag k="bicycle" v="yes" />
    <tag k="foot" v="yes" />
  </node>
  <node id="8256336433" timestamp="2020-12-24T04:08:58Z" uid="1468248" user="PantherStrix" version="1" changeset="96356160" lat="52.3953435" lon="13.1314381" />
  <node id="8256336456" timestamp="2020-12-24T04:08:58Z" uid="1468248" user="PantherStrix" version="1" changeset="96356160" lat="52.3953458" lon="13.1314574">
    <tag k="access" v="private" />
    <tag k="entrance" v="main" />
  </node>
  <node id="8256336485" timestamp="2020-12-24T04:08:58Z" uid="1468248" user="PantherStrix" version="1" changeset="96356160" lat="52.3955986" lon="13.1316444">
    <tag k="access" v="private" />
    <tag k="barrier" v="gate" />
    <tag k="motor_vehicle" v="private" />
  </node>
  <node id="8256336488" timestamp="2020-12-24T04:08:58Z" uid="1468248" user="PantherStrix" version="1" changeset="96356160" lat="52.3951021" lon="13.1318082" />
  <node id="8256336486" timestamp="2020-12-24T04:08:58Z" uid="1468248" user="PantherStrix" version="1" changeset="96356160" lat="52.3950769" lon="13.1316043" />
  <node id="11324279800" timestamp="2023-11-05T12:13:32Z" uid="6167506" user="christian_plus1" version="1" changeset="143647074" lat="52.3953717" lon="13.1229991" />
  <node id="11324279818" timestamp="2026-01-30T17:22:48Z" uid="1468248" user="PantherStrix" version="2" changeset="177899319" lat="52.3951328" lon="13.1230191" />
  <node id="4999333028" timestamp="2020-05-03T15:49:41Z" uid="1468248" user="PantherStrix" version="2" changeset="84569892" lat="52.3947152" lon="13.1349609" />
  <node id="8676246116" timestamp="2021-04-28T12:22:38Z" uid="13196718" user="kapybara" version="1" changeset="103776374" lat="52.3924765" lon="13.1247265" />
  <node id="8676268317" timestamp="2021-04-28T12:22:38Z" uid="13196718" user="kapybara" version="1" changeset="103776374" lat="52.3925194" lon="13.1247499" />
  <node id="8676268318" timestamp="2021-04-28T12:22:38Z" uid="13196718" user="kapybara" version="1" changeset="103776374" lat="52.3925675" lon="13.1247798" />
  <node id="9481748339" timestamp="2022-02-05T18:27:37Z" uid="1468248" user="PantherStrix" version="1" changeset="117056303" lat="52.39259" lon="13.1248239" />
  <node id="8676268319" timestamp="2022-02-05T18:27:37Z" uid="1468248" user="PantherStrix" version="2" changeset="117056303" lat="52.3926172" lon="13.1248833" />
  <node id="9481748338" timestamp="2022-02-05T18:27:37Z" uid="1468248" user="PantherStrix" version="1" changeset="117056303" lat="52.3926494" lon="13.1249004" />
  <node id="8676268323" timestamp="2021-04-28T12:22:38Z" uid="13196718" user="kapybara" version="1" changeset="103776374" lat="52.3919314" lon="13.1234049" />
  <node id="10873315173" timestamp="2023-05-06T12:59:31Z" uid="10121078" user="klnkengi" version="1" changeset="135776282" lat="52.3917694" lon="13.1234423" />
  <node id="10873315176" timestamp="2023-05-06T12:59:31Z" uid="10121078" user="klnkengi" version="1" changeset="135776282" lat="52.3917627" lon="13.1234977" />
  <node id="4880499669" timestamp="2023-11-05T12:13:32Z" uid="6167506" user="christian_plus1" version="4" changeset="143647074" lat="52.3960227" lon="13.1221807">
    <tag k="barrier" v="gate" />
  </node>
  <node id="9759177343" timestamp="2022-05-21T10:35:08Z" uid="1468248" user="PantherStrix" version="1" changeset="121276363" lat="52.3960616" lon="13.1222458" />
  <node id="8910129161" timestamp="2022-05-21T10:35:08Z" uid="1468248" user="PantherStrix" version="2" changeset="121276363" lat="52.3960164" lon="13.1223211" />
  <node id="9759170908" timestamp="2022-05-21T10:35:08Z" uid="1468248" user="PantherStrix" version="1" changeset="121276363" lat="52.3961177" lon="13.1224836" />
  <node id="8910129160" timestamp="2022-05-21T10:35:08Z" uid="1468248" user="PantherStrix" version="2" changeset="121276363" lat="52.3961593" lon="13.1225504" />
  <node id="8910129163" timestamp="2021-07-10T17:47:48Z" uid="550560" user="Seandebasti" version="1" changeset="107757270" lat="52.3959369" lon="13.1242536" />
  <node id="8910129164" timestamp="2021-07-10T17:47:48Z" uid="550560" user="Seandebasti" version="1" changeset="107757270" lat="52.3958997" lon="13.1242441" />
  <node id="8910129165" timestamp="2021-07-10T17:47:48Z" uid="550560" user="Seandebasti" version="1" changeset="107757270" lat="52.3958625" lon="13.1242525" />
  <node id="8910129166" timestamp="2021-07-10T17:47:48Z" uid="550560" user="Seandebasti" version="1" changeset="107757270" lat="52.3958239" lon="13.1243104" />
  <node id="8910129167" timestamp="2021-07-10T17:47:48Z" uid="550560" user="Seandebasti" version="1" changeset="107757270" lat="52.3957828" lon="13.1243483" />
  <node id="8910129168" timestamp="2021-07-10T17:47:48Z" uid="550560" user="Seandebasti" version="1" changeset="107757270" lat="52.3957507" lon="13.124363" />
  <node id="8910129169" timestamp="2021-07-10T17:47:48Z" uid="550560" user="Seandebasti" version="1" changeset="107757270" lat="52.3957071" lon="13.1243483" />
  <node id="11324283384" timestamp="2023-11-05T12:13:32Z" uid="6167506" user="christian_plus1" version="1" changeset="143647074" lat="52.395346" lon="13.1283935" />
  <node id="11634139783" timestamp="2024-11-14T16:45:29Z" uid="1468248" user="PantherStrix" version="2" changeset="159138243" lat="52.3925694" lon="13.1253981" />
  <node id="11634139784" timestamp="2024-02-17T11:31:05Z" uid="13975512" user="nebuu" version="1" changeset="147566628" lat="52.3924892" lon="13.1254482" />
  <node id="11634139785" timestamp="2024-02-17T11:31:05Z" uid="13975512" user="nebuu" version="1" changeset="147566628" lat="52.3923505" lon="13.1254211" />
  <node id="11634139787" timestamp="2025-02-27T13:02:22Z" uid="1468248" user="PantherStrix" version="2" changeset="163011624" lat="52.3922675" lon="13.1254299" />
  <node id="12623246409" timestamp="2025-02-27T13:02:22Z" uid="1468248" user="PantherStrix" version="1" changeset="163011624" lat="52.3922501" lon="13.1254041" />
  <node id="11634139788" timestamp="2025-02-27T13:02:22Z" uid="1468248" user="PantherStrix" version="2" changeset="163011624" lat="52.3922247" lon="13.1253857" />
  <node id="12623246410" timestamp="2025-02-27T13:02:22Z" uid="1468248" user="PantherStrix" version="1" changeset="163011624" lat="52.3921865" lon="13.1253745" />
  <node id="11634139789" timestamp="2025-02-27T13:02:22Z" uid="1468248" user="PantherStrix" version="2" changeset="163011624" lat="52.3921422" lon="13.1253906" />
  <node id="11634139790" timestamp="2025-02-27T13:02:22Z" uid="1468248" user="PantherStrix" version="2" changeset="163011624" lat="52.3921059" lon="13.1254404" />
  <node id="12623246407" timestamp="2025-02-27T13:02:22Z" uid="1468248" user="PantherStrix" version="1" changeset="163011624" lat="52.3919899" lon="13.1254483" />
  <node id="9773470155" timestamp="2025-02-27T13:02:22Z" uid="1468248" user="PantherStrix" version="5" changeset="163011624" lat="52.3919021" lon="13.1254543">
    <tag k="barrier" v="bollard" />
    <tag k="bollard" v="rising" />
  </node>
  <node id="9759170897" timestamp="2022-05-21T10:35:08Z" uid="1468248" user="PantherStrix" version="1" changeset="121276363" lat="52.3961296" lon="13.1221326" />
  <node id="9759177342" timestamp="2023-11-05T12:13:32Z" uid="6167506" user="christian_plus1" version="3" changeset="143647074" lat="52.396013" lon="13.1221646" />
  <node id="11324283393" timestamp="2023-11-05T12:13:32Z" uid="6167506" user="christian_plus1" version="1" changeset="143647074" lat="52.3957555" lon="13.1226098" />
  <node id="9759170904" timestamp="2022-05-22T17:21:32Z" uid="1468248" user="PantherStrix" version="2" changeset="121328318" lat="52.3957668" lon="13.1226267">
    <tag k="access" v="private" />
    <tag k="barrier" v="gate" />
  </node>
  <node id="9759170906" timestamp="2022-05-21T10:35:08Z" uid="1468248" user="PantherStrix" version="1" changeset="121276363" lat="52.3958548" lon="13.1227595" />
  <node id="9759170907" timestamp="2022-05-21T10:35:08Z" uid="1468248" user="PantherStrix" version="1" changeset="121276363" lat="52.3960299" lon="13.1224479" />
  <node id="9759170896" timestamp="2022-05-21T10:35:08Z" uid="1468248" user="PantherStrix" version="1" changeset="121276363" lat="52.3962376" lon="13.1222752" />
  <node id="9759170909" timestamp="2022-05-21T10:35:08Z" uid="1468248" user="PantherStrix" version="1" changeset="121276363" lat="52.3958997" lon="13.1228627" />
  <node id="9761100542" timestamp="2022-05-22T17:21:32Z" uid="1468248" user="PantherStrix" version="2" changeset="121328318" lat="52.3954232" lon="13.1232257">
    <tag k="access" v="private" />
    <tag k="barrier" v="gate" />
    <tag k="emergency" v="designated" />
    <tag k="material" v="metal" />
    <tag k="motor_vehicle" v="private" />
  </node>
  <node id="9761100544" timestamp="2022-05-22T07:29:27Z" uid="1468248" user="PantherStrix" version="1" changeset="121306842" lat="52.3956381" lon="13.1235175" />
  <node id="11324283394" timestamp="2023-11-05T12:13:32Z" uid="6167506" user="christian_plus1" version="1" changeset="143647074" lat="52.3954127" lon="13.1232114" />
  <node id="11324283390" timestamp="2023-11-05T12:13:32Z" uid="6167506" user="christian_plus1" version="1" changeset="143647074" lat="52.3959737" lon="13.1220976" />
  <node id="11324283418" timestamp="2023-11-05T12:13:32Z" uid="6167506" user="christian_plus1" version="1" changeset="143647074" lat="52.3960086" lon="13.1220369" />
  <node id="9759170890" timestamp="2022-05-22T17:21:32Z" uid="1468248" user="PantherStrix" version="2" changeset="121328318" lat="52.3960831" lon="13.1219076" />
  <node id="9983270478" timestamp="2023-02-21T15:05:54Z" uid="9173792" user="Danny83" version="2" changeset="132840458" lat="52.3948897" lon="13.1252512">
    <tag k="access" v="private" />
    <tag k="amenity" v="parking_entrance" />
    <tag k="maxheight" v="1.9" />
    <tag k="parking" v="underground" />
  </node>
  <node id="11324283400" timestamp="2023-11-05T12:13:32Z" uid="6167506" user="christian_plus1" version="1" changeset="143647074" lat="52.3951124" lon="13.1252371" />
  <node id="9983287331" timestamp="2022-08-28T12:15:03Z" uid="1468248" user="PantherStrix" version="1" changeset="125475048" lat="52.395735" lon="13.1281774" />
  <node id="13615231959" timestamp="2026-03-03T18:33:17Z" uid="609703" user="adrgru" version="1" changeset="179317529" lat="52.395012" lon="13.1259443" />
  <node id="9983287395" timestamp="2022-08-28T12:15:03Z" uid="1468248" user="PantherStrix" version="1" changeset="125475048" lat="52.3950168" lon="13.1275638" />
  <node id="11324283403" timestamp="2023-11-05T12:13:32Z" uid="6167506" user="christian_plus1" version="1" changeset="143647074" lat="52.3951713" lon="13.1276749" />
  <node id="10134831648" timestamp="2022-10-28T07:03:15Z" uid="17428843" user="Barbara Förster" version="1" changeset="128157783" lat="52.3938999" lon="13.1309026" />
  <node id="10264921735" timestamp="2025-02-27T13:02:22Z" uid="1468248" user="PantherStrix" version="2" changeset="163011624" lat="52.3937748" lon="13.1274" />
  <node id="10264921730" timestamp="2022-12-15T12:57:19Z" uid="1468248" user="PantherStrix" version="1" changeset="130114280" lat="52.3937676" lon="13.1271639" />
  <node id="5359343790" timestamp="2024-11-07T08:01:04Z" uid="46793" user="pruritus" version="3" changeset="158844339" lat="52.3937767" lon="13.1271635">
    <tag k="barrier" v="bollard" />
    <tag k="bicycle" v="yes" />
    <tag k="bollard" v="removable" />
    <tag k="emergency" v="designated" />
    <tag k="foot" v="yes" />
    <tag k="material" v="metal" />
    <tag k="maxwidth:physical" v="1" />
  </node>
  <node id="10264921734" timestamp="2022-12-15T12:57:19Z" uid="1468248" user="PantherStrix" version="1" changeset="130114280" lat="52.3938233" lon="13.1271617" />
  <node id="10264921791" timestamp="2022-12-15T12:57:19Z" uid="1468248" user="PantherStrix" version="1" changeset="130114280" lat="52.3939824" lon="13.1284932" />
  <node id="10264921792" timestamp="2024-12-07T06:33:49Z" uid="1468248" user="PantherStrix" version="2" changeset="160016896" lat="52.3939693" lon="13.1283221" />
  <node id="650285954" timestamp="2024-07-30T13:41:41Z" uid="564990" user="mavl" version="30" changeset="154607276" lat="52.3939869" lon="13.1285557">
    <tag k="bench" v="yes" />
    <tag k="bin" v="yes" />
    <tag k="highway" v="bus_stop" />
    <tag k="lit" v="yes" />
    <tag k="name" v="S Griebnitzsee Bahnhof/Süd" />
    <tag k="shelter" v="yes" />
    <tag k="tactile_paving" v="yes" />
  </node>
  <node id="10264924509" timestamp="2022-12-15T12:57:19Z" uid="1468248" user="PantherStrix" version="1" changeset="130114280" lat="52.3917909" lon="13.123187" />
  <node id="1748997371" timestamp="2024-07-30T13:36:24Z" uid="564990" user="mavl" version="17" changeset="154607035" lat="52.3919419" lon="13.1231582">
    <tag k="bench" v="no" />
    <tag k="bin" v="yes" />
    <tag k="highway" v="bus_stop" />
    <tag k="lit" v="yes" />
    <tag k="name" v="Stahnsdorfer Straße/August-Bebel-Straße" />
    <tag k="shelter" v="no" />
    <tag k="tactile_paving" v="no" />
  </node>
  <node id="1748997370" timestamp="2022-12-15T12:57:19Z" uid="1468248" user="PantherStrix" version="10" changeset="130114280" lat="52.3919816" lon="13.1230496" />
  <node id="10264924510" timestamp="2024-07-30T13:31:11Z" uid="564990" user="mavl" version="8" changeset="154606817" lat="52.3918543" lon="13.1230731">
    <tag k="bench" v="no" />
    <tag k="bin" v="yes" />
    <tag k="highway" v="bus_stop" />
    <tag k="lit" v="yes" />
    <tag k="name" v="Stahnsdorfer Straße/August-Bebel-Straße" />
    <tag k="shelter" v="no" />
    <tag k="tactile_paving" v="no" />
  </node>
  <node id="10873315175" timestamp="2023-05-06T12:59:31Z" uid="10121078" user="klnkengi" version="1" changeset="135776282" lat="52.3917507" lon="13.1235449" />
  <node id="10873315174" timestamp="2023-05-06T12:59:31Z" uid="10121078" user="klnkengi" version="1" changeset="135776282" lat="52.3917249" lon="13.1235872" />
  <node id="9481748398" timestamp="2023-05-06T12:59:31Z" uid="10121078" user="klnkengi" version="2" changeset="135776282" lat="52.3916904" lon="13.1235924">
    <tag k="barrier" v="gate" />
  </node>
  <node id="249783103" timestamp="2010-09-13T18:43:04Z" uid="111901" user="michaelgruenewald" version="2" changeset="5772306" lat="52.3928255" lon="13.1301882" />
  <node id="12670697444" timestamp="2025-03-16T19:44:24Z" uid="1468248" user="PantherStrix" version="1" changeset="163703942" lat="52.3938604" lon="13.1273946" />
  <node id="10264921739" timestamp="2022-12-15T12:57:19Z" uid="1468248" user="PantherStrix" version="1" changeset="130114280" lat="52.3938803" lon="13.1273934" />
  <node id="10264921738" timestamp="2025-07-21T13:17:55Z" uid="16371836" user="Till_btn" version="2" changeset="169243884" lat="52.3939065" lon="13.1274726" />
  <node id="13015488887" timestamp="2025-07-21T13:17:55Z" uid="16371836" user="Till_btn" version="1" changeset="169243884" lat="52.3939693" lon="13.1274706" />
  <node id="10264921789" timestamp="2025-07-21T13:17:55Z" uid="16371836" user="Till_btn" version="2" changeset="169243884" lat="52.3940425" lon="13.1274633" />
  <node id="1037525242" timestamp="2025-07-21T13:17:55Z" uid="16371836" user="Till_btn" version="4" changeset="169243884" lat="52.3940676" lon="13.1277924" />
  <node id="13015488877" timestamp="2025-07-21T13:17:55Z" uid="16371836" user="Till_btn" version="1" changeset="169243884" lat="52.394087" lon="13.1280358" />
  <node id="1060494127" timestamp="2024-12-07T06:33:49Z" uid="1468248" user="PantherStrix" version="2" changeset="160016896" lat="52.3941556" lon="13.128253" />
  <node id="7057689087" timestamp="2024-02-27T17:35:51Z" uid="1468248" user="PantherStrix" version="5" changeset="147983389" lat="52.3950442" lon="13.1286127">
    <tag k="bus" v="yes" />
    <tag k="name" v="SEV Griebnitzsee" />
    <tag k="public_transport" v="stop_position" />
  </node>
  <node id="11030670247" timestamp="2023-07-06T19:36:19Z" uid="1468248" user="PantherStrix" version="1" changeset="138202311" lat="52.3951165" lon="13.1291224" />
  <node id="4866140022" timestamp="2017-05-20T12:45:53Z" uid="1468248" user="PantherStrix" version="1" changeset="48842198" lat="52.3951426" lon="13.1291556" />
  <node id="11030670246" timestamp="2023-07-06T19:36:19Z" uid="1468248" user="PantherStrix" version="1" changeset="138202311" lat="52.3951682" lon="13.129176" />
  <node id="1737829969" timestamp="2012-05-01T23:34:40Z" uid="32112" user="SverigeFan" version="1" changeset="11475248" lat="52.3951957" lon="13.1291881" />
  <node id="10264921785" timestamp="2023-11-05T12:39:19Z" uid="6167506" user="christian_plus1" version="2" changeset="143647960" lat="52.3937353" lon="13.1272507" />
  <node id="10264921786" timestamp="2023-11-05T12:39:19Z" uid="6167506" user="christian_plus1" version="2" changeset="143647960" lat="52.3937453" lon="13.1273519" />
  <node id="11324758196" timestamp="2023-11-05T12:39:19Z" uid="6167506" user="christian_plus1" version="1" changeset="143647960" lat="52.3937469" lon="13.127402" />
  <node id="4866140069" timestamp="2023-11-05T12:39:19Z" uid="6167506" user="christian_plus1" version="2" changeset="143647960" lat="52.3937486" lon="13.1274535" />
  <node id="11324758195" timestamp="2023-11-05T12:39:19Z" uid="6167506" user="christian_plus1" version="1" changeset="143647960" lat="52.3937448" lon="13.1275411" />
  <node id="4866140068" timestamp="2025-02-27T13:02:22Z" uid="1468248" user="PantherStrix" version="3" changeset="163011624" lat="52.3937339" lon="13.1276504" />
  <node id="11324758216" timestamp="2023-11-05T12:39:19Z" uid="6167506" user="christian_plus1" version="1" changeset="143647960" lat="52.3937261" lon="13.1277235" />
  <node id="6846246721" timestamp="2022-12-15T12:57:19Z" uid="1468248" user="PantherStrix" version="2" changeset="130114280" lat="52.3937251" lon="13.1277327" />
  <node id="4866140067" timestamp="2022-12-15T12:57:19Z" uid="1468248" user="PantherStrix" version="3" changeset="130114280" lat="52.3937219" lon="13.1277651">
    <tag k="access" v="delivery" />
    <tag k="barrier" v="gate" />
  </node>
  <node id="10264921731" timestamp="2025-02-27T13:02:22Z" uid="1468248" user="PantherStrix" version="2" changeset="163011624" lat="52.3936757" lon="13.1281367" />
  <node id="13015488864" timestamp="2025-07-21T13:17:55Z" uid="16371836" user="Till_btn" version="1" changeset="169243884" lat="52.3939216" lon="13.128323" />
  <node id="2158816070" timestamp="2016-05-24T23:21:38Z" uid="174995" user="invliD" version="2" changeset="39546666" lat="52.3941786" lon="13.1336556" />
  <node id="4206034493" timestamp="2016-05-24T23:21:38Z" uid="174995" user="invliD" version="1" changeset="39546666" lat="52.3942192" lon="13.1335598" />
  <node id="2158816091" timestamp="2016-05-24T23:21:38Z" uid="174995" user="invliD" version="2" changeset="39546666" lat="52.3942361" lon="13.1334614" />
  <node id="2158816095" timestamp="2016-05-24T23:21:38Z" uid="174995" user="invliD" version="2" changeset="39546666" lat="52.3942784" lon="13.1333344" />
  <node id="7476350866" timestamp="2020-05-03T15:49:41Z" uid="1468248" user="PantherStrix" version="1" changeset="84569892" lat="52.3942941" lon="13.1332747" />
  <node id="2158816067" timestamp="2016-05-24T23:21:38Z" uid="174995" user="invliD" version="2" changeset="39546666" lat="52.394121" lon="13.13374" />
  <node id="5329585050" timestamp="2018-01-09T15:25:31Z" uid="5199868" user="MD_Ottersleben" version="1" changeset="55296179" lat="52.3937742" lon="13.1362103" />
  <node id="30582605" timestamp="2009-04-03T22:11:08Z" uid="101355" user="ottokar55" version="3" changeset="163342" lat="52.3928529" lon="13.1345875" />
  <node id="5329585047" timestamp="2018-01-09T15:25:31Z" uid="5199868" user="MD_Ottersleben" version="1" changeset="55296179" lat="52.3922947" lon="13.1336715" />
  <node id="5329585049" timestamp="2018-01-09T15:25:31Z" uid="5199868" user="MD_Ottersleben" version="1" changeset="55296179" lat="52.3916861" lon="13.1328164" />
  <node id="7476211540" timestamp="2020-05-03T15:03:14Z" uid="1468248" user="PantherStrix" version="1" changeset="84567933" lat="52.3912463" lon="13.1322671" />
  <node id="11324279819" timestamp="2023-11-05T12:13:32Z" uid="6167506" user="christian_plus1" version="1" changeset="143647074" lat="52.3949282" lon="13.1217012" />
  <node id="11324279797" timestamp="2024-01-14T18:04:19Z" uid="20888446" user="osm-bd9c0c" version="3" changeset="146253951" lat="52.3958305" lon="13.1222098">
    <tag k="barrier" v="kerb" />
    <tag k="kerb" v="lowered" />
    <tag k="tactile_paving" v="no" />
  </node>
  <node id="11324279798" timestamp="2024-01-14T18:04:22Z" uid="20888446" user="osm-bd9c0c" version="3" changeset="146253951" lat="52.395753" lon="13.1223468">
    <tag k="barrier" v="kerb" />
    <tag k="kerb" v="lowered" />
    <tag k="tactile_paving" v="no" />
  </node>
  <node id="11324283406" timestamp="2023-11-05T12:13:32Z" uid="6167506" user="christian_plus1" version="1" changeset="143647074" lat="52.3957266" lon="13.1223919" />
  <node id="11324283409" timestamp="2023-11-05T12:13:32Z" uid="6167506" user="christian_plus1" version="1" changeset="143647074" lat="52.3956731" lon="13.1224835" />
  <node id="11324283404" timestamp="2023-11-05T12:13:32Z" uid="6167506" user="christian_plus1" version="1" changeset="143647074" lat="52.3954833" lon="13.1228082" />
  <node id="11324279817" timestamp="2023-11-05T12:13:32Z" uid="6167506" user="christian_plus1" version="1" changeset="143647074" lat="52.3954256" lon="13.122907" />
  <node id="11324279801" timestamp="2026-01-30T17:22:48Z" uid="1468248" user="PantherStrix" version="2" changeset="177899319" lat="52.3951591" lon="13.1233764" />
  <node id="11324279802" timestamp="2024-01-14T18:02:16Z" uid="20888446" user="osm-bd9c0c" version="3" changeset="146253951" lat="52.3951636" lon="13.1234374">
    <tag k="barrier" v="kerb" />
    <tag k="kerb" v="lowered" />
    <tag k="tactile_paving" v="no" />
  </node>
  <node id="13512671788" timestamp="2026-01-30T17:22:48Z" uid="1468248" user="PantherStrix" version="1" changeset="177899319" lat="52.3950953" lon="13.1225083" />
  <node id="11324279803" timestamp="2026-01-30T17:22:48Z" uid="1468248" user="PantherStrix" version="4" changeset="177899319" lat="52.395094" lon="13.1224909">
    <tag k="barrier" v="kerb" />
    <tag k="kerb" v="lowered" />
    <tag k="tactile_paving" v="no" />
  </node>
  <node id="11324279805" timestamp="2026-01-30T17:22:48Z" uid="1468248" user="PantherStrix" version="2" changeset="177899319" lat="52.3951935" lon="13.1224869" />
  <node id="7942873445" timestamp="2026-01-30T17:22:48Z" uid="1468248" user="PantherStrix" version="3" changeset="177899319" lat="52.3952102" lon="13.1225677">
    <tag k="access" v="private" />
    <tag k="barrier" v="gate" />
  </node>
  <node id="11324279806" timestamp="2026-01-30T17:22:48Z" uid="1468248" user="PantherStrix" version="4" changeset="177899319" lat="52.3950848" lon="13.1223817">
    <tag k="barrier" v="kerb" />
    <tag k="kerb" v="lowered" />
    <tag k="tactile_paving" v="no" />
  </node>
  <node id="11324279808" timestamp="2026-01-30T17:22:48Z" uid="1468248" user="PantherStrix" version="4" changeset="177899319" lat="52.3950604" lon="13.1222617">
    <tag k="barrier" v="kerb" />
    <tag k="kerb" v="lowered" />
    <tag k="tactile_paving" v="no" />
  </node>
  <node id="4537367294" timestamp="2026-01-30T17:22:48Z" uid="1468248" user="PantherStrix" version="8" changeset="177899319" lat="52.395021" lon="13.1222685">
    <tag k="button_operated" v="yes" />
    <tag k="crossing" v="traffic_signals" />
    <tag k="crossing:island" v="no" />
    <tag k="highway" v="crossing" />
    <tag k="kerb" v="lowered" />
    <tag k="tactile_paving" v="no" />
    <tag k="traffic_signals:sound" v="no" />
    <tag k="traffic_signals:vibration" v="yes" />
  </node>
  <node id="11324279809" timestamp="2026-01-30T17:22:48Z" uid="1468248" user="PantherStrix" version="4" changeset="177899319" lat="52.394993" lon="13.1222733">
    <tag k="barrier" v="kerb" />
    <tag k="kerb" v="lowered" />
    <tag k="tactile_paving" v="no" />
  </node>
  <node id="11324279811" timestamp="2026-01-30T17:22:48Z" uid="1468248" user="PantherStrix" version="2" changeset="177899319" lat="52.3950815" lon="13.1223515" />
  <node id="11324279810" timestamp="2023-11-05T12:13:32Z" uid="6167506" user="christian_plus1" version="1" changeset="143647074" lat="52.3950713" lon="13.122259" />
  <node id="11324283413" timestamp="2023-11-05T12:13:32Z" uid="6167506" user="christian_plus1" version="1" changeset="143647074" lat="52.3954419" lon="13.1222759" />
  <node id="11324283415" timestamp="2023-11-05T12:13:32Z" uid="6167506" user="christian_plus1" version="1" changeset="143647074" lat="52.3957117" lon="13.1222193" />
  <node id="11324279812" timestamp="2023-11-05T12:13:32Z" uid="6167506" user="christian_plus1" version="1" changeset="143647074" lat="52.3958414" lon="13.1221921" />
  <node id="11324283420" timestamp="2023-11-05T12:13:32Z" uid="6167506" user="christian_plus1" version="1" changeset="143647074" lat="52.3959686" lon="13.1219735" />
  <node id="13512671794" timestamp="2026-01-30T17:22:48Z" uid="1468248" user="PantherStrix" version="1" changeset="177899319" lat="52.3961018" lon="13.1217448" />
  <node id="11324279813" timestamp="2023-11-05T12:13:32Z" uid="6167506" user="christian_plus1" version="1" changeset="143647074" lat="52.3961337" lon="13.12169" />
  <node id="7942873444" timestamp="2026-01-30T17:22:48Z" uid="1468248" user="PantherStrix" version="3" changeset="177899319" lat="52.3954086" lon="13.1228818">
    <tag k="access" v="private" />
    <tag k="barrier" v="gate" />
  </node>
  <node id="11324283371" timestamp="2024-01-14T18:02:09Z" uid="20888446" user="osm-bd9c0c" version="3" changeset="146253951" lat="52.3951862" lon="13.1235692">
    <tag k="barrier" v="kerb" />
    <tag k="kerb" v="lowered" />
    <tag k="tactile_paving" v="no" />
  </node>
  <node id="11324279820" timestamp="2023-11-05T12:13:32Z" uid="6167506" user="christian_plus1" version="1" changeset="143647074" lat="52.394974" lon="13.1222768" />
  <node id="11324279821" timestamp="2023-11-05T12:13:32Z" uid="6167506" user="christian_plus1" version="1" changeset="143647074" lat="52.3949692" lon="13.1223229" />
  <node id="11324279822" timestamp="2023-11-05T12:13:32Z" uid="6167506" user="christian_plus1" version="1" changeset="143647074" lat="52.3949502" lon="13.1223722" />
  <node id="11324279845" timestamp="2023-11-05T12:13:32Z" uid="6167506" user="christian_plus1" version="1" changeset="143647074" lat="52.394926" lon="13.1223787" />
  <node id="11324279823" timestamp="2023-11-05T12:13:32Z" uid="6167506" user="christian_plus1" version="1" changeset="143647074" lat="52.3940734" lon="13.1226085" />
  <node id="12470958735" timestamp="2025-01-03T10:44:18Z" uid="20936257" user="Sandplaice" version="1" changeset="160942382" lat="52.393659" lon="13.122671" />
  <node id="11324279839" timestamp="2023-11-05T12:13:32Z" uid="6167506" user="christian_plus1" version="1" changeset="143647074" lat="52.3935068" lon="13.1226939" />
  <node id="11324279825" timestamp="2024-01-14T18:05:17Z" uid="20888446" user="osm-bd9c0c" version="3" changeset="146253951" lat="52.3927598" lon="13.1228064">
    <tag k="barrier" v="kerb" />
    <tag k="kerb" v="lowered" />
    <tag k="tactile_paving" v="no" />
  </node>
  <node id="11324279832" timestamp="2023-11-05T12:13:32Z" uid="6167506" user="christian_plus1" version="1" changeset="143647074" lat="52.3935162" lon="13.1228888" />
  <node id="11324279828" timestamp="2024-01-14T18:05:04Z" uid="20888446" user="osm-bd9c0c" version="3" changeset="146253951" lat="52.3935318" lon="13.1228862">
    <tag k="barrier" v="kerb" />
    <tag k="kerb" v="lowered" />
    <tag k="tactile_paving" v="no" />
  </node>
  <node id="11324279829" timestamp="2024-01-14T18:04:57Z" uid="20888446" user="osm-bd9c0c" version="3" changeset="146253951" lat="52.3937064" lon="13.1228441">
    <tag k="barrier" v="kerb" />
    <tag k="kerb" v="lowered" />
    <tag k="tactile_paving" v="no" />
  </node>
  <node id="11324279848" timestamp="2023-11-05T12:13:32Z" uid="6167506" user="christian_plus1" version="1" changeset="143647074" lat="52.3949433" lon="13.1226148" />
  <node id="11324279833" timestamp="2024-01-14T18:05:06Z" uid="20888446" user="osm-bd9c0c" version="3" changeset="146253951" lat="52.3935151" lon="13.1228662">
    <tag k="barrier" v="kerb" />
    <tag k="kerb" v="lowered" />
    <tag k="tactile_paving" v="no" />
  </node>
  <node id="11324279836" timestamp="2024-01-14T18:05:09Z" uid="20888446" user="osm-bd9c0c" version="3" changeset="146253930" lat="52.3935123" lon="13.1228072">
    <tag k="crossing" v="unmarked" />
    <tag k="crossing:island" v="no" />
    <tag k="crossing:markings" v="no" />
    <tag k="highway" v="crossing" />
    <tag k="tactile_paving" v="no" />
  </node>
  <node id="11324279834" timestamp="2023-11-05T12:13:32Z" uid="6167506" user="christian_plus1" version="1" changeset="143647074" lat="52.3935098" lon="13.1227557" />
  <node id="11324279856" timestamp="2023-11-05T12:13:32Z" uid="6167506" user="christian_plus1" version="1" changeset="143647074" lat="52.3935093" lon="13.1227456" />
  <node id="11324279837" timestamp="2023-11-05T12:13:32Z" uid="6167506" user="christian_plus1" version="1" changeset="143647074" lat="52.3935088" lon="13.1227356" />
  <node id="11324279838" timestamp="2023-11-05T12:13:32Z" uid="6167506" user="christian_plus1" version="1" changeset="143647074" lat="52.393508" lon="13.1227191" />
  <node id="11324279843" timestamp="2023-11-05T12:13:32Z" uid="6167506" user="christian_plus1" version="1" changeset="143647074" lat="52.394968" lon="13.1226178" />
  <node id="11324279844" timestamp="2023-11-05T12:13:32Z" uid="6167506" user="christian_plus1" version="1" changeset="143647074" lat="52.3949924" lon="13.1226448" />
  <node id="11324279851" timestamp="2026-01-30T17:22:48Z" uid="1468248" user="PantherStrix" version="2" changeset="177899319" lat="52.3949269" lon="13.1223942" />
  <node id="11324279846" timestamp="2026-01-30T17:22:48Z" uid="1468248" user="PantherStrix" version="2" changeset="177899319" lat="52.3949289" lon="13.1224314" />
  <node id="11324279847" timestamp="2026-01-30T17:22:48Z" uid="1468248" user="PantherStrix" version="2" changeset="177899319" lat="52.3949412" lon="13.1225891" />
  <node id="11324279850" timestamp="2023-11-05T12:13:32Z" uid="6167506" user="christian_plus1" version="1" changeset="143647074" lat="52.394972" lon="13.1223838" />
  <node id="11324279852" timestamp="2023-11-05T12:13:32Z" uid="6167506" user="christian_plus1" version="1" changeset="143647074" lat="52.394597" lon="13.1224883" />
  <node id="11324279853" timestamp="2023-11-05T12:13:32Z" uid="6167506" user="christian_plus1" version="1" changeset="143647074" lat="52.3944559" lon="13.1225453" />
  <node id="11324279854" timestamp="2023-11-05T12:13:32Z" uid="6167506" user="christian_plus1" version="1" changeset="143647074" lat="52.3940606" lon="13.1226515" />
  <node id="11324279855" timestamp="2023-11-05T12:13:32Z" uid="6167506" user="christian_plus1" version="1" changeset="143647074" lat="52.3936668" lon="13.1227275" />
  <node id="11324279857" timestamp="2023-11-05T12:13:32Z" uid="6167506" user="christian_plus1" version="1" changeset="143647074" lat="52.3927892" lon="13.1228708">
    <tag k="barrier" v="kerb" />
    <tag k="kerb" v="flush" />
  </node>
  <node id="570596666" timestamp="2022-10-22T10:41:26Z" uid="1468248" user="PantherStrix" version="2" changeset="127916762" lat="52.393394" lon="13.1228288" />
  <node id="11324279858" timestamp="2023-11-05T12:13:32Z" uid="6167506" user="christian_plus1" version="1" changeset="143647074" lat="52.3950129" lon="13.1228719" />
  <node id="11324279859" timestamp="2023-11-05T12:13:32Z" uid="6167506" user="christian_plus1" version="1" changeset="143647074" lat="52.3950713" lon="13.1236408" />
  <node id="11324283389" timestamp="2023-11-05T12:13:32Z" uid="6167506" user="christian_plus1" version="1" changeset="143647074" lat="52.3951785" lon="13.1280215" />
  <node id="11324283395" timestamp="2023-11-05T12:13:32Z" uid="6167506" user="christian_plus1" version="1" changeset="143647074" lat="52.3951872" lon="13.1236084" />
  <node id="11324283375" timestamp="2026-01-30T17:22:48Z" uid="1468248" user="PantherStrix" version="2" changeset="177899319" lat="52.3952251" lon="13.1250917" />
  <node id="11324283380" timestamp="2023-11-05T12:13:32Z" uid="6167506" user="christian_plus1" version="1" changeset="143647074" lat="52.3952399" lon="13.12567" />
  <node id="11324283383" timestamp="2023-11-05T12:13:32Z" uid="6167506" user="christian_plus1" version="1" changeset="143647074" lat="52.3952671" lon="13.126737" />
  <node id="11324283370" timestamp="2023-11-05T12:13:32Z" uid="6167506" user="christian_plus1" version="1" changeset="143647074" lat="52.395297" lon="13.1279084" />
  <node id="11324283385" timestamp="2023-11-05T12:13:32Z" uid="6167506" user="christian_plus1" version="1" changeset="143647074" lat="52.3953023" lon="13.1280068" />
  <node id="11324283373" timestamp="2026-01-30T17:22:48Z" uid="1468248" user="PantherStrix" version="2" changeset="177899319" lat="52.3953507" lon="13.1250836" />
  <node id="11324283378" timestamp="2023-11-05T12:13:32Z" uid="6167506" user="christian_plus1" version="1" changeset="143647074" lat="52.3952754" lon="13.1256658" />
  <node id="13512671894" timestamp="2026-01-30T17:22:48Z" uid="1468248" user="PantherStrix" version="1" changeset="177899319" lat="52.3952955" lon="13.1256645" />
  <node id="11324283377" timestamp="2023-11-05T12:13:32Z" uid="6167506" user="christian_plus1" version="1" changeset="143647074" lat="52.3953046" lon="13.1256686" />
  <node id="13512671895" timestamp="2026-01-30T17:22:48Z" uid="1468248" user="PantherStrix" version="1" changeset="177899319" lat="52.3953147" lon="13.1256741" />
  <node id="11324283376" timestamp="2023-11-05T12:13:32Z" uid="6167506" user="christian_plus1" version="1" changeset="143647074" lat="52.3953309" lon="13.1256934" />
  <node id="13512671896" timestamp="2026-01-30T17:22:48Z" uid="1468248" user="PantherStrix" version="1" changeset="177899319" lat="52.3953422" lon="13.1257197" />
  <node id="13512671897" timestamp="2026-01-30T17:22:48Z" uid="1468248" user="PantherStrix" version="1" changeset="177899319" lat="52.3953478" lon="13.1257506" />
  <node id="11324283381" timestamp="2023-11-05T12:13:32Z" uid="6167506" user="christian_plus1" version="1" changeset="143647074" lat="52.3953107" lon="13.1267337" />
  <node id="11324283386" timestamp="2024-01-14T18:01:58Z" uid="20888446" user="osm-bd9c0c" version="3" changeset="146253951" lat="52.3952814" lon="13.1280094">
    <tag k="barrier" v="kerb" />
    <tag k="kerb" v="lowered" />
    <tag k="tactile_paving" v="no" />
  </node>
  <node id="11324283387" timestamp="2024-01-14T18:05:41Z" uid="20888446" user="osm-bd9c0c" version="3" changeset="146253951" lat="52.3952051" lon="13.1280194">
    <tag k="barrier" v="kerb" />
    <tag k="kerb" v="lowered" />
    <tag k="tactile_paving" v="no" />
  </node>
  <node id="11324283392" timestamp="2023-11-05T12:13:32Z" uid="6167506" user="christian_plus1" version="1" changeset="143647074" lat="52.3962146" lon="13.1218206" />
  <node id="11324283391" timestamp="2023-11-05T12:13:32Z" uid="6167506" user="christian_plus1" version="1" changeset="143647074" lat="52.3961278" lon="13.1219732" />
  <node id="11324279862" timestamp="2023-11-05T12:13:32Z" uid="6167506" user="christian_plus1" version="1" changeset="143647074" lat="52.3951789" lon="13.1280514" />
  <node id="11324283397" timestamp="2023-11-05T12:13:32Z" uid="6167506" user="christian_plus1" version="1" changeset="143647074" lat="52.3951736" lon="13.1280719" />
  <node id="11324279863" timestamp="2023-11-05T12:13:32Z" uid="6167506" user="christian_plus1" version="1" changeset="143647074" lat="52.3951683" lon="13.1280924" />
  <node id="11324279864" timestamp="2023-11-05T12:13:32Z" uid="6167506" user="christian_plus1" version="1" changeset="143647074" lat="52.3951456" lon="13.1281296" />
  <node id="11324279865" timestamp="2023-11-05T12:13:32Z" uid="6167506" user="christian_plus1" version="1" changeset="143647074" lat="52.3950313" lon="13.1282078" />
  <node id="11324279866" timestamp="2024-02-27T17:35:51Z" uid="1468248" user="PantherStrix" version="2" changeset="147983389" lat="52.3950144" lon="13.1282408" />
  <node id="11669622066" timestamp="2024-02-27T17:35:51Z" uid="1468248" user="PantherStrix" version="1" changeset="147983389" lat="52.3950012" lon="13.1282779" />
  <node id="11324279867" timestamp="2023-11-05T12:13:32Z" uid="6167506" user="christian_plus1" version="1" changeset="143647074" lat="52.3949919" lon="13.1283182" />
  <node id="11324279868" timestamp="2024-02-27T17:35:51Z" uid="1468248" user="PantherStrix" version="2" changeset="147983389" lat="52.3949861" lon="13.1283755" />
  <node id="11324283405" timestamp="2026-01-30T17:22:48Z" uid="1468248" user="PantherStrix" version="3" changeset="177899319" lat="52.3954575" lon="13.1224763" />
  <node id="11324283407" timestamp="2023-11-05T12:13:32Z" uid="6167506" user="christian_plus1" version="1" changeset="143647074" lat="52.3957077" lon="13.1223763" />
  <node id="11324283410" timestamp="2023-11-05T12:13:32Z" uid="6167506" user="christian_plus1" version="1" changeset="143647074" lat="52.3956199" lon="13.1223945" />
  <node id="11324283408" timestamp="2023-11-05T12:13:32Z" uid="6167506" user="christian_plus1" version="1" changeset="143647074" lat="52.395561" lon="13.1224067" />
  <node id="11324283411" timestamp="2026-01-30T17:22:48Z" uid="1468248" user="PantherStrix" version="3" changeset="177899319" lat="52.3954439" lon="13.122302" />
  <node id="11324283416" timestamp="2023-11-05T12:13:32Z" uid="6167506" user="christian_plus1" version="1" changeset="143647074" lat="52.3957101" lon="13.1221778" />
  <node id="11324283417" timestamp="2023-11-05T12:13:32Z" uid="6167506" user="christian_plus1" version="1" changeset="143647074" lat="52.3956447" lon="13.1220906" />
  <node id="11324283419" timestamp="2023-11-05T12:13:32Z" uid="6167506" user="christian_plus1" version="1" changeset="143647074" lat="52.3959204" lon="13.121897" />
  <node id="11324758194" timestamp="2025-02-27T13:02:22Z" uid="1468248" user="PantherStrix" version="2" changeset="163011624" lat="52.3935123" lon="13.1270372" />
  <node id="11324758211" timestamp="2023-11-05T12:39:19Z" uid="6167506" user="christian_plus1" version="1" changeset="143647960" lat="52.3936294" lon="13.1275072" />
  <node id="11324758197" timestamp="2025-02-27T13:02:22Z" uid="1468248" user="PantherStrix" version="2" changeset="163011624" lat="52.3937267" lon="13.1274013" />
  <node id="11324758206" timestamp="2025-02-27T13:02:22Z" uid="1468248" user="PantherStrix" version="2" changeset="163011624" lat="52.3932679" lon="13.1277219" />
  <node id="12623246425" timestamp="2025-02-27T13:02:22Z" uid="1468248" user="PantherStrix" version="1" changeset="163011624" lat="52.3932674" lon="13.1276953" />
  <node id="11324758208" timestamp="2025-02-27T13:02:22Z" uid="1468248" user="PantherStrix" version="2" changeset="163011624" lat="52.3932662" lon="13.1276415" />
  <node id="11324758205" timestamp="2023-11-05T12:39:19Z" uid="6167506" user="christian_plus1" version="1" changeset="143647960" lat="52.3932646" lon="13.1275643" />
  <node id="11324758209" timestamp="2023-11-05T12:39:19Z" uid="6167506" user="christian_plus1" version="1" changeset="143647960" lat="52.3932426" lon="13.1276428" />
  <node id="11324758212" timestamp="2023-11-05T12:39:19Z" uid="6167506" user="christian_plus1" version="1" changeset="143647960" lat="52.393626" lon="13.1275354" />
  <node id="11324758213" timestamp="2023-11-05T12:39:19Z" uid="6167506" user="christian_plus1" version="1" changeset="143647960" lat="52.3936249" lon="13.1275454" />
  <node id="11324758214" timestamp="2025-02-27T13:02:22Z" uid="1468248" user="PantherStrix" version="2" changeset="163011624" lat="52.3936169" lon="13.1276147" />
  <node id="11324758215" timestamp="2023-11-05T12:39:19Z" uid="6167506" user="christian_plus1" version="1" changeset="143647960" lat="52.3936082" lon="13.1276877" />
  <node id="11542800258" timestamp="2024-01-23T12:18:50Z" uid="16371836" user="Till_btn" version="1" changeset="146590568" lat="52.3942597" lon="13.1327194">
    <tag k="entrance" v="yes" />
    <tag k="locked" v="yes" />
  </node>
  <node id="7476465529" timestamp="2020-08-02T13:49:04Z" uid="1468248" user="PantherStrix" version="3" changeset="88840753" lat="52.3917752" lon="13.1307726">
    <tag k="direction" v="backward" />
    <tag k="highway" v="stop" />
  </node>
  <node id="282843467" timestamp="2020-08-02T13:49:04Z" uid="1468248" user="PantherStrix" version="10" changeset="88840753" lat="52.391962" lon="13.1307681" />
  <node id="11578672408" timestamp="2024-02-02T11:14:48Z" uid="6167506" user="christian_plus1" version="1" changeset="146980642" lat="52.3952882" lon="13.1301678" />
  <node id="11578672409" timestamp="2024-02-02T11:14:48Z" uid="6167506" user="christian_plus1" version="1" changeset="146980642" lat="52.3951085" lon="13.1300557" />
  <node id="12623246408" timestamp="2025-02-27T13:02:22Z" uid="1468248" user="PantherStrix" version="1" changeset="163011624" lat="52.3922548" lon="13.1254779" />
  <node id="11634139791" timestamp="2025-02-27T13:02:22Z" uid="1468248" user="PantherStrix" version="2" changeset="163011624" lat="52.3922414" lon="13.1255067" />
  <node id="11634139792" timestamp="2025-02-27T13:02:22Z" uid="1468248" user="PantherStrix" version="2" changeset="163011624" lat="52.3921993" lon="13.1255172" />
  <node id="11634139793" timestamp="2025-02-27T13:02:22Z" uid="1468248" user="PantherStrix" version="2" changeset="163011624" lat="52.3921519" lon="13.1255038" />
  <node id="11634139800" timestamp="2024-02-17T11:31:05Z" uid="13975512" user="nebuu" version="1" changeset="147566628" lat="52.3923401" lon="13.124785" />
  <node id="11634139802" timestamp="2024-02-17T11:31:05Z" uid="13975512" user="nebuu" version="1" changeset="147566628" lat="52.3922833" lon="13.1247049" />
  <node id="11634139803" timestamp="2024-02-17T11:31:05Z" uid="13975512" user="nebuu" version="1" changeset="147566628" lat="52.3923072" lon="13.1247659" />
  <node id="11634139817" timestamp="2024-02-17T11:31:05Z" uid="13975512" user="nebuu" version="1" changeset="147566628" lat="52.3917748" lon="13.1251034" />
  <node id="11634139818" timestamp="2024-02-17T11:31:05Z" uid="13975512" user="nebuu" version="1" changeset="147566628" lat="52.3918961" lon="13.1252143" />
  <node id="12623246406" timestamp="2025-02-27T13:02:22Z" uid="1468248" user="PantherStrix" version="1" changeset="163011624" lat="52.3919884" lon="13.125393" />
  <node id="11669622065" timestamp="2024-02-27T17:35:51Z" uid="1468248" user="PantherStrix" version="1" changeset="147983389" lat="52.3950677" lon="13.1291852" />
  <node id="12000555903" timestamp="2024-06-22T11:42:19Z" uid="16371836" user="Till_btn" version="1" changeset="153025847" lat="52.393151" lon="13.1304479" />
  <node id="12000555902" timestamp="2024-06-22T11:42:19Z" uid="16371836" user="Till_btn" version="1" changeset="153025847" lat="52.3931029" lon="13.1304077" />
  <node id="12000555901" timestamp="2024-06-22T11:42:19Z" uid="16371836" user="Till_btn" version="1" changeset="153025847" lat="52.3930587" lon="13.130392" />
  <node id="12000555907" timestamp="2024-06-22T11:42:19Z" uid="16371836" user="Till_btn" version="1" changeset="153025847" lat="52.3933327" lon="13.1305301" />
  <node id="12000555906" timestamp="2024-06-22T11:42:19Z" uid="16371836" user="Till_btn" version="1" changeset="153025847" lat="52.3933011" lon="13.1305218" />
  <node id="12000555905" timestamp="2024-06-22T11:42:19Z" uid="16371836" user="Till_btn" version="1" changeset="153025847" lat="52.3932401" lon="13.130511" />
  <node id="12000555904" timestamp="2024-06-22T11:42:19Z" uid="16371836" user="Till_btn" version="1" changeset="153025847" lat="52.3931848" lon="13.1304846" />
  <node id="12251042016" timestamp="2024-10-14T18:20:41Z" uid="10630643" user="janolezab" version="1" changeset="157889514" lat="52.3915767" lon="13.1212183" />
  <node id="10873315168" timestamp="2023-05-06T12:59:31Z" uid="10121078" user="klnkengi" version="1" changeset="135776282" lat="52.3915808" lon="13.1214406" />
  <node id="12897339226" timestamp="2025-06-08T17:13:18Z" uid="1468248" user="PantherStrix" version="1" changeset="167361431" lat="52.3915826" lon="13.1215418" />
  <node id="5144960785" timestamp="2019-12-29T16:31:09Z" uid="1468248" user="PantherStrix" version="2" changeset="78983434" lat="52.3916091" lon="13.1229973">
    <tag k="direction" v="forward" />
    <tag k="highway" v="give_way" />
  </node>
  <node id="4743471751" timestamp="2025-03-16T19:44:24Z" uid="1468248" user="PantherStrix" version="4" changeset="163703942" lat="52.3944428" lon="13.1283802" />
  <node id="12623246447" timestamp="2025-02-27T13:02:22Z" uid="1468248" user="PantherStrix" version="1" changeset="163011624" lat="52.3927698" lon="13.1262762" />
  <node id="2852446319" timestamp="2026-01-30T17:22:48Z" uid="1468248" user="PantherStrix" version="3" changeset="177899319" lat="52.3952406" lon="13.1299677" />
  <node id="13015488866" timestamp="2025-07-21T13:17:55Z" uid="16371836" user="Till_btn" version="1" changeset="169243884" lat="52.3939151" lon="13.1277837" />
  <node id="13015488861" timestamp="2025-07-21T13:17:55Z" uid="16371836" user="Till_btn" version="1" changeset="169243884" lat="52.3939265" lon="13.1278032" />
  <node id="13015488865" timestamp="2025-07-21T13:17:55Z" uid="16371836" user="Till_btn" version="1" changeset="169243884" lat="52.3939364" lon="13.1278219" />
  <node id="13015488862" timestamp="2025-07-21T13:17:55Z" uid="16371836" user="Till_btn" version="1" changeset="169243884" lat="52.3939372" lon="13.1278756" />
  <node id="13015488863" timestamp="2025-07-21T13:17:55Z" uid="16371836" user="Till_btn" version="1" changeset="169243884" lat="52.3939112" lon="13.1279226" />
  <node id="13015488876" timestamp="2025-07-21T13:17:55Z" uid="16371836" user="Till_btn" version="1" changeset="169243884" lat="52.3941365" lon="13.1280256" />
  <node id="13015488886" timestamp="2025-07-21T13:17:55Z" uid="16371836" user="Till_btn" version="1" changeset="169243884" lat="52.3939787" lon="13.1277992" />
  <node id="13512671791" timestamp="2026-01-30T17:22:48Z" uid="1468248" user="PantherStrix" version="1" changeset="177899319" lat="52.3960795" lon="13.1217106">
    <tag k="barrier" v="gate" />
  </node>
  <node id="13512671792" timestamp="2026-01-30T17:22:48Z" uid="1468248" user="PantherStrix" version="1" changeset="177899319" lat="52.3959473" lon="13.1215065" />
  <node id="13512671793" timestamp="2026-01-30T17:22:48Z" uid="1468248" user="PantherStrix" version="1" changeset="177899319" lat="52.3961414" lon="13.121806" />
  <node id="13512671819" timestamp="2026-01-30T17:22:48Z" uid="1468248" user="PantherStrix" version="1" changeset="177899319" lat="52.3953439" lon="13.130612" />
  <node id="13522794931" timestamp="2026-02-03T20:44:43Z" uid="1468248" user="PantherStrix" version="1" changeset="178067476" lat="52.3958593" lon="13.1312958">
    <tag k="access" v="private" />
    <tag k="barrier" v="gate" />
  </node>
  <node id="13522794933" timestamp="2026-02-03T20:44:43Z" uid="1468248" user="PantherStrix" version="1" changeset="178067476" lat="52.3961575" lon="13.1310058" />
  <node id="11621901368" timestamp="2024-02-14T08:21:10Z" uid="9173792" user="Danny83" version="1" changeset="147439535" lat="52.3911181" lon="13.1230618" />
  <way id="-862" action="modify">
    <nd ref="-26296" />
    <nd ref="-26297" />
    <tag k="highway" v="footway" />
  </way>
  <way id="-994" action="modify">
    <nd ref="-26338" />
    <nd ref="-26339" />
    <tag k="highway" v="footway" />
    <tag k="lit" v="yes" />
    <tag k="name" v="Zugang IFI OST" />
    <tag k="smoothness" v="intermediate" />
    <tag k="surface" v="sett" />
  </way>
  <way id="-1317" action="modify">
    <nd ref="-26588" />
    <nd ref="-26620" />
    <nd ref="-26668" />
    <nd ref="-26623" />
    <nd ref="-26667" />
    <nd ref="-26625" />
    <nd ref="-26666" />
    <nd ref="-26627" />
    <nd ref="-26665" />
    <nd ref="-26785" />
    <nd ref="-26664" />
    <nd ref="-26607" />
    <nd ref="-26608" />
    <nd ref="-33083" />
    <nd ref="-26609" />
    <nd ref="-26663" />
    <nd ref="-26629" />
    <nd ref="-26662" />
    <nd ref="-26632" />
    <nd ref="-26661" />
    <nd ref="-26635" />
    <nd ref="-26660" />
    <nd ref="-26638" />
    <nd ref="-26659" />
    <nd ref="-26610" />
    <nd ref="-32320" />
    <nd ref="-30148" />
    <nd ref="-34522" />
    <nd ref="-34496" />
    <nd ref="-26612" />
    <nd ref="-26644" />
    <nd ref="-26658" />
    <nd ref="-26645" />
    <nd ref="-26657" />
    <nd ref="-26648" />
    <nd ref="-26656" />
    <nd ref="-26651" />
    <nd ref="-26655" />
    <nd ref="-26757" />
    <nd ref="-26654" />
    <nd ref="-26582" />
    <nd ref="-33005" />
    <nd ref="-26583" />
    <nd ref="-26670" />
    <nd ref="-26671" />
    <nd ref="-26681" />
    <nd ref="-26691" />
    <nd ref="-26730" />
    <nd ref="-26696" />
    <nd ref="-26733" />
    <nd ref="-26699" />
    <nd ref="-26734" />
    <nd ref="-26722" />
    <nd ref="-26613" />
    <nd ref="-26614" />
    <nd ref="-26721" />
    <nd ref="-26735" />
    <nd ref="-26700" />
    <nd ref="-26732" />
    <nd ref="-26697" />
    <nd ref="-26731" />
    <nd ref="-26692" />
    <nd ref="-26684" />
    <nd ref="-26672" />
    <nd ref="-26673" />
    <nd ref="-26586" />
    <nd ref="-26587" />
    <nd ref="-32917" />
    <nd ref="-26588" />
    <tag k="indoor" v="corridor" />
    <tag k="level" v="0" />
    <tag k="name" v="Flur" />
    <tag k="ref" v="K-E.37" />
  </way>
  <way id="-1535" action="modify">
    <nd ref="-26585" />
    <nd ref="-26669" />
    <nd ref="-26670" />
    <nd ref="-26671" />
    <nd ref="-26727" />
    <nd ref="-26679" />
    <nd ref="-26726" />
    <nd ref="-26682" />
    <nd ref="-26725" />
    <nd ref="-26672" />
    <nd ref="-26673" />
    <nd ref="-26724" />
    <nd ref="-26674" />
    <nd ref="-26675" />
    <nd ref="-34970" />
    <nd ref="-26585" />
    <tag k="indoor" v="corridor" />
    <tag k="level" v="0" />
    <tag k="name" v="Flur" />
    <tag k="ref" v="K-E.38" />
  </way>
  <way id="-2497" action="modify">
    <nd ref="-28145" />
    <nd ref="-28163" />
    <nd ref="-28164" />
    <nd ref="-28165" />
    <nd ref="-28166" />
    <nd ref="-28167" />
    <nd ref="-28168" />
    <nd ref="-28169" />
    <nd ref="-28170" />
    <nd ref="-28171" />
    <nd ref="-28172" />
    <nd ref="-28173" />
    <nd ref="-28174" />
    <nd ref="-28147" />
    <nd ref="-28146" />
    <nd ref="-28145" />
    <tag k="indoor" v="corridor" />
    <tag k="level" v="1" />
    <tag k="name" v="Flur" />
    <tag k="ref" v="K-1.38" />
  </way>
  <way id="-2506" action="modify">
    <nd ref="-28151" />
    <nd ref="-28199" />
    <nd ref="-28200" />
    <nd ref="-28201" />
    <nd ref="-28202" />
    <nd ref="-28203" />
    <nd ref="-28204" />
    <nd ref="-28205" />
    <nd ref="-28206" />
    <nd ref="-28207" />
    <nd ref="-28208" />
    <nd ref="-28209" />
    <nd ref="-26608" />
    <nd ref="-33861" />
    <nd ref="-26609" />
    <nd ref="-28212" />
    <nd ref="-28213" />
    <nd ref="-28214" />
    <nd ref="-28215" />
    <nd ref="-28216" />
    <nd ref="-28217" />
    <nd ref="-28218" />
    <nd ref="-28219" />
    <nd ref="-28220" />
    <nd ref="-28221" />
    <nd ref="-28222" />
    <nd ref="-28223" />
    <nd ref="-28224" />
    <nd ref="-28225" />
    <nd ref="-28226" />
    <nd ref="-28227" />
    <nd ref="-28228" />
    <nd ref="-28229" />
    <nd ref="-28230" />
    <nd ref="-28231" />
    <nd ref="-28232" />
    <nd ref="-28233" />
    <nd ref="-28234" />
    <nd ref="-28141" />
    <nd ref="-28142" />
    <nd ref="-28143" />
    <nd ref="-28164" />
    <nd ref="-28165" />
    <nd ref="-28177" />
    <nd ref="-28181" />
    <nd ref="-28185" />
    <nd ref="-28184" />
    <nd ref="-28193" />
    <nd ref="-28192" />
    <nd ref="-28198" />
    <nd ref="-28197" />
    <nd ref="-28235" />
    <nd ref="-28236" />
    <nd ref="-28196" />
    <nd ref="-28195" />
    <nd ref="-28194" />
    <nd ref="-28237" />
    <nd ref="-28190" />
    <nd ref="-28189" />
    <nd ref="-28188" />
    <nd ref="-28187" />
    <nd ref="-28171" />
    <nd ref="-28172" />
    <nd ref="-28148" />
    <nd ref="-28149" />
    <nd ref="-28150" />
    <nd ref="-28151" />
    <tag k="indoor" v="corridor" />
    <tag k="level" v="1" />
    <tag k="name" v="Flur" />
    <tag k="ref" v="K-1.35" />
  </way>
  <way id="-4407" action="modify">
    <nd ref="-30107" />
    <nd ref="-30124" />
    <nd ref="-30125" />
    <nd ref="-30126" />
    <nd ref="-30127" />
    <nd ref="-30128" />
    <nd ref="-30129" />
    <nd ref="-30130" />
    <nd ref="-30131" />
    <nd ref="-30132" />
    <nd ref="-30133" />
    <nd ref="-30134" />
    <nd ref="-26608" />
    <nd ref="-33863" />
    <nd ref="-26609" />
    <nd ref="-30137" />
    <nd ref="-30138" />
    <nd ref="-30139" />
    <nd ref="-30140" />
    <nd ref="-30141" />
    <nd ref="-30142" />
    <nd ref="-30143" />
    <nd ref="-30144" />
    <nd ref="-30145" />
    <nd ref="-30146" />
    <nd ref="-32341" />
    <nd ref="-30148" />
    <nd ref="-30149" />
    <nd ref="-30150" />
    <nd ref="-30151" />
    <nd ref="-30152" />
    <nd ref="-30153" />
    <nd ref="-30154" />
    <nd ref="-30155" />
    <nd ref="-30156" />
    <nd ref="-30157" />
    <nd ref="-30158" />
    <nd ref="-30159" />
    <nd ref="-30117" />
    <nd ref="-33026" />
    <nd ref="-30115" />
    <nd ref="-30160" />
    <nd ref="-30161" />
    <nd ref="-30162" />
    <nd ref="-30163" />
    <nd ref="-30164" />
    <nd ref="-30165" />
    <nd ref="-30166" />
    <nd ref="-30167" />
    <nd ref="-30168" />
    <nd ref="-30169" />
    <nd ref="-30170" />
    <nd ref="-30171" />
    <nd ref="-30172" />
    <nd ref="-30173" />
    <nd ref="-30174" />
    <nd ref="-30175" />
    <nd ref="-30176" />
    <nd ref="-30177" />
    <nd ref="-30178" />
    <nd ref="-30179" />
    <nd ref="-30180" />
    <nd ref="-30181" />
    <nd ref="-30110" />
    <nd ref="-30109" />
    <nd ref="-32939" />
    <nd ref="-30107" />
    <tag k="indoor" v="corridor" />
    <tag k="level" v="2" />
    <tag k="name" v="Flur" />
    <tag k="ref" v="K-2.36" />
  </way>
  <way id="-4408" action="modify">
    <nd ref="-30113" />
    <nd ref="-30182" />
    <nd ref="-30160" />
    <nd ref="-30161" />
    <nd ref="-30183" />
    <nd ref="-30184" />
    <nd ref="-30185" />
    <nd ref="-30186" />
    <nd ref="-30187" />
    <nd ref="-30180" />
    <nd ref="-30181" />
    <nd ref="-30188" />
    <nd ref="-30189" />
    <nd ref="-30111" />
    <nd ref="-34942" />
    <nd ref="-30113" />
    <tag k="indoor" v="corridor" />
    <tag k="level" v="2" />
    <tag k="name" v="Flur" />
    <tag k="ref" v="K-2.38" />
  </way>
  <way id="-6378" action="modify">
    <nd ref="-33589" />
    <nd ref="-34328" />
    <nd ref="-26511" />
    <nd ref="-34347" />
    <nd ref="-31155" />
    <nd ref="-26513" />
    <nd ref="-26514" />
    <nd ref="-31156" />
    <nd ref="-34345" />
    <nd ref="-31528" />
    <nd ref="-29391" />
    <nd ref="-31528" />
    <nd ref="-34329" />
    <nd ref="-27906" />
    <nd ref="-34343" />
    <nd ref="-26335" />
    <nd ref="-26330" />
    <nd ref="-34341" />
    <nd ref="-26329" />
    <nd ref="-32793" />
    <nd ref="-27895" />
    <nd ref="-34330" />
    <nd ref="-33589" />
    <tag k="indoor" v="corridor" />
    <tag k="level" v="0" />
    <tag k="ref" v="K-E.36" />
  </way>
  <way id="-6468" action="modify">
    <nd ref="-27916" />
    <nd ref="-32561" />
    <nd ref="-26582" />
    <nd ref="-33005" />
    <nd ref="-26583" />
    <nd ref="-34996" />
    <nd ref="-26584" />
    <nd ref="-26585" />
    <nd ref="-34970" />
    <nd ref="-26675" />
    <nd ref="-26586" />
    <nd ref="-26587" />
    <nd ref="-32917" />
    <nd ref="-26588" />
    <nd ref="-30595" />
    <nd ref="-29391" />
    <nd ref="-31528" />
    <nd ref="-34345" />
    <nd ref="-31156" />
    <nd ref="-26514" />
    <nd ref="-26513" />
    <nd ref="-31155" />
    <nd ref="-34347" />
    <nd ref="-26511" />
    <nd ref="-27916" />
    <tag k="indoor" v="corridor" />
    <tag k="level" v="0" />
    <tag k="ref" v="K-E.34" />
  </way>
  <way id="-6527" action="modify">
    <nd ref="-30094" />
    <nd ref="-26296" />
    <nd ref="-26653" />
    <nd ref="-26582" />
    <nd ref="-32561" />
    <nd ref="-27916" />
    <nd ref="-30094" />
    <tag k="indoor" v="corridor" />
    <tag k="level" v="0" />
  </way>
  <way id="-6554" action="modify">
    <nd ref="-30595" />
    <nd ref="-30601" />
    <nd ref="-32134" />
    <nd ref="-30596" />
    <nd ref="-26338" />
    <nd ref="-26392" />
    <nd ref="-29391" />
    <nd ref="-30595" />
    <tag k="indoor" v="corridor" />
    <tag k="level" v="0" />
  </way>
  <way id="-8510" action="modify">
    <nd ref="-26647" />
    <nd ref="-33082" />
    <nd ref="-26641" />
    <nd ref="-26610" />
    <nd ref="-32320" />
    <nd ref="-30148" />
    <nd ref="-32086" />
    <nd ref="-34794" />
    <nd ref="-34406" />
    <nd ref="-34788" />
    <nd ref="-34809" />
    <nd ref="-32087" />
    <nd ref="-26647" />
    <tag k="indoor" v="corridor" />
    <tag k="level" v="0" />
  </way>
  <way id="-8697" action="modify">
    <nd ref="-28546" />
    <nd ref="-33862" />
    <nd ref="-26641" />
    <nd ref="-28221" />
    <nd ref="-28222" />
    <nd ref="-30148" />
    <nd ref="-32086" />
    <nd ref="-34794" />
    <nd ref="-34788" />
    <nd ref="-34809" />
    <nd ref="-32087" />
    <nd ref="-28546" />
    <tag k="indoor" v="corridor" />
    <tag k="level" v="1" />
  </way>
  <way id="-8729" action="modify">
    <nd ref="-26647" />
    <nd ref="-33864" />
    <nd ref="-26641" />
    <nd ref="-30146" />
    <nd ref="-32341" />
    <nd ref="-30148" />
    <nd ref="-32106" />
    <nd ref="-34794" />
    <nd ref="-34788" />
    <nd ref="-34809" />
    <nd ref="-32102" />
    <nd ref="-26647" />
    <tag k="indoor" v="corridor" />
    <tag k="level" v="2" />
  </way>
  <way id="-8822" action="modify">
    <nd ref="-30595" />
    <nd ref="-30601" />
    <nd ref="-32134" />
    <nd ref="-33427" />
    <nd ref="-33416" />
    <nd ref="-32135" />
    <nd ref="-33138" />
    <nd ref="-26620" />
    <nd ref="-26588" />
    <nd ref="-30595" />
    <tag k="indoor" v="corridor" />
    <tag k="level" v="0" />
  </way>
  <way id="-8893" action="modify">
    <nd ref="-30595" />
    <nd ref="-33204" />
    <nd ref="-32134" />
    <nd ref="-33791" />
    <nd ref="-33427" />
    <nd ref="-33416" />
    <nd ref="-33786" />
    <nd ref="-32135" />
    <nd ref="-33205" />
    <nd ref="-26620" />
    <nd ref="-28151" />
    <nd ref="-32276" />
    <nd ref="-30595" />
    <tag k="indoor" v="corridor" />
    <tag k="level" v="1" />
  </way>
  <way id="-8929" action="modify">
    <nd ref="-30595" />
    <nd ref="-32134" />
    <nd ref="-33791" />
    <nd ref="-33427" />
    <nd ref="-33416" />
    <nd ref="-32135" />
    <nd ref="-28199" />
    <nd ref="-30107" />
    <nd ref="-32297" />
    <nd ref="-30595" />
    <tag k="indoor" v="corridor" />
    <tag k="level" v="2" />
  </way>
  <way id="-9541" action="modify">
    <nd ref="-26296" />
    <nd ref="-32561" />
    <nd ref="-34348" />
    <nd ref="-33087" />
    <nd ref="-34995" />
    <nd ref="-34311" />
    <nd ref="-34346" />
    <nd ref="-33085" />
    <nd ref="-33137" />
    <tag k="highway" v="footway" />
    <tag k="level" v="0" />
  </way>
  <way id="-10583" action="modify">
    <nd ref="-33082" />
    <nd ref="-34823" />
    <nd ref="-32320" />
    <nd ref="-34298" />
    <nd ref="-34299" />
    <nd ref="-33088" />
    <nd ref="-34300" />
    <nd ref="-34301" />
    <nd ref="-33086" />
    <nd ref="-34302" />
    <nd ref="-33083" />
    <tag k="highway" v="footway" />
    <tag k="level" v="0" />
  </way>
  <way id="-10614" action="modify">
    <nd ref="-33085" />
    <nd ref="-32917" />
    <nd ref="-34310" />
    <nd ref="-34309" />
    <nd ref="-34308" />
    <nd ref="-34307" />
    <nd ref="-34306" />
    <nd ref="-34305" />
    <nd ref="-34304" />
    <nd ref="-34303" />
    <nd ref="-33086" />
    <tag k="highway" v="footway" />
    <tag k="level" v="0" />
  </way>
  <way id="-10638" action="modify">
    <nd ref="-33087" />
    <nd ref="-33005" />
    <nd ref="-34290" />
    <nd ref="-34291" />
    <nd ref="-34292" />
    <nd ref="-34293" />
    <nd ref="-34295" />
    <nd ref="-34294" />
    <nd ref="-34297" />
    <nd ref="-34296" />
    <nd ref="-33088" />
    <tag k="highway" v="footway" />
    <tag k="level" v="0" />
  </way>
  <way id="-10754" action="modify">
    <nd ref="-33137" />
    <nd ref="-30601" />
    <nd ref="-33143" />
    <nd ref="-33142" />
    <nd ref="-33141" />
    <nd ref="-33354" />
    <nd ref="-33138" />
    <tag k="highway" v="footway" />
    <tag k="level" v="0" />
  </way>
  <way id="-10906" action="modify">
    <nd ref="-33204" />
    <nd ref="-33426" />
    <nd ref="-33808" />
    <nd ref="-33205" />
    <tag k="highway" v="footway" />
    <tag k="level" v="1" />
  </way>
  <way id="-11248" action="modify">
    <nd ref="-33416" />
    <nd ref="-33422" />
    <nd ref="-33423" />
    <nd ref="-33427" />
    <tag k="highway" v="steps" />
    <tag k="level" v="0;1" />
  </way>
  <way id="-11281" action="modify">
    <nd ref="-33141" />
    <nd ref="-33416" />
    <tag k="highway" v="footway" />
    <tag k="level" v="0" />
  </way>
  <way id="-11304" action="modify">
    <nd ref="-32276" />
    <nd ref="-33426" />
    <nd ref="-33427" />
    <tag k="highway" v="footway" />
    <tag k="level" v="1" />
  </way>
  <way id="-11360" action="modify">
    <nd ref="-33437" />
    <nd ref="-33950" />
    <nd ref="-34997" />
    <nd ref="-34171" />
    <nd ref="-33952" />
    <nd ref="-32276" />
    <tag k="highway" v="footway" />
    <tag k="level" v="1" />
  </way>
  <way id="-11664" action="modify">
    <nd ref="-33137" />
    <nd ref="-26338" />
    <tag k="highway" v="footway" />
    <tag k="level" v="0" />
  </way>
  <way id="-11771" action="modify">
    <nd ref="-33786" />
    <nd ref="-33787" />
    <nd ref="-33788" />
    <nd ref="-33791" />
    <tag k="highway" v="steps" />
    <tag k="level" v="1;2" />
  </way>
  <way id="-11831" action="modify">
    <nd ref="-33808" />
    <nd ref="-33786" />
    <tag k="highway" v="footway" />
    <tag k="level" v="1" />
  </way>
  <way id="-11854" action="modify">
    <nd ref="-32297" />
    <nd ref="-33791" />
    <tag k="highway" v="footway" />
    <tag k="level" v="2" />
  </way>
  <way id="-11899" action="modify">
    <nd ref="-33812" />
    <nd ref="-33955" />
    <nd ref="-34259" />
    <nd ref="-34999" />
    <nd ref="-34281" />
    <nd ref="-33958" />
    <nd ref="-34258" />
    <nd ref="-32297" />
    <tag k="highway" v="footway" />
    <tag k="level" v="2" />
  </way>
  <way id="-12013" action="modify">
    <nd ref="-33861" />
    <nd ref="-34158" />
    <nd ref="-33951" />
    <nd ref="-34157" />
    <nd ref="-34156" />
    <nd ref="-33949" />
    <nd ref="-34155" />
    <nd ref="-34154" />
    <nd ref="-28222" />
    <nd ref="-34825" />
    <nd ref="-33862" />
    <tag k="highway" v="footway" />
    <tag k="level" v="1" />
  </way>
  <way id="-12037" action="modify">
    <nd ref="-33863" />
    <nd ref="-34272" />
    <nd ref="-33957" />
    <nd ref="-34271" />
    <nd ref="-34270" />
    <nd ref="-34269" />
    <nd ref="-33954" />
    <nd ref="-34268" />
    <nd ref="-32341" />
    <nd ref="-34835" />
    <nd ref="-33864" />
    <tag k="highway" v="footway" />
    <tag k="level" v="2" />
  </way>
  <way id="-12198" action="modify">
    <nd ref="-33949" />
    <nd ref="-34153" />
    <nd ref="-34167" />
    <nd ref="-34152" />
    <nd ref="-34168" />
    <nd ref="-34169" />
    <nd ref="-34151" />
    <nd ref="-34150" />
    <nd ref="-34149" />
    <nd ref="-28142" />
    <nd ref="-33950" />
    <nd ref="-34098" />
    <nd ref="-34099" />
    <tag k="highway" v="footway" />
    <tag k="level" v="1" />
  </way>
  <way id="-12223" action="modify">
    <nd ref="-33951" />
    <nd ref="-34159" />
    <nd ref="-34166" />
    <nd ref="-34160" />
    <nd ref="-34161" />
    <nd ref="-34165" />
    <nd ref="-34164" />
    <nd ref="-34162" />
    <nd ref="-34163" />
    <nd ref="-28150" />
    <nd ref="-33952" />
    <nd ref="-34096" />
    <nd ref="-34097" />
    <tag k="highway" v="footway" />
    <tag k="level" v="1" />
  </way>
  <way id="-12248" action="modify">
    <nd ref="-33954" />
    <nd ref="-34266" />
    <nd ref="-34267" />
    <nd ref="-34264" />
    <nd ref="-34265" />
    <nd ref="-34263" />
    <nd ref="-34262" />
    <nd ref="-34261" />
    <nd ref="-34260" />
    <nd ref="-33026" />
    <nd ref="-33955" />
    <tag k="highway" v="footway" />
    <tag k="level" v="2" />
  </way>
  <way id="-12274" action="modify">
    <nd ref="-33957" />
    <nd ref="-34273" />
    <nd ref="-34274" />
    <nd ref="-34275" />
    <nd ref="-34276" />
    <nd ref="-34277" />
    <nd ref="-34278" />
    <nd ref="-34279" />
    <nd ref="-34280" />
    <nd ref="-32939" />
    <nd ref="-33958" />
    <tag k="highway" v="footway" />
    <tag k="level" v="2" />
  </way>
  <way id="-12638" action="modify">
    <nd ref="-29641" />
    <nd ref="-34096" />
    <nd ref="-34148" />
    <nd ref="-34098" />
    <nd ref="-34060" />
    <tag k="highway" v="footway" />
    <tag k="level" v="1" />
  </way>
  <way id="-12739" action="modify">
    <nd ref="-29611" />
    <nd ref="-34148" />
    <tag k="highway" v="footway" />
    <tag k="level" v="1" />
  </way>
  <way id="-12790" action="modify">
    <nd ref="-28558" />
    <nd ref="-34149" />
    <tag k="highway" v="footway" />
    <tag k="level" v="1" />
  </way>
  <way id="-12812" action="modify">
    <nd ref="-28555" />
    <nd ref="-34150" />
    <tag k="highway" v="footway" />
    <tag k="level" v="1" />
  </way>
  <way id="-12834" action="modify">
    <nd ref="-28551" />
    <nd ref="-34151" />
    <tag k="highway" v="footway" />
    <tag k="level" v="1" />
  </way>
  <way id="-12856" action="modify">
    <nd ref="-28548" />
    <nd ref="-34152" />
    <tag k="highway" v="footway" />
    <tag k="level" v="1" />
  </way>
  <way id="-12878" action="modify">
    <nd ref="-28543" />
    <nd ref="-34153" />
    <tag k="highway" v="footway" />
    <tag k="level" v="1" />
  </way>
  <way id="-12900" action="modify">
    <nd ref="-28481" />
    <nd ref="-34154" />
    <tag k="highway" v="footway" />
    <tag k="level" v="1" />
  </way>
  <way id="-12922" action="modify">
    <nd ref="-28485" />
    <nd ref="-34155" />
    <tag k="highway" v="footway" />
    <tag k="level" v="1" />
  </way>
  <way id="-12944" action="modify">
    <nd ref="-28488" />
    <nd ref="-34156" />
    <tag k="highway" v="footway" />
    <tag k="level" v="1" />
  </way>
  <way id="-12966" action="modify">
    <nd ref="-28491" />
    <nd ref="-34157" />
    <tag k="highway" v="footway" />
    <tag k="level" v="1" />
  </way>
  <way id="-12988" action="modify">
    <nd ref="-28494" />
    <nd ref="-34158" />
    <tag k="highway" v="footway" />
    <tag k="level" v="1" />
  </way>
  <way id="-13010" action="modify">
    <nd ref="-28457" />
    <nd ref="-34159" />
    <tag k="highway" v="footway" />
    <tag k="level" v="1" />
  </way>
  <way id="-13032" action="modify">
    <nd ref="-28454" />
    <nd ref="-34160" />
    <tag k="highway" v="footway" />
    <tag k="level" v="1" />
  </way>
  <way id="-13054" action="modify">
    <nd ref="-28451" />
    <nd ref="-34161" />
    <tag k="highway" v="footway" />
    <tag k="level" v="1" />
  </way>
  <way id="-13076" action="modify">
    <nd ref="-28448" />
    <nd ref="-34162" />
    <tag k="highway" v="footway" />
    <tag k="level" v="1" />
  </way>
  <way id="-13098" action="modify">
    <nd ref="-28445" />
    <nd ref="-34163" />
    <tag k="highway" v="footway" />
    <tag k="level" v="1" />
  </way>
  <way id="-13120" action="modify">
    <nd ref="-28189" />
    <nd ref="-34164" />
    <tag k="highway" v="footway" />
    <tag k="level" v="1" />
  </way>
  <way id="-13142" action="modify">
    <nd ref="-28283" />
    <nd ref="-34165" />
    <tag k="highway" v="footway" />
    <tag k="level" v="1" />
  </way>
  <way id="-13186" action="modify">
    <nd ref="-34166" />
    <nd ref="-28195" />
    <nd ref="-35432" />
    <nd ref="-28198" />
    <nd ref="-34167" />
    <tag k="highway" v="footway" />
    <tag k="level" v="1" />
  </way>
  <way id="-13208" action="modify">
    <nd ref="-28193" />
    <nd ref="-34168" />
    <tag k="highway" v="footway" />
    <tag k="level" v="1" />
  </way>
  <way id="-13230" action="modify">
    <nd ref="-28185" />
    <nd ref="-34169" />
    <tag k="highway" v="footway" />
    <tag k="level" v="1" />
  </way>
  <way id="-13254" action="modify">
    <nd ref="-34171" />
    <nd ref="-28146" />
    <nd ref="-34175" />
    <nd ref="-28168" />
    <tag k="highway" v="footway" />
    <tag k="level" v="1" />
  </way>
  <way id="-13279" action="modify">
    <nd ref="-28176" />
    <nd ref="-28166" />
    <nd ref="-34174" />
    <nd ref="-34175" />
    <nd ref="-34176" />
    <nd ref="-28271" />
    <nd ref="-28274" />
    <tag k="highway" v="footway" />
    <tag k="level" v="1" />
  </way>
  <way id="-13371" action="modify">
    <nd ref="-34202" />
    <nd ref="-34255" />
    <nd ref="-34256" />
    <nd ref="-34257" />
    <nd ref="-34203" />
    <tag k="highway" v="footway" />
    <tag k="level" v="2" />
  </way>
  <way id="-13400" action="modify">
    <nd ref="-30885" />
    <nd ref="-34255" />
    <nd ref="-34259" />
    <tag k="highway" v="footway" />
    <tag k="level" v="2" />
  </way>
  <way id="-13430" action="modify">
    <nd ref="-30920" />
    <nd ref="-34256" />
    <tag k="highway" v="footway" />
    <tag k="level" v="2" />
  </way>
  <way id="-13452" action="modify">
    <nd ref="-30951" />
    <nd ref="-34257" />
    <nd ref="-34258" />
    <tag k="highway" v="footway" />
    <tag k="level" v="2" />
  </way>
  <way id="-13478" action="modify">
    <nd ref="-30159" />
    <nd ref="-34260" />
    <tag k="highway" v="footway" />
    <tag k="level" v="2" />
  </way>
  <way id="-13500" action="modify">
    <nd ref="-30374" />
    <nd ref="-34261" />
    <tag k="highway" v="footway" />
    <tag k="level" v="2" />
  </way>
  <way id="-13522" action="modify">
    <nd ref="-30375" />
    <nd ref="-34262" />
    <tag k="highway" v="footway" />
    <tag k="level" v="2" />
  </way>
  <way id="-13544" action="modify">
    <nd ref="-30516" />
    <nd ref="-34263" />
    <tag k="highway" v="footway" />
    <tag k="level" v="2" />
  </way>
  <way id="-13566" action="modify">
    <nd ref="-30378" />
    <nd ref="-34264" />
    <tag k="highway" v="footway" />
    <tag k="level" v="2" />
  </way>
  <way id="-13588" action="modify">
    <nd ref="-30432" />
    <nd ref="-34265" />
    <tag k="highway" v="footway" />
    <tag k="level" v="2" />
  </way>
  <way id="-13610" action="modify">
    <nd ref="-30382" />
    <nd ref="-34266" />
    <tag k="highway" v="footway" />
    <tag k="level" v="2" />
  </way>
  <way id="-13654" action="modify">
    <nd ref="-30386" />
    <nd ref="-34268" />
    <tag k="highway" v="footway" />
    <tag k="level" v="2" />
  </way>
  <way id="-13676" action="modify">
    <nd ref="-30390" />
    <nd ref="-34269" />
    <tag k="highway" v="footway" />
    <tag k="level" v="2" />
  </way>
  <way id="-13698" action="modify">
    <nd ref="-30393" />
    <nd ref="-34270" />
    <tag k="highway" v="footway" />
    <tag k="level" v="2" />
  </way>
  <way id="-13720" action="modify">
    <nd ref="-30401" />
    <nd ref="-34271" />
    <tag k="highway" v="footway" />
    <tag k="level" v="2" />
  </way>
  <way id="-13742" action="modify">
    <nd ref="-30397" />
    <nd ref="-34272" />
    <tag k="highway" v="footway" />
    <tag k="level" v="2" />
  </way>
  <way id="-13764" action="modify">
    <nd ref="-30406" />
    <nd ref="-34273" />
    <tag k="highway" v="footway" />
    <tag k="level" v="2" />
  </way>
  <way id="-13808" action="modify">
    <nd ref="-30409" />
    <nd ref="-34275" />
    <tag k="highway" v="footway" />
    <tag k="level" v="2" />
  </way>
  <way id="-13830" action="modify">
    <nd ref="-30412" />
    <nd ref="-34276" />
    <tag k="highway" v="footway" />
    <tag k="level" v="2" />
  </way>
  <way id="-13852" action="modify">
    <nd ref="-30425" />
    <nd ref="-34277" />
    <tag k="highway" v="footway" />
    <tag k="level" v="2" />
  </way>
  <way id="-13874" action="modify">
    <nd ref="-30518" />
    <nd ref="-34278" />
    <tag k="highway" v="footway" />
    <tag k="level" v="2" />
  </way>
  <way id="-13896" action="modify">
    <nd ref="-30415" />
    <nd ref="-34279" />
    <tag k="highway" v="footway" />
    <tag k="level" v="2" />
  </way>
  <way id="-13918" action="modify">
    <nd ref="-30418" />
    <nd ref="-34280" />
    <tag k="highway" v="footway" />
    <tag k="level" v="2" />
  </way>
  <way id="-13940" action="modify">
    <nd ref="-30526" />
    <nd ref="-34283" />
    <nd ref="-34942" />
    <nd ref="-34281" />
    <tag k="highway" v="footway" />
    <tag k="level" v="2" />
  </way>
  <way id="-13963" action="modify">
    <nd ref="-30524" />
    <nd ref="-30521" />
    <nd ref="-34282" />
    <nd ref="-34283" />
    <nd ref="-34285" />
    <nd ref="-34284" />
    <nd ref="-30531" />
    <nd ref="-30534" />
    <tag k="highway" v="footway" />
    <tag k="level" v="2" />
  </way>
  <way id="-13991" action="modify">
    <nd ref="-30537" />
    <nd ref="-34285" />
    <tag k="highway" v="footway" />
    <tag k="level" v="2" />
  </way>
  <way id="-14021" action="modify">
    <nd ref="-26654" />
    <nd ref="-34290" />
    <tag k="highway" v="footway" />
    <tag k="level" v="0" />
  </way>
  <way id="-14044" action="modify">
    <nd ref="-26655" />
    <nd ref="-34291" />
    <tag k="highway" v="footway" />
    <tag k="level" v="0" />
  </way>
  <way id="-14066" action="modify">
    <nd ref="-26656" />
    <nd ref="-34292" />
    <tag k="highway" v="footway" />
    <tag k="level" v="0" />
  </way>
  <way id="-14088" action="modify">
    <nd ref="-26730" />
    <nd ref="-34293" />
    <tag k="highway" v="footway" />
    <tag k="level" v="0" />
  </way>
  <way id="-14110" action="modify">
    <nd ref="-26657" />
    <nd ref="-34294" />
    <tag k="highway" v="footway" />
    <tag k="level" v="0" />
  </way>
  <way id="-14132" action="modify">
    <nd ref="-26733" />
    <nd ref="-34295" />
    <tag k="highway" v="footway" />
    <tag k="level" v="0" />
  </way>
  <way id="-14154" action="modify">
    <nd ref="-26658" />
    <nd ref="-34296" />
    <tag k="highway" v="footway" />
    <tag k="level" v="0" />
  </way>
  <way id="-14176" action="modify">
    <nd ref="-34304" />
    <nd ref="-26735" />
    <nd ref="-35430" />
    <nd ref="-26734" />
    <nd ref="-34297" />
    <tag k="highway" v="footway" />
    <tag k="level" v="0" />
  </way>
  <way id="-14198" action="modify">
    <nd ref="-26659" />
    <nd ref="-34298" />
    <tag k="highway" v="footway" />
    <tag k="level" v="0" />
  </way>
  <way id="-14220" action="modify">
    <nd ref="-26660" />
    <nd ref="-34299" />
    <tag k="highway" v="footway" />
    <tag k="level" v="0" />
  </way>
  <way id="-14242" action="modify">
    <nd ref="-26661" />
    <nd ref="-34300" />
    <tag k="highway" v="footway" />
    <tag k="level" v="0" />
  </way>
  <way id="-14264" action="modify">
    <nd ref="-26662" />
    <nd ref="-34301" />
    <tag k="highway" v="footway" />
    <tag k="level" v="0" />
  </way>
  <way id="-14286" action="modify">
    <nd ref="-26663" />
    <nd ref="-34302" />
    <tag k="highway" v="footway" />
    <tag k="level" v="0" />
  </way>
  <way id="-14308" action="modify">
    <nd ref="-26664" />
    <nd ref="-34303" />
    <tag k="highway" v="footway" />
    <tag k="level" v="0" />
  </way>
  <way id="-14352" action="modify">
    <nd ref="-26665" />
    <nd ref="-34305" />
    <tag k="highway" v="footway" />
    <tag k="level" v="0" />
  </way>
  <way id="-14374" action="modify">
    <nd ref="-26666" />
    <nd ref="-34306" />
    <tag k="highway" v="footway" />
    <tag k="level" v="0" />
  </way>
  <way id="-14396" action="modify">
    <nd ref="-35345" />
    <nd ref="-26732" />
    <nd ref="-34307" />
    <tag k="highway" v="footway" />
    <tag k="level" v="0" />
  </way>
  <way id="-14418" action="modify">
    <nd ref="-26731" />
    <nd ref="-34308" />
    <tag k="highway" v="footway" />
    <tag k="level" v="0" />
  </way>
  <way id="-14440" action="modify">
    <nd ref="-26667" />
    <nd ref="-34309" />
    <tag k="highway" v="footway" />
    <tag k="level" v="0" />
  </way>
  <way id="-14462" action="modify">
    <nd ref="-26668" />
    <nd ref="-34310" />
    <tag k="highway" v="footway" />
    <tag k="level" v="0" />
  </way>
  <way id="-14484" action="modify">
    <nd ref="-26726" />
    <nd ref="-34314" />
    <nd ref="-34970" />
    <nd ref="-34311" />
    <tag k="highway" v="footway" />
    <tag k="level" v="0" />
  </way>
  <way id="-14507" action="modify">
    <nd ref="-26728" />
    <nd ref="-26727" />
    <nd ref="-34313" />
    <nd ref="-34314" />
    <nd ref="-34317" />
    <nd ref="-34315" />
    <nd ref="-26725" />
    <nd ref="-26729" />
    <tag k="highway" v="footway" />
    <tag k="level" v="0" />
  </way>
  <way id="-14535" action="modify">
    <nd ref="-26724" />
    <nd ref="-34317" />
    <tag k="highway" v="footway" />
    <tag k="level" v="0" />
  </way>
  <way id="-14600" action="modify">
    <nd ref="-35546" />
    <nd ref="-34328" />
    <nd ref="-34331" />
    <nd ref="-34342" />
    <nd ref="-34344" />
    <nd ref="-34329" />
    <tag k="highway" v="footway" />
    <tag k="level" v="0" />
  </way>
  <way id="-14625" action="modify">
    <nd ref="-34330" />
    <nd ref="-34331" />
    <nd ref="-34347" />
    <nd ref="-34348" />
    <tag k="highway" v="footway" />
    <tag k="level" v="0" />
  </way>
  <way id="-14659" action="modify">
    <nd ref="-34341" />
    <nd ref="-34342" />
    <tag k="highway" v="footway" />
    <tag k="level" v="0" />
  </way>
  <way id="-14683" action="modify">
    <nd ref="-34343" />
    <nd ref="-34344" />
    <nd ref="-34345" />
    <nd ref="-34346" />
    <tag k="highway" v="footway" />
    <tag k="level" v="0" />
  </way>
  <way id="-15037" action="modify">
    <nd ref="-30150" />
    <nd ref="-34495" />
    <nd ref="-34749" />
    <nd ref="-34561" />
    <nd ref="-34496" />
    <nd ref="-30149" />
    <nd ref="-30150" />
    <tag k="indoor" v="corridor" />
    <tag k="level" v="0.5" />
  </way>
  <way id="-15180" action="modify">
    <nd ref="-34406" />
    <nd ref="-34561" />
    <tag k="highway" v="steps" />
    <tag k="level" v="0;0.5" />
  </way>
  <way id="-15208" action="modify">
    <nd ref="-34749" />
    <nd ref="-34788" />
    <tag k="highway" v="steps" />
    <tag k="level" v="0.5;1" />
  </way>
  <way id="-15280" action="modify">
    <nd ref="-34561" />
    <nd ref="-34598" />
    <nd ref="-34599" />
    <nd ref="-34749" />
    <tag k="highway" v="footway" />
    <tag k="level" v="0.5" />
  </way>
  <way id="-15341" action="modify">
    <nd ref="-34634" />
    <nd ref="-34635" />
    <nd ref="-34657" />
    <nd ref="-34749" />
    <nd ref="-34636" />
    <nd ref="-34654" />
    <nd ref="-34638" />
    <nd ref="-34639" />
    <nd ref="-34634" />
    <tag k="indoor" v="corridor" />
    <tag k="level" v="1.5" />
  </way>
  <way id="-15365" action="modify">
    <nd ref="-34654" />
    <nd ref="-34655" />
    <nd ref="-34656" />
    <nd ref="-34657" />
    <tag k="highway" v="footway" />
    <tag k="level" v="1.5" />
  </way>
  <way id="-15577" action="modify">
    <nd ref="-34794" />
    <nd ref="-34654" />
    <tag k="highway" v="steps" />
    <tag k="level" v="1;1.5" />
  </way>
  <way id="-15620" action="modify">
    <nd ref="-34657" />
    <nd ref="-34809" />
    <tag k="highway" v="steps" />
    <tag k="level" v="1.5;2" />
  </way>
  <way id="-15703" action="modify">
    <nd ref="-34823" />
    <nd ref="-34824" />
    <nd ref="-34406" />
    <tag k="highway" v="footway" />
    <tag k="level" v="0" />
  </way>
  <way id="-15727" action="modify">
    <nd ref="-34825" />
    <nd ref="-34827" />
    <nd ref="-34826" />
    <nd ref="-34788" />
    <tag k="highway" v="footway" />
    <tag k="level" v="1" />
  </way>
  <way id="-15751" action="modify">
    <nd ref="-34827" />
    <nd ref="-34794" />
    <tag k="highway" v="footway" />
    <tag k="level" v="1" />
  </way>
  <way id="-15780" action="modify">
    <nd ref="-34835" />
    <nd ref="-34836" />
    <nd ref="-34809" />
    <tag k="highway" v="footway" />
    <tag k="level" v="2" />
  </way>
  <way id="-15980" action="modify">
    <nd ref="-34995" />
    <nd ref="-34996" />
    <nd ref="-35122" />
    <tag k="highway" v="footway" />
    <tag k="level" v="0" />
  </way>
  <way id="-16008" action="modify">
    <nd ref="-34997" />
    <nd ref="-34998" />
    <nd ref="-35122" />
    <tag k="highway" v="footway" />
    <tag k="level" v="1" />
  </way>
  <way id="-16034" action="modify">
    <nd ref="-34999" />
    <nd ref="-35000" />
    <nd ref="-35122" />
    <tag k="highway" v="footway" />
    <tag k="level" v="2" />
  </way>
  <way id="-16241" action="modify">
    <nd ref="-28237" />
    <nd ref="-35386" />
    <tag k="highway" v="footway" />
    <tag k="level" v="1" />
  </way>
  <way id="-16275" action="modify">
    <nd ref="-30175" />
    <nd ref="-35403" />
    <tag k="highway" v="footway" />
    <tag k="level" v="2" />
  </way>
  <way id="-16322" action="modify">
    <nd ref="-35268" />
    <nd ref="-35430" />
    <tag k="highway" v="footway" />
    <tag k="level" v="0" />
  </way>
  <way id="-16349" action="modify">
    <nd ref="-35304" />
    <nd ref="-35432" />
    <tag k="highway" v="footway" />
    <tag k="level" v="1" />
  </way>
  <way id="-16393" action="modify">
    <nd ref="-34267" />
    <nd ref="-30168" />
    <nd ref="-35447" />
    <nd ref="-30173" />
    <nd ref="-34274" />
    <tag k="highway" v="footway" />
    <tag k="level" v="2" />
  </way>
  <way id="-16417" action="modify">
    <nd ref="-35328" />
    <nd ref="-35447" />
    <tag k="highway" v="footway" />
    <tag k="level" v="2" />
  </way>
  <way id="4778620" timestamp="2023-02-25T17:45:43Z" uid="1468248" user="PantherStrix" version="21" changeset="133016075">
    <nd ref="30570787" />
    <nd ref="5144960786" />
    <nd ref="10693407022" />
    <nd ref="10693406745" />
    <nd ref="10693406740" />
    <nd ref="10693406738" />
    <nd ref="10693406736" />
    <nd ref="1667653878" />
    <tag k="cycleway:both" v="no" />
    <tag k="highway" v="residential" />
    <tag k="lanes" v="2" />
    <tag k="lit" v="yes" />
    <tag k="maxspeed" v="30" />
    <tag k="name" v="Steinstraße" />
    <tag k="name:etymology:wikidata" v="Q515015" />
    <tag k="name:etymology:wikipedia" v="de:Steinstücken" />
    <tag k="parking:both" v="lane" />
    <tag k="parking:both:orientation" v="parallel" />
    <tag k="postal_code" v="14482" />
    <tag k="sidewalk" v="both" />
    <tag k="source:maxspeed" v="DE:zone30" />
    <tag k="surface" v="sett" />
  </way>
  <way id="4778621" timestamp="2025-08-01T14:08:02Z" uid="23034332" user="fmc_8" version="18" changeset="169820548">
    <nd ref="27318284" />
    <nd ref="27318285" />
    <tag k="bridge" v="yes" />
    <tag k="cycleway:both" v="no" />
    <tag k="highway" v="residential" />
    <tag k="layer" v="1" />
    <tag k="lit" v="yes" />
    <tag k="mapillary" v="1037781494683869" />
    <tag k="maxspeed" v="30" />
    <tag k="maxweight:signed" v="no" />
    <tag k="name" v="Stahnsdorfer Straße" />
    <tag k="name:etymology:wikidata" v="Q640426" />
    <tag k="name:etymology:wikipedia" v="de:Stahnsdorf" />
    <tag k="parking:both" v="no" />
    <tag k="postal_code" v="14482" />
    <tag k="sidewalk" v="right" />
    <tag k="sidewalk:right:surface" v="asphalt" />
    <tag k="smoothness" v="good" />
    <tag k="source:maxspeed" v="sign" />
    <tag k="surface" v="asphalt" />
  </way>
  <way id="4778622" timestamp="2025-08-01T14:08:02Z" uid="23034332" user="fmc_8" version="16" changeset="169820548">
    <nd ref="27318285" />
    <nd ref="7777895325" />
    <nd ref="27318287" />
    <tag k="cycleway:both" v="no" />
    <tag k="highway" v="residential" />
    <tag k="lit" v="yes" />
    <tag k="mapillary" v="823674956146942" />
    <tag k="maxspeed" v="30" />
    <tag k="name" v="Stahnsdorfer Straße" />
    <tag k="name:etymology:wikidata" v="Q640426" />
    <tag k="name:etymology:wikipedia" v="de:Stahnsdorf" />
    <tag k="parking:both" v="no" />
    <tag k="sidewalk" v="right" />
    <tag k="sidewalk:right:surface" v="paving_stones" />
    <tag k="smoothness" v="good" />
    <tag k="source:maxspeed" v="sign" />
    <tag k="surface" v="asphalt" />
  </way>
  <way id="4779619" timestamp="2025-10-19T06:30:25Z" uid="23034323" user="fmc_6" version="9" changeset="173476229">
    <nd ref="10984927172" />
    <nd ref="10984927171" />
    <nd ref="30582596" />
    <nd ref="30582597" />
    <nd ref="7476211541" />
    <nd ref="30582599" />
    <nd ref="7476211539" />
    <nd ref="673428017" />
    <nd ref="7476211538" />
    <nd ref="30582600" />
    <nd ref="393094479" />
    <nd ref="1262098136" />
    <nd ref="4537367325" />
    <nd ref="4537367324" />
    <nd ref="10015345945" />
    <nd ref="10015345946" />
    <nd ref="588397686" />
    <nd ref="30582602" />
    <tag k="bicycle" v="designated" />
    <tag k="foot" v="designated" />
    <tag k="highway" v="path" />
    <tag k="is_sidepath" v="no" />
    <tag k="lit" v="no" />
    <tag k="mtb:scale" v="0" />
    <tag k="oneway" v="no" />
    <tag k="segregated" v="no" />
    <tag k="surface" v="asphalt" />
  </way>
  <way id="4779620" timestamp="2025-11-01T22:33:28Z" uid="23034323" user="fmc_6" version="10" changeset="174082550">
    <nd ref="27318287" />
    <nd ref="10984927173" />
    <nd ref="10984927174" />
    <nd ref="1403896370" />
    <nd ref="5329585048" />
    <tag k="bicycle" v="yes" />
    <tag k="foot" v="yes" />
    <tag k="highway" v="path" />
    <tag k="horse" v="no" />
    <tag k="incline" v="up" />
    <tag k="lit" v="no" />
    <tag k="motor_vehicle" v="no" />
    <tag k="mtb:scale" v="0" />
    <tag k="mtb:scale:imba" v="0" />
    <tag k="mtb:scale:uphill" v="0" />
    <tag k="sac_scale" v="hiking" />
    <tag k="source:width" v="Luftbild 2025" />
    <tag k="surface" v="dirt" />
    <tag k="trail_visibility" v="excellent" />
    <tag k="width" v="2" />
  </way>
  <way id="4779627" timestamp="2025-09-25T21:17:49Z" uid="23277257" user="Openminded320" version="22" changeset="172459065">
    <nd ref="5329585048" />
    <nd ref="1403896371" />
    <nd ref="296940070" />
    <nd ref="7476393203" />
    <nd ref="588653342" />
    <nd ref="588653348" />
    <nd ref="30582718" />
    <nd ref="296940074" />
    <nd ref="30582717" />
    <nd ref="30582716" />
    <nd ref="30582663" />
    <nd ref="495567339" />
    <nd ref="10808295414" />
    <nd ref="30582683" />
    <nd ref="258897581" />
    <nd ref="4537367323" />
    <nd ref="13172032545" />
    <nd ref="4537367322" />
    <nd ref="1802619937" />
    <nd ref="1802619923" />
    <nd ref="30582687" />
    <tag k="highway" v="track" />
    <tag k="lit" v="no" />
    <tag k="motor_vehicle" v="forestry" />
    <tag k="smoothness" v="bad" />
    <tag k="surface" v="sand" />
    <tag k="tracktype" v="grade3" />
    <tag k="width" v="2.5" />
  </way>
  <way id="10368716" timestamp="2025-02-01T17:18:12Z" uid="1468248" user="PantherStrix" version="28" changeset="162019155">
    <nd ref="30570808" />
    <nd ref="11324283372" />
    <nd ref="7942871408" />
    <nd ref="9761100543" />
    <nd ref="270798540" />
    <tag k="cycleway:both" v="no" />
    <tag k="highway" v="residential" />
    <tag k="lane_markings" v="no" />
    <tag k="lit" v="yes" />
    <tag k="maxspeed" v="50" />
    <tag k="maxspeed:conditional" v="30 @ (06:30-17:30)" />
    <tag k="name" v="Karl-Marx-Straße" />
    <tag k="old_name:1870-1938" v="Kaiserstraße" />
    <tag k="old_name:1938-1945" v="Straße der SA" />
    <tag k="parking:both" v="lane" />
    <tag k="parking:both:orientation" v="parallel" />
    <tag k="parking:lane:parallel" v="on_street" />
    <tag k="postal_code" v="14482" />
    <tag k="sidewalk:both" v="separate" />
    <tag k="surface" v="asphalt" />
  </way>
  <way id="10612721" timestamp="2026-04-12T07:06:28Z" uid="9607" user="hfs" version="23" changeset="181216322">
    <nd ref="30569600" />
    <nd ref="5730050753" />
    <nd ref="11324279849" />
    <nd ref="4999321454" />
    <nd ref="92824862" />
    <tag k="access:conditional" v="no @ (2026 Mar 1 - 2027 Mar 31)" />
    <tag k="check_date" v="2026-04-12" />
    <tag k="cycleway:left" v="lane" />
    <tag k="cycleway:left:lane" v="advisory" />
    <tag k="cycleway:right" v="separate" />
    <tag k="highway" v="construction" />
    <tag k="lanes" v="2" />
    <tag k="lit" v="yes" />
    <tag k="maxheight" v="3.7" />
    <tag k="maxspeed" v="50" />
    <tag k="name" v="August-Bebel-Straße" />
    <tag k="name:etymology:wikidata" v="Q76520" />
    <tag k="name:etymology:wikipedia" v="de:August Bebel" />
    <tag k="old_name:1927-1938" v="Böckmannstraße" />
    <tag k="old_name:1927-1938:etymology:wikidata" v="Q73673" />
    <tag k="old_name:1938-1945" v="Filmakademiestraße" />
    <tag k="old_name:1938-1945:etymology:wikidata" v="Q1202527" />
    <tag k="sidewalk:both" v="separate" />
    <tag k="source:maxspeed" v="sign" />
    <tag k="surface" v="asphalt" />
    <tag k="wikidata" v="Q100349322" />
    <tag k="wikimedia_commons" v="Category:August-Bebel-Straße (Potsdam)" />
  </way>
  <way id="10612724" timestamp="2026-03-04T15:45:25Z" uid="16371836" user="Till_btn" version="26" changeset="179355835">
    <nd ref="928110519" />
    <nd ref="928110049" />
    <tag k="access:conditional" v="no @ (2026 Mar 1 - 2027 Mar 31)" />
    <tag k="cycleway:left" v="lane" />
    <tag k="cycleway:left:lane" v="advisory" />
    <tag k="cycleway:right" v="separate" />
    <tag k="highway" v="construction" />
    <tag k="lanes" v="2" />
    <tag k="lit" v="yes" />
    <tag k="maxspeed" v="50" />
    <tag k="name" v="August-Bebel-Straße" />
    <tag k="name:etymology:wikidata" v="Q76520" />
    <tag k="name:etymology:wikipedia" v="de:August Bebel" />
    <tag k="old_name:1927-1938" v="Böckmannstraße" />
    <tag k="old_name:1927-1938:etymology:wikidata" v="Q73673" />
    <tag k="old_name:1938-1945" v="Filmakademiestraße" />
    <tag k="old_name:1938-1945:etymology:wikidata" v="Q1202527" />
    <tag k="sidewalk:both" v="separate" />
    <tag k="smoothness" v="good" />
    <tag k="source:maxspeed" v="sign" />
    <tag k="surface" v="asphalt" />
    <tag k="wikidata" v="Q100349322" />
    <tag k="wikimedia_commons" v="Category:August-Bebel-Straße (Potsdam)" />
  </way>
  <way id="10612847" timestamp="2025-03-16T19:44:24Z" uid="1468248" user="PantherStrix" version="33" changeset="163703942">
    <nd ref="928110049" />
    <nd ref="11324279830" />
    <nd ref="937676089" />
    <nd ref="9215892568" />
    <nd ref="5613991733" />
    <tag k="cycleway:both" v="no" />
    <tag k="highway" v="residential" />
    <tag k="lanes" v="2" />
    <tag k="lit" v="yes" />
    <tag k="maxspeed" v="50" />
    <tag k="name" v="Prof.-Dr.-Helmert-Straße" />
    <tag k="parking:both" v="no" />
    <tag k="parking:both:restriction" v="no_stopping" />
    <tag k="postal_code" v="14482" />
    <tag k="sidewalk" v="right" />
    <tag k="sidewalk:right:surface" v="paving_stones" />
    <tag k="smoothness" v="good" />
    <tag k="source:maxspeed" v="sign" />
    <tag k="surface" v="asphalt" />
  </way>
  <way id="21380688" timestamp="2025-12-12T16:03:07Z" uid="16371836" user="Till_btn" version="23" changeset="175853336">
    <nd ref="30581511" />
    <nd ref="6899918781" />
    <nd ref="30581509" />
    <nd ref="30581507" />
    <nd ref="8256336448" />
    <nd ref="8256336487" />
    <nd ref="8256336454" />
    <nd ref="30570816" />
    <tag k="cycleway:both" v="no" />
    <tag k="highway" v="tertiary" />
    <tag k="lane_markings" v="no" />
    <tag k="lit" v="yes" />
    <tag k="maxspeed" v="30" />
    <tag k="maxspeed:type" v="sign" />
    <tag k="name" v="Rudolf-Breitscheid-Straße" />
    <tag k="name:etymology:wikidata" v="Q70890" />
    <tag k="name:etymology:wikipedia" v="de:Rudolf Breitscheid" />
    <tag k="old_name" v="Lindenstraße" />
    <tag k="postal_code" v="14482" />
    <tag k="sidewalk" v="both" />
    <tag k="sidewalk:both:surface" v="paving_stones" />
    <tag k="smoothness" v="bad" />
    <tag k="source:maxspeed" v="sign" />
    <tag k="source:width" v="ARCore" />
    <tag k="surface" v="sett" />
    <tag k="traffic_sign" v="DE:274[30]" />
    <tag k="width" v="7.9" />
  </way>
  <way id="23044834" timestamp="2026-04-12T07:06:47Z" uid="9607" user="hfs" version="23" changeset="181216322">
    <nd ref="30570808" />
    <nd ref="8633187239" />
    <nd ref="4999321455" />
    <nd ref="30569600" />
    <tag k="access:conditional" v="no @ (2026 Mar 1 - 2027 Mar 31)" />
    <tag k="check_date" v="2026-04-12" />
    <tag k="cycleway:both" v="lane" />
    <tag k="cycleway:both:lane" v="advisory" />
    <tag k="highway" v="construction" />
    <tag k="lanes" v="2" />
    <tag k="lit" v="yes" />
    <tag k="maxspeed" v="10" />
    <tag k="maxspeed:type" v="sign" />
    <tag k="name" v="Rudolf-Breitscheid-Straße" />
    <tag k="old_name" v="Lindenstraße" />
    <tag k="postal_code" v="14482" />
    <tag k="priority_road" v="designated" />
    <tag k="sidewalk:both" v="separate" />
    <tag k="smoothness" v="intermediate" />
    <tag k="source:maxspeed" v="sign" />
    <tag k="surface" v="asphalt" />
    <tag k="traffic_sign" v="DE:274[10]" />
  </way>
  <way id="23133691" timestamp="2023-10-03T11:36:31Z" uid="3020814" user="BER319" version="15" changeset="142096243">
    <nd ref="11235668035" />
    <nd ref="249783104" />
    <nd ref="249783105" />
    <nd ref="3986217777" />
    <nd ref="249783106" />
    <nd ref="249783108" />
    <nd ref="924217529" />
    <tag k="highway" v="footway" />
    <tag k="lit" v="yes" />
    <tag k="smoothness" v="good" />
    <tag k="surface" v="paving_stones" />
  </way>
  <way id="23429875" timestamp="2023-10-03T13:27:42Z" uid="3020814" user="BER319" version="14" changeset="142101415">
    <nd ref="253752670" />
    <nd ref="1737829968" />
    <nd ref="11030670251" />
    <nd ref="11030670250" />
    <nd ref="410940699" />
    <nd ref="11030670249" />
    <nd ref="11030670248" />
    <nd ref="2138533027" />
    <tag k="highway" v="service" />
    <tag k="lit" v="yes" />
    <tag k="oneway" v="yes" />
    <tag k="service" v="driveway" />
    <tag k="sidewalk" v="right" />
    <tag k="sidewalk:right:surface" v="paving_stones" />
    <tag k="smoothness" v="intermediate" />
    <tag k="surface" v="cobblestone" />
  </way>
  <way id="24533669" timestamp="2022-10-28T07:03:43Z" uid="17428843" user="Barbara Förster" version="18" changeset="128157757">
    <nd ref="1122218239" />
    <nd ref="296941176" />
    <nd ref="420646817" />
    <tag k="access" v="permit" />
    <tag k="bicycle" v="designated" />
    <tag k="emergency" v="designated" />
    <tag k="foot" v="designated" />
    <tag k="highway" v="service" />
    <tag k="horse" v="no" />
    <tag k="lit" v="yes" />
    <tag k="maxspeed" v="10" />
    <tag k="motor_vehicle" v="private" />
    <tag k="service" v="driveway" />
    <tag k="sidewalk" v="left" />
    <tag k="sidewalk:left:surface" v="paving_stones" />
    <tag k="source:maxspeed" v="sign" />
  </way>
  <way id="24605616" timestamp="2025-02-27T13:02:22Z" uid="1468248" user="PantherStrix" version="28" changeset="163011624">
    <nd ref="931650094" />
    <nd ref="11324279827" />
    <nd ref="296937660" />
    <nd ref="4874646836" />
    <nd ref="8676268320" />
    <nd ref="8977535599" />
    <nd ref="12623246446" />
    <tag k="highway" v="service" />
    <tag k="lit" v="yes" />
    <tag k="maxspeed" v="20" />
    <tag k="smoothness" v="good" />
    <tag k="surface" v="paving_stones" />
  </way>
  <way id="24921494" timestamp="2023-11-05T12:13:32Z" uid="6167506" user="christian_plus1" version="9" changeset="143647074">
    <nd ref="11324283396" />
    <nd ref="9761100540" />
    <nd ref="4880499667" />
    <nd ref="622298608" />
    <nd ref="9761100521" />
    <nd ref="4880499668" />
    <nd ref="622298610" />
    <nd ref="622298611" />
    <nd ref="270798465" />
    <nd ref="253752348" />
    <tag k="highway" v="path" />
    <tag k="lit" v="no" />
    <tag k="surface" v="compacted" />
  </way>
  <way id="24969126" timestamp="2026-04-12T07:06:24Z" uid="9607" user="hfs" version="17" changeset="181216322">
    <nd ref="30569600" />
    <nd ref="11324279807" />
    <nd ref="11324283412" />
    <nd ref="11324283414" />
    <nd ref="7942873408" />
    <nd ref="11324279799" />
    <nd ref="88102902" />
    <tag k="access:conditional" v="no @ (2026 Mar 1 - 2027 Mar 31)" />
    <tag k="check_date" v="2026-04-12" />
    <tag k="cycleway:both" v="no" />
    <tag k="highway" v="construction" />
    <tag k="lane_markings" v="no" />
    <tag k="lit" v="yes" />
    <tag k="maxspeed" v="30" />
    <tag k="name" v="August-Bebel-Straße" />
    <tag k="name:etymology:wikidata" v="Q76520" />
    <tag k="name:etymology:wikipedia" v="de:August Bebel" />
    <tag k="old_name:1927-1938" v="Böckmannstraße" />
    <tag k="old_name:1927-1938:etymology:wikidata" v="Q73673" />
    <tag k="old_name:1938-1945" v="Filmakademiestraße" />
    <tag k="old_name:1938-1945:etymology:wikidata" v="Q1202527" />
    <tag k="postal_code" v="14482" />
    <tag k="sidewalk:both" v="separate" />
    <tag k="surface" v="sett" />
    <tag k="wikidata" v="Q100349322" />
    <tag k="wikimedia_commons" v="Category:August-Bebel-Straße (Potsdam)" />
  </way>
  <way id="25672282" timestamp="2025-07-21T13:17:55Z" uid="16371836" user="Till_btn" version="27" changeset="169243884">
    <nd ref="10264921737" />
    <nd ref="922338026" />
    <nd ref="5793712872" />
    <nd ref="928107758" />
    <tag k="cycleway:both" v="no" />
    <tag k="highway" v="residential" />
    <tag k="lit" v="yes" />
    <tag k="maxspeed" v="30" />
    <tag k="name" v="Prof.-Dr.-Helmert-Straße" />
    <tag k="postal_code" v="14482" />
    <tag k="sidewalk" v="both" />
    <tag k="sidewalk:both:surface" v="paving_stones" />
    <tag k="smoothness" v="excellent" />
    <tag k="surface" v="asphalt" />
  </way>
  <way id="25929408" timestamp="2024-01-25T08:36:25Z" uid="17428843" user="Barbara Förster" version="35" changeset="146662402">
    <nd ref="1737829959" />
    <nd ref="4199580122" />
    <nd ref="911043422" />
    <nd ref="282843469" />
    <nd ref="4206008087" />
    <nd ref="7476465530" />
    <nd ref="924218497" />
    <nd ref="282843470" />
    <tag k="cycleway:both" v="no" />
    <tag k="emergency" v="designated" />
    <tag k="highway" v="residential" />
    <tag k="lit" v="yes" />
    <tag k="maxspeed" v="20" />
    <tag k="maxspeed:type" v="sign" />
    <tag k="name" v="Stahnsdorfer Straße" />
    <tag k="name:etymology:wikidata" v="Q640426" />
    <tag k="name:etymology:wikipedia" v="de:Stahnsdorf" />
    <tag k="parking:left" v="no" />
    <tag k="parking:right" v="street_side" />
    <tag k="parking:right:orientation" v="parallel" />
    <tag k="postal_code" v="14482" />
    <tag k="sidewalk" v="left" />
    <tag k="sidewalk:left:surface" v="paving_stones" />
    <tag k="smoothness" v="good" />
    <tag k="surface" v="paving_stones" />
  </way>
  <way id="27063884" timestamp="2026-03-04T15:45:25Z" uid="16371836" user="Till_btn" version="17" changeset="179355835">
    <nd ref="92824862" />
    <nd ref="928110519" />
    <tag k="access:conditional" v="no @ (2026 Mar 1 - 2027 Mar 31)" />
    <tag k="cycleway:left" v="lane" />
    <tag k="cycleway:left:lane" v="advisory" />
    <tag k="cycleway:right" v="separate" />
    <tag k="highway" v="construction" />
    <tag k="lanes" v="2" />
    <tag k="lit" v="yes" />
    <tag k="maxheight" v="3.7" />
    <tag k="maxspeed" v="50" />
    <tag k="name" v="August-Bebel-Straße" />
    <tag k="name:etymology:wikidata" v="Q76520" />
    <tag k="name:etymology:wikipedia" v="de:August Bebel" />
    <tag k="old_name:1927-1938" v="Böckmannstraße" />
    <tag k="old_name:1927-1938:etymology:wikidata" v="Q73673" />
    <tag k="old_name:1938-1945" v="Filmakademiestraße" />
    <tag k="old_name:1938-1945:etymology:wikidata" v="Q1202527" />
    <tag k="sidewalk:both" v="separate" />
    <tag k="smoothness" v="good" />
    <tag k="source:maxspeed" v="sign" />
    <tag k="surface" v="asphalt" />
    <tag k="wikidata" v="Q100349322" />
    <tag k="wikimedia_commons" v="Category:August-Bebel-Straße (Potsdam)" />
  </way>
  <way id="27063886" timestamp="2023-10-03T11:46:50Z" uid="3020814" user="BER319" version="22" changeset="142095601">
    <nd ref="926885593" />
    <nd ref="926882849" />
    <nd ref="6846246720" />
    <nd ref="926885160" />
    <nd ref="296937648" />
    <nd ref="3872783869" />
    <nd ref="931634094" />
    <tag k="emergency" v="designated" />
    <tag k="highway" v="service" />
    <tag k="lit" v="yes" />
    <tag k="maxspeed" v="20" />
    <tag k="parking:left" v="no" />
    <tag k="parking:left:restriction" v="no_parking" />
    <tag k="smoothness" v="good" />
    <tag k="surface" v="paving_stones" />
  </way>
  <way id="27064239" timestamp="2023-10-08T09:28:45Z" uid="3020814" user="BER319" version="8" changeset="142296477">
    <nd ref="282843470" />
    <nd ref="296941172" />
    <nd ref="994059583" />
    <nd ref="994059608" />
    <nd ref="420646766" />
    <nd ref="296941174" />
    <nd ref="266766742" />
    <tag k="bicycle" v="yes" />
    <tag k="highway" v="footway" />
    <tag k="lit" v="yes" />
    <tag k="smoothness" v="intermediate" />
    <tag k="surface" v="sett" />
  </way>
  <way id="27747041" timestamp="2022-10-28T07:01:39Z" uid="17428843" user="Barbara Förster" version="16" changeset="128157757">
    <nd ref="1123753894" />
    <nd ref="955135731" />
    <tag k="access" v="no" />
    <tag k="bus" v="yes" />
    <tag k="highway" v="residential" />
    <tag k="maxspeed" v="30" />
    <tag k="name" v="Prof.-Dr.-Helmert-Straße" />
    <tag k="oneway" v="yes" />
    <tag k="postal_code" v="14482" />
    <tag k="sidewalk" v="right" />
    <tag k="sidewalk:right:surface" v="paving_stones" />
    <tag k="surface" v="asphalt" />
  </way>
  <way id="27865409" timestamp="2026-02-03T20:44:43Z" uid="1468248" user="PantherStrix" version="17" changeset="178067476">
    <nd ref="92824564" />
    <nd ref="9810981458" />
    <nd ref="13522794970" />
    <nd ref="622296748" />
    <nd ref="2445967535" />
    <nd ref="13522794932" />
    <nd ref="8247764156" />
    <nd ref="9066446033" />
    <nd ref="9066446034" />
    <nd ref="30570816" />
    <tag k="cycleway:both" v="no" />
    <tag k="highway" v="residential" />
    <tag k="lit" v="yes" />
    <tag k="maxspeed" v="30" />
    <tag k="maxspeed:type" v="DE:zone30" />
    <tag k="maxweight" v="10" />
    <tag k="name" v="Stubenrauchstraße" />
    <tag k="name:etymology:wikidata" v="Q1360930" />
    <tag k="name:etymology:wikipedia" v="de:Ernst von Stubenrauch" />
    <tag k="postal_code" v="14482" />
    <tag k="sidewalk" v="both" />
    <tag k="smoothness" v="good" />
    <tag k="source:maxspeed" v="DE:zone30" />
    <tag k="surface" v="asphalt" />
    <tag k="zone:maxspeed" v="DE:30" />
  </way>
  <way id="28148553" timestamp="2024-03-31T19:29:48Z" uid="13457705" user="Miroka96" version="18" changeset="149404944">
    <nd ref="30582612" />
    <nd ref="673428023" />
    <nd ref="2963389639" />
    <nd ref="673428020" />
    <nd ref="309169032" />
    <nd ref="8362486507" />
    <nd ref="8362486508" />
    <nd ref="8362486506" />
    <nd ref="309169035" />
    <nd ref="309169038" />
    <nd ref="8362486509" />
    <nd ref="309169040" />
    <nd ref="7476393249" />
    <nd ref="309169041" />
    <nd ref="588653342" />
    <nd ref="6275223534" />
    <nd ref="393094463" />
    <nd ref="309169044" />
    <nd ref="495567350" />
    <nd ref="10015345918" />
    <nd ref="10015345919" />
    <nd ref="309169045" />
    <nd ref="10015345931" />
    <nd ref="10015345920" />
    <nd ref="10015345921" />
    <nd ref="393094506" />
    <nd ref="10015345932" />
    <nd ref="10015345930" />
    <nd ref="10015345935" />
    <nd ref="30582643" />
    <tag k="highway" v="path" />
    <tag k="lit" v="no" />
    <tag k="surface" v="dirt" />
    <tag k="tracktype" v="grade3" />
  </way>
  <way id="28149498" timestamp="2024-12-07T06:33:49Z" uid="1468248" user="PantherStrix" version="12" changeset="160016896">
    <nd ref="2513869292" />
    <nd ref="612771896" />
    <nd ref="2513869247" />
    <nd ref="2513869241" />
    <nd ref="309164581" />
    <tag k="highway" v="footway" />
    <tag k="indoor" v="yes" />
    <tag k="layer" v="-1" />
    <tag k="level" v="-1" />
    <tag k="lit" v="yes" />
    <tag k="surface" v="paving_stones" />
    <tag k="tunnel" v="yes" />
  </way>
  <way id="28149537" timestamp="2023-10-03T11:36:38Z" uid="3020814" user="BER319" version="12" changeset="142096251">
    <nd ref="309164581" />
    <nd ref="695216405" />
    <tag k="handrail" v="yes" />
    <tag k="highway" v="steps" />
    <tag k="incline" v="up" />
    <tag k="layer" v="-1" />
    <tag k="level" v="0;-1" />
    <tag k="lit" v="yes" />
    <tag k="platform_lift" v="no" />
    <tag k="ramp" v="no" />
    <tag k="step_count" v="31" />
    <tag k="surface" v="paving_stones" />
    <tag k="tactile_paving" v="no" />
    <tag k="tactile_writing" v="yes" />
  </way>
  <way id="32820920" timestamp="2024-01-14T18:04:50Z" uid="20888446" user="osm-bd9c0c" version="11" changeset="146253915">
    <nd ref="11324279824" />
    <nd ref="7387287912" />
    <nd ref="369806077" />
    <tag k="handrail" v="yes" />
    <tag k="highway" v="steps" />
    <tag k="incline" v="up" />
    <tag k="lit" v="no" />
    <tag k="ramp" v="no" />
    <tag k="step_count" v="17" />
    <tag k="surface" v="concrete" />
    <tag k="tactile_paving" v="no" />
  </way>
  <way id="32820921" timestamp="2024-03-31T19:41:22Z" uid="13457705" user="Miroka96" version="9" changeset="149404944">
    <nd ref="369806077" />
    <nd ref="2120552537" />
    <nd ref="2120552536" />
    <nd ref="2120552535" />
    <nd ref="6915007332" />
    <nd ref="2120552534" />
    <nd ref="369806082" />
    <nd ref="7387287909" />
    <nd ref="6915007339" />
    <nd ref="7387287910" />
    <nd ref="2120552533" />
    <nd ref="2120552532" />
    <nd ref="369806085" />
    <nd ref="2120552531" />
    <nd ref="2120552530" />
    <nd ref="2120552528" />
    <nd ref="2120552527" />
    <nd ref="7387287911" />
    <nd ref="2120552529" />
    <nd ref="2120552526" />
    <nd ref="369806087" />
    <nd ref="2120552519" />
    <tag k="highway" v="path" />
    <tag k="lit" v="no" />
    <tag k="surface" v="earth" />
  </way>
  <way id="35037654" timestamp="2024-01-14T18:01:49Z" uid="20888446" user="osm-bd9c0c" version="11" changeset="146253915">
    <nd ref="8910129199" />
    <nd ref="9983287332" />
    <tag k="handrail" v="yes" />
    <tag k="handrail:center" v="yes" />
    <tag k="highway" v="steps" />
    <tag k="incline" v="down" />
    <tag k="lit" v="yes" />
    <tag k="ramp" v="no" />
    <tag k="ramp:bicycle" v="no" />
    <tag k="ramp:stroller" v="no" />
    <tag k="step_count" v="33" />
    <tag k="surface" v="paving_stones" />
    <tag k="tactile_paving" v="no" />
  </way>
  <way id="35037655" timestamp="2023-11-05T12:13:32Z" uid="6167506" user="christian_plus1" version="9" changeset="143647074">
    <nd ref="11324283369" />
    <nd ref="2513869310" />
    <tag k="highway" v="footway" />
    <tag k="lit" v="yes" />
    <tag k="smoothness" v="good" />
    <tag k="surface" v="paving_stones" />
  </way>
  <way id="35322603" timestamp="2024-12-31T14:05:22Z" uid="1468248" user="PantherStrix" version="12" changeset="160833050">
    <nd ref="414021448" />
    <nd ref="1371701049" />
    <nd ref="622298613" />
    <nd ref="622298612" />
    <nd ref="253752348" />
    <tag k="highway" v="footway" />
    <tag k="lit" v="no" />
    <tag k="name" v="Uferweg" />
    <tag k="postal_code" v="14482" />
    <tag k="smoothness" v="bad" />
    <tag k="surface" v="compacted" />
    <tag k="width" v="1.5" />
  </way>
  <way id="35322604" timestamp="2026-01-30T17:22:48Z" uid="1468248" user="PantherStrix" version="12" changeset="177899319">
    <nd ref="414021449" />
    <nd ref="622298615" />
    <nd ref="622298614" />
    <nd ref="622298616" />
    <nd ref="414021448" />
    <tag k="highway" v="proposed" />
    <tag k="name" v="Uferweg" />
    <tag k="postal_code" v="14482" />
    <tag k="surface" v="paved" />
    <tag k="width" v="3" />
  </way>
  <way id="35990525" timestamp="2024-01-25T08:42:18Z" uid="17428843" user="Barbara Förster" version="9" changeset="146661965">
    <nd ref="420646785" />
    <nd ref="420646778" />
    <nd ref="2149303068" />
    <nd ref="7476350759" />
    <nd ref="7476350758" />
    <nd ref="420646776" />
    <nd ref="7476350757" />
    <nd ref="420646771" />
    <nd ref="994520525" />
    <nd ref="420646769" />
    <nd ref="420646766" />
    <nd ref="7476350862" />
    <nd ref="994059576" />
    <nd ref="7476350861" />
    <nd ref="7476350860" />
    <nd ref="994059574" />
    <nd ref="7476350863" />
    <nd ref="4206050068" />
    <nd ref="7476350859" />
    <nd ref="994059601" />
    <nd ref="994059612" />
    <tag k="highway" v="footway" />
    <tag k="lit" v="yes" />
    <tag k="smoothness" v="good" />
    <tag k="surface" v="compacted" />
  </way>
  <way id="35990529" action="modify" timestamp="2020-05-03T15:49:41Z" uid="1468248" user="PantherStrix" version="8" changeset="84569892">
    <nd ref="420646817" />
    <nd ref="4207399613" />
    <nd ref="2637632602" />
    <nd ref="-26339" />
    <nd ref="420646809" />
    <nd ref="1038356852" />
    <tag k="access" v="private" />
    <tag k="emergency" v="designated" />
    <tag k="highway" v="service" />
    <tag k="lit" v="yes" />
    <tag k="maxspeed" v="10" />
    <tag k="service" v="driveway" />
    <tag k="source:maxspeed" v="sign" />
  </way>
  <way id="35990534" timestamp="2023-10-08T09:28:53Z" uid="3020814" user="BER319" version="5" changeset="142296477">
    <nd ref="1038356844" />
    <nd ref="420646831" />
    <nd ref="420646832" />
    <tag k="highway" v="footway" />
    <tag k="lit" v="yes" />
    <tag k="smoothness" v="intermediate" />
    <tag k="surface" v="paving_stones" />
  </way>
  <way id="35990536" timestamp="2019-06-29T18:08:10Z" uid="1468248" user="PantherStrix" version="10" changeset="71740923">
    <nd ref="928124183" />
    <nd ref="420646846" />
    <tag k="highway" v="footway" />
    <tag k="lit" v="yes" />
    <tag k="surface" v="paving_stones" />
  </way>
  <way id="35990540" timestamp="2024-02-27T17:35:51Z" uid="1468248" user="PantherStrix" version="15" changeset="147983389">
    <nd ref="928108172" />
    <nd ref="5359343791" />
    <nd ref="5793712880" />
    <nd ref="420646894" />
    <nd ref="1038351475" />
    <tag k="bicycle" v="yes" />
    <tag k="emergency" v="designated" />
    <tag k="highway" v="footway" />
    <tag k="lit" v="yes" />
    <tag k="segregated" v="no" />
    <tag k="smoothness" v="good" />
    <tag k="surface" v="paving_stones" />
  </way>
  <way id="35990542" timestamp="2024-02-27T17:35:51Z" uid="1468248" user="PantherStrix" version="11" changeset="147983389">
    <nd ref="420646894" />
    <nd ref="5761733037" />
    <nd ref="420646898" />
    <nd ref="1930735667" />
    <nd ref="7476477606" />
    <tag k="highway" v="footway" />
    <tag k="lit" v="yes" />
    <tag k="smoothness" v="intermediate" />
    <tag k="surface" v="sett" />
  </way>
  <way id="35990544" timestamp="2019-06-29T18:04:12Z" uid="1468248" user="PantherStrix" version="3" changeset="71740923">
    <nd ref="420646898" />
    <nd ref="420646901" />
    <tag k="highway" v="footway" />
    <tag k="lit" v="yes" />
    <tag k="surface" v="sett" />
  </way>
  <way id="35990545" timestamp="2023-10-03T11:36:32Z" uid="3020814" user="BER319" version="8" changeset="142096243">
    <nd ref="249783102" />
    <nd ref="420646910" />
    <nd ref="1068064325" />
    <nd ref="420646911" />
    <nd ref="1149060958" />
    <tag k="highway" v="footway" />
    <tag k="lit" v="yes" />
    <tag k="smoothness" v="intermediate" />
    <tag k="surface" v="sett" />
  </way>
  <way id="35990546" timestamp="2023-10-08T09:28:53Z" uid="3020814" user="BER319" version="9" changeset="142296477">
    <nd ref="420646831" />
    <nd ref="11247712175" />
    <tag k="highway" v="footway" />
    <tag k="lit" v="yes" />
    <tag k="smoothness" v="good" />
    <tag k="surface" v="paving_stones" />
  </way>
  <way id="42343407" timestamp="2025-04-17T07:46:30Z" uid="13457705" user="Miroka96" version="35" changeset="165056956">
    <nd ref="931634367" />
    <nd ref="4866140055" />
    <nd ref="3872783872" />
    <nd ref="3872783873" />
    <nd ref="3872783874" />
    <nd ref="1748997373" />
    <nd ref="1737829955" />
    <nd ref="3872783882" />
    <nd ref="5058851560" />
    <tag k="cycleway:both" v="no" />
    <tag k="highway" v="residential" />
    <tag k="lanes" v="2" />
    <tag k="lit" v="yes" />
    <tag k="maxspeed" v="30" />
    <tag k="name" v="Stahnsdorfer Straße" />
    <tag k="name:etymology:wikidata" v="Q640426" />
    <tag k="name:etymology:wikipedia" v="de:Stahnsdorf" />
    <tag k="postal_code" v="14482" />
    <tag k="sidewalk" v="right" />
    <tag k="sidewalk:right:surface" v="compacted" />
    <tag k="smoothness" v="good" />
    <tag k="surface" v="asphalt" />
  </way>
  <way id="43158937" timestamp="2026-03-04T15:45:25Z" uid="16371836" user="Till_btn" version="32" changeset="179355835">
    <nd ref="13618121331" />
    <nd ref="7942881478" />
    <nd ref="7942873394" />
    <nd ref="7942873399" />
    <nd ref="296934777" />
    <nd ref="7942873398" />
    <nd ref="10889045474" />
    <nd ref="10889045444" />
    <nd ref="2644068081" />
    <nd ref="2644068079" />
    <nd ref="654097807" />
    <nd ref="1986641835" />
    <nd ref="6915007345" />
    <nd ref="88137617" />
    <nd ref="2014738046" />
    <nd ref="4471609250" />
    <nd ref="1783964195" />
    <nd ref="6915007348" />
    <nd ref="296934775" />
    <nd ref="3092025392" />
    <tag k="cycleway:both" v="lane" />
    <tag k="cycleway:both:lane" v="advisory" />
    <tag k="highway" v="tertiary" />
    <tag k="lanes" v="2" />
    <tag k="lit" v="yes" />
    <tag k="maxspeed" v="50" />
    <tag k="name" v="Rudolf-Breitscheid-Straße" />
    <tag k="name:etymology:wikidata" v="Q70890" />
    <tag k="old_name" v="Lindenstraße" />
    <tag k="postal_code" v="14482" />
    <tag k="priority_road" v="designated" />
    <tag k="sidewalk" v="both" />
    <tag k="sidewalk:both:surface" v="paving_stones" />
    <tag k="smoothness" v="intermediate" />
    <tag k="surface" v="asphalt" />
  </way>
  <way id="43585680" timestamp="2024-10-14T18:24:06Z" uid="10630643" user="janolezab" version="26" changeset="157889021">
    <nd ref="931650094" />
    <nd ref="2122561537" />
    <nd ref="4874646418" />
    <nd ref="296937623" />
    <nd ref="10264921808" />
    <nd ref="30570783" />
    <nd ref="10873315179" />
    <tag k="cycleway:left" v="lane" />
    <tag k="cycleway:left:lane" v="advisory" />
    <tag k="cycleway:right" v="track" />
    <tag k="highway" v="tertiary" />
    <tag k="lanes" v="2" />
    <tag k="lit" v="yes" />
    <tag k="maxspeed" v="50" />
    <tag k="name" v="August-Bebel-Straße" />
    <tag k="name:etymology:wikidata" v="Q76520" />
    <tag k="name:etymology:wikipedia" v="de:August Bebel" />
    <tag k="old_name:1927-1938" v="Böckmannstraße" />
    <tag k="old_name:1927-1938:etymology:wikidata" v="Q73673" />
    <tag k="old_name:1938-1945" v="Filmakademiestraße" />
    <tag k="old_name:1938-1945:etymology:wikidata" v="Q1202527" />
    <tag k="sidewalk" v="both" />
    <tag k="sidewalk:both:surface" v="paving_stones" />
    <tag k="smoothness" v="good" />
    <tag k="source:maxspeed" v="urban" />
    <tag k="surface" v="asphalt" />
    <tag k="wikidata" v="Q100349322" />
    <tag k="wikimedia_commons" v="Category:August-Bebel-Straße (Potsdam)" />
  </way>
  <way id="45010666" timestamp="2024-03-31T19:41:18Z" uid="13457705" user="Miroka96" version="16" changeset="149404944">
    <nd ref="11324279840" />
    <nd ref="11324279841" />
    <nd ref="11324279835" />
    <nd ref="11324279842" />
    <nd ref="570596665" />
    <nd ref="886590310" />
    <nd ref="570596664" />
    <nd ref="7947303051" />
    <nd ref="5659169089" />
    <nd ref="9757374629" />
    <nd ref="9757330791" />
    <nd ref="570596663" />
    <nd ref="4537367217" />
    <nd ref="570596662" />
    <nd ref="570596661" />
    <nd ref="570597487" />
    <nd ref="570596660" />
    <nd ref="570596659" />
    <nd ref="570596658" />
    <nd ref="570596657" />
    <nd ref="3650255620" />
    <tag k="highway" v="path" />
    <tag k="lit" v="no" />
    <tag k="surface" v="dirt" />
  </way>
  <way id="48213499" timestamp="2023-09-06T05:44:04Z" uid="18116609" user="wielandb-paid" version="13" changeset="140877366">
    <nd ref="2513869272" />
    <nd ref="1059584831" />
    <tag k="handrail" v="yes" />
    <tag k="highway" v="steps" />
    <tag k="incline" v="up" />
    <tag k="indoor" v="yes" />
    <tag k="layer" v="-1" />
    <tag k="level" v="0;-1" />
    <tag k="lit" v="yes" />
    <tag k="platform_lift" v="no" />
    <tag k="surface" v="paving_stones" />
    <tag k="tactile_paving" v="partial" />
    <tag k="tactile_writing" v="yes" />
  </way>
  <way id="51763472" timestamp="2024-12-11T12:59:27Z" uid="22031542" user="JangoJR" version="8" changeset="160168020">
    <nd ref="420646911" />
    <nd ref="1068064293" />
    <nd ref="296941172" />
    <tag k="highway" v="footway" />
    <tag k="lit" v="yes" />
    <tag k="smoothness" v="intermediate" />
    <tag k="surface" v="sett" />
  </way>
  <way id="55349415" timestamp="2023-10-03T13:27:42Z" uid="3020814" user="BER319" version="10" changeset="142101415">
    <nd ref="695216405" />
    <nd ref="4866139606" />
    <nd ref="309164583" />
    <tag k="highway" v="footway" />
    <tag k="lit" v="yes" />
    <tag k="smoothness" v="good" />
    <tag k="surface" v="paving_stones" />
  </way>
  <way id="55349416" timestamp="2023-09-06T05:44:04Z" uid="18116609" user="wielandb-paid" version="10" changeset="140877366">
    <nd ref="695216406" />
    <nd ref="2513869292" />
    <tag k="handrail" v="yes" />
    <tag k="highway" v="steps" />
    <tag k="incline" v="down" />
    <tag k="indoor" v="yes" />
    <tag k="layer" v="-1" />
    <tag k="level" v="0;-1" />
    <tag k="lit" v="yes" />
    <tag k="platform_lift" v="no" />
    <tag k="surface" v="paving_stones" />
    <tag k="tactile_paving" v="no" />
    <tag k="tactile_writing" v="yes" />
  </way>
  <way id="67566919" timestamp="2025-04-19T19:47:50Z" uid="13547320" user="VonMorgen" version="12" changeset="165168682">
    <nd ref="1737829955" />
    <nd ref="815983457" />
    <nd ref="815983460" />
    <nd ref="3982271597" />
    <nd ref="3982271577" />
    <nd ref="420646892" />
    <nd ref="911043402" />
    <tag k="check_date:surface" v="2025-04-19" />
    <tag k="emergency" v="designated" />
    <tag k="highway" v="footway" />
    <tag k="lit" v="yes" />
    <tag k="surface" v="paving_stones" />
  </way>
  <way id="77398588" timestamp="2023-10-08T09:28:38Z" uid="3020814" user="BER319" version="5" changeset="142296477">
    <nd ref="911043430" />
    <nd ref="911043386" />
    <nd ref="6581424404" />
    <nd ref="420646904" />
    <tag k="highway" v="footway" />
    <tag k="lit" v="yes" />
    <tag k="smoothness" v="intermediate" />
    <tag k="surface" v="paving_stones" />
  </way>
  <way id="77398589" timestamp="2023-10-08T09:28:40Z" uid="3020814" user="BER319" version="5" changeset="142296477">
    <nd ref="911043401" />
    <nd ref="911043402" />
    <tag k="highway" v="footway" />
    <tag k="lit" v="yes" />
    <tag k="smoothness" v="intermediate" />
    <tag k="surface" v="paving_stones" />
  </way>
  <way id="77398593" timestamp="2023-10-03T11:36:32Z" uid="3020814" user="BER319" version="9" changeset="142096243">
    <nd ref="911043405" />
    <nd ref="911043430" />
    <nd ref="4999325941" />
    <nd ref="1149068052" />
    <nd ref="911043442" />
    <tag k="highway" v="footway" />
    <tag k="lit" v="yes" />
    <tag k="smoothness" v="intermediate" />
    <tag k="surface" v="sett" />
  </way>
  <way id="77398594" timestamp="2023-10-03T13:10:34Z" uid="3020814" user="BER319" version="8" changeset="142100658">
    <nd ref="249783113" />
    <nd ref="911043424" />
    <nd ref="911043429" />
    <nd ref="911043388" />
    <nd ref="3982109416" />
    <nd ref="911043401" />
    <tag k="highway" v="footway" />
    <tag k="lit" v="yes" />
    <tag k="smoothness" v="good" />
    <tag k="surface" v="paving_stones" />
  </way>
  <way id="77398596" timestamp="2023-10-08T09:28:44Z" uid="3020814" user="BER319" version="8" changeset="142296477">
    <nd ref="420646913" />
    <nd ref="911043407" />
    <nd ref="911043422" />
    <tag k="highway" v="footway" />
    <tag k="lit" v="yes" />
    <tag k="smoothness" v="intermediate" />
    <tag k="surface" v="paving_stones" />
  </way>
  <way id="77731646" timestamp="2025-12-12T16:03:07Z" uid="16371836" user="Till_btn" version="15" changeset="175853336">
    <nd ref="253752670" />
    <nd ref="622296739" />
    <nd ref="410940701" />
    <tag k="cycleway:right" v="lane" />
    <tag k="cycleway:right:lane" v="advisory" />
    <tag k="highway" v="tertiary" />
    <tag k="lanes" v="2" />
    <tag k="lit" v="yes" />
    <tag k="maxspeed" v="10" />
    <tag k="maxspeed:type" v="sign" />
    <tag k="name" v="Rudolf-Breitscheid-Straße" />
    <tag k="old_name" v="Lindenstraße" />
    <tag k="postal_code" v="14482" />
    <tag k="sidewalk" v="both" />
    <tag k="sidewalk:both:surface" v="paving_stones" />
    <tag k="smoothness" v="intermediate" />
    <tag k="source:maxspeed" v="sign" />
    <tag k="surface" v="asphalt" />
    <tag k="traffic_sign" v="DE:274[10]" />
  </way>
  <way id="77735117" timestamp="2025-03-16T19:44:24Z" uid="1468248" user="PantherStrix" version="8" changeset="163703942">
    <nd ref="911043433" />
    <nd ref="12670697483" />
    <nd ref="12670697485" />
    <nd ref="12670697484" />
    <nd ref="911043391" />
    <nd ref="5359343789" />
    <nd ref="5359343787" />
    <nd ref="5359343786" />
    <nd ref="5359343788" />
    <nd ref="1028030217" />
    <tag k="highway" v="footway" />
    <tag k="lit" v="yes" />
    <tag k="surface" v="paving_stones" />
  </way>
  <way id="78610155" timestamp="2021-05-28T14:23:39Z" uid="1468248" user="PantherStrix" version="4" changeset="105497916">
    <nd ref="1068064377" />
    <nd ref="922333276" />
    <nd ref="922333278" />
    <nd ref="922333280" />
    <tag k="highway" v="footway" />
    <tag k="lit" v="yes" />
    <tag k="surface" v="sett" />
  </way>
  <way id="78610169" timestamp="2021-05-28T14:23:41Z" uid="1468248" user="PantherStrix" version="5" changeset="105497916">
    <nd ref="922333278" />
    <nd ref="6846250395" />
    <nd ref="6846250396" />
    <nd ref="6846250397" />
    <nd ref="922334012" />
    <nd ref="922334015" />
    <tag k="highway" v="footway" />
    <tag k="lit" v="yes" />
    <tag k="surface" v="sett" />
  </way>
  <way id="78610192" timestamp="2021-05-28T14:23:44Z" uid="1468248" user="PantherStrix" version="4" changeset="105497916">
    <nd ref="922334012" />
    <nd ref="6846246722" />
    <nd ref="922335058" />
    <nd ref="922335063" />
    <tag k="highway" v="footway" />
    <tag k="lit" v="yes" />
    <tag k="surface" v="sett" />
  </way>
  <way id="78610321" timestamp="2023-10-03T13:27:42Z" uid="3020814" user="BER319" version="13" changeset="142101415">
    <nd ref="10264921736" />
    <nd ref="10264921737" />
    <tag k="highway" v="footway" />
    <tag k="lit" v="yes" />
    <tag k="smoothness" v="excellent" />
    <tag k="surface" v="paving_stones" />
  </way>
  <way id="79388136" timestamp="2019-06-29T17:57:33Z" uid="1468248" user="PantherStrix" version="4" changeset="71740923">
    <nd ref="926882849" />
    <nd ref="922335614" />
    <tag k="highway" v="footway" />
    <tag k="lit" v="yes" />
    <tag k="ramp:wheelchair" v="yes" />
    <tag k="surface" v="paving_stones" />
  </way>
  <way id="79388180" timestamp="2024-01-23T12:18:50Z" uid="16371836" user="Till_btn" version="8" changeset="146590568">
    <nd ref="926884234" />
    <nd ref="926885039" />
    <nd ref="926885040" />
    <nd ref="926885043" />
    <tag k="bicycle" v="yes" />
    <tag k="emergency" v="yes" />
    <tag k="foot" v="yes" />
    <tag k="highway" v="service" />
    <tag k="lit" v="yes" />
    <tag k="maxspeed" v="20" />
    <tag k="surface" v="paving_stones" />
  </way>
  <way id="79388186" timestamp="2022-09-21T07:20:20Z" uid="9450933" user="OpenGreenStreet" version="11" changeset="126450537">
    <nd ref="926885160" />
    <nd ref="926885761" />
    <nd ref="926885585" />
    <nd ref="4866140048" />
    <nd ref="926885587" />
    <nd ref="926886226" />
    <nd ref="926885593" />
    <tag k="highway" v="service" />
    <tag k="lit" v="yes" />
    <tag k="maxspeed" v="20" />
    <tag k="service" v="parking_aisle" />
    <tag k="smoothness" v="good" />
    <tag k="surface" v="paving_stones" />
  </way>
  <way id="79388208" timestamp="2022-09-21T07:20:14Z" uid="9450933" user="OpenGreenStreet" version="10" changeset="126450537">
    <nd ref="926885761" />
    <nd ref="4866140049" />
    <nd ref="926886226" />
    <tag k="highway" v="service" />
    <tag k="lit" v="yes" />
    <tag k="maxspeed" v="20" />
    <tag k="service" v="parking_aisle" />
    <tag k="smoothness" v="good" />
    <tag k="surface" v="paving_stones" />
  </way>
  <way id="79388258" timestamp="2025-02-27T13:02:22Z" uid="1468248" user="PantherStrix" version="12" changeset="163011624">
    <nd ref="926885587" />
    <nd ref="926887819" />
    <tag k="highway" v="service" />
    <tag k="lit" v="yes" />
    <tag k="maxspeed" v="20" />
    <tag k="service" v="parking_aisle" />
    <tag k="surface" v="paving_stones" />
  </way>
  <way id="79388407" timestamp="2024-11-14T16:45:29Z" uid="1468248" user="PantherStrix" version="21" changeset="159138243">
    <nd ref="296937646" />
    <nd ref="926885043" />
    <nd ref="11324758192" />
    <nd ref="926884234" />
    <nd ref="4868434116" />
    <nd ref="528571257" />
    <tag k="emergency" v="yes" />
    <tag k="highway" v="service" />
    <tag k="lit" v="yes" />
    <tag k="maxspeed" v="20" />
    <tag k="motor_vehicle" v="delivery" />
    <tag k="surface" v="paving_stones" />
  </way>
  <way id="79429057" timestamp="2025-11-01T21:44:47Z" uid="23034323" user="fmc_6" version="22" changeset="174081452">
    <nd ref="10984927170" />
    <nd ref="27318255" />
    <nd ref="27318256" />
    <nd ref="4999333029" />
    <nd ref="27318275" />
    <nd ref="27318276" />
    <nd ref="1748997372" />
    <nd ref="27318283" />
    <nd ref="27318287" />
    <tag k="cycleway:left" v="no" />
    <tag k="cycleway:right" v="track" />
    <tag k="cycleway:right:bicycle" v="designated" />
    <tag k="cycleway:right:mapillary" v="715794690388448" />
    <tag k="cycleway:right:oneway" v="yes" />
    <tag k="cycleway:right:segregated" v="yes" />
    <tag k="cycleway:right:separation:left" v="tree_row;kerb" />
    <tag k="cycleway:right:separation:right" v="no" />
    <tag k="cycleway:right:surface" v="asphalt" />
    <tag k="cycleway:right:surface:colour" v="none" />
    <tag k="cycleway:right:traffic_sign" v="none" />
    <tag k="cycleway:right:width" v="1.5" />
    <tag k="highway" v="tertiary" />
    <tag k="lanes" v="2" />
    <tag k="lit" v="yes" />
    <tag k="maxspeed" v="50" />
    <tag k="name" v="Bernhard-Beyer-Straße" />
    <tag k="name:etymology:wikidata" v="Q83424294" />
    <tag k="parking:left" v="lane" />
    <tag k="parking:left:fee" v="no" />
    <tag k="parking:left:orientation" v="parallel" />
    <tag k="parking:right" v="no" />
    <tag k="parking:right:restriction" v="no_parking" />
    <tag k="sidewalk" v="right" />
    <tag k="sidewalk:right:surface" v="paving_stones" />
    <tag k="smoothness" v="good" />
    <tag k="source:cycleway:right:width" v="Luftbild 2025" />
    <tag k="surface" v="asphalt" />
    <tag k="wikidata" v="Q83424085" />
    <tag k="wikimedia_commons" v="Category:Bernhard-Beyer-Straße (Berlin-Wannsee)" />
  </way>
  <way id="79813101" timestamp="2023-10-08T09:28:36Z" uid="3020814" user="BER319" version="11" changeset="142296477">
    <nd ref="2781520747" />
    <nd ref="1028030146" />
    <nd ref="1028030171" />
    <nd ref="931639286" />
    <nd ref="5761733039" />
    <tag k="highway" v="footway" />
    <tag k="lit" v="yes" />
    <tag k="smoothness" v="intermediate" />
    <tag k="surface" v="sett" />
  </way>
  <way id="82680795" timestamp="2024-03-31T19:30:46Z" uid="13457705" user="Miroka96" version="11" changeset="149404944">
    <nd ref="30582665" />
    <nd ref="1133514886" />
    <nd ref="30582666" />
    <nd ref="673428024" />
    <nd ref="30582612" />
    <nd ref="5329585055" />
    <nd ref="656433467" />
    <nd ref="11247734903" />
    <nd ref="30582609" />
    <nd ref="5329585052" />
    <nd ref="4999333030" />
    <nd ref="30582607" />
    <tag k="highway" v="track" />
    <tag k="lit" v="no" />
    <tag k="motor_vehicle" v="forestry" />
    <tag k="mtb:scale" v="1" />
    <tag k="smoothness" v="intermediate" />
    <tag k="surface" v="sand" />
    <tag k="tracktype" v="grade4" />
    <tag k="width" v="2.5" />
  </way>
  <way id="85681875" timestamp="2023-11-07T08:23:08Z" uid="13547320" user="VonMorgen" version="7" changeset="143724680">
    <nd ref="1038356836" />
    <nd ref="1737829963" />
    <nd ref="1038356837" />
    <nd ref="1038356847" />
    <nd ref="420646785" />
    <tag k="highway" v="footway" />
    <tag k="lit" v="yes" />
    <tag k="surface" v="compacted" />
  </way>
  <way id="85681876" timestamp="2023-10-08T09:28:52Z" uid="3020814" user="BER319" version="4" changeset="142296478">
    <nd ref="420646817" />
    <nd ref="994059599" />
    <nd ref="994059586" />
    <nd ref="7476350754" />
    <nd ref="994059575" />
    <tag k="highway" v="footway" />
    <tag k="lit" v="yes" />
    <tag k="surface" v="sand" />
  </way>
  <way id="85681879" timestamp="2023-10-08T09:28:51Z" uid="3020814" user="BER319" version="7" changeset="142296491">
    <nd ref="994059575" />
    <nd ref="994059581" />
    <tag k="handrail" v="no" />
    <tag k="highway" v="steps" />
    <tag k="incline" v="down" />
    <tag k="lit" v="yes" />
    <tag k="ramp" v="no" />
    <tag k="step_count" v="3" />
    <tag k="surface" v="concrete" />
    <tag k="tactile_paving" v="no" />
  </way>
  <way id="85681880" timestamp="2023-10-08T09:28:46Z" uid="3020814" user="BER319" version="6" changeset="142296477">
    <nd ref="296941174" />
    <nd ref="4866140029" />
    <tag k="highway" v="footway" />
    <tag k="lit" v="yes" />
    <tag k="smoothness" v="good" />
    <tag k="surface" v="paving_stones" />
  </way>
  <way id="85681881" timestamp="2023-10-08T09:28:47Z" uid="3020814" user="BER319" version="5" changeset="142296477">
    <nd ref="994059594" />
    <nd ref="4866140040" />
    <nd ref="994059580" />
    <nd ref="4866140039" />
    <nd ref="4866140042" />
    <nd ref="4866140038" />
    <nd ref="994059609" />
    <nd ref="4866140037" />
    <nd ref="994059604" />
    <nd ref="4866140036" />
    <nd ref="4866140041" />
    <nd ref="4866140035" />
    <nd ref="994520522" />
    <nd ref="4866140034" />
    <nd ref="994059582" />
    <nd ref="4866140033" />
    <nd ref="4866140043" />
    <nd ref="4866140032" />
    <nd ref="4206050069" />
    <nd ref="4866140031" />
    <nd ref="994059588" />
    <nd ref="4866140030" />
    <nd ref="994059590" />
    <nd ref="4866140029" />
    <nd ref="994059594" />
    <tag k="highway" v="footway" />
    <tag k="lit" v="yes" />
    <tag k="smoothness" v="good" />
    <tag k="surface" v="paving_stones" />
  </way>
  <way id="85681882" timestamp="2024-02-08T10:03:08Z" uid="17428843" user="Barbara Förster" version="5" changeset="147210176">
    <nd ref="994059583" />
    <nd ref="3986243908" />
    <tag k="highway" v="footway" />
    <tag k="lit" v="yes" />
    <tag k="smoothness" v="good" />
    <tag k="source:width" v="ARCore" />
    <tag k="surface" v="paving_stones" />
    <tag k="width" v="2.5" />
  </way>
  <way id="85696901" timestamp="2023-10-08T09:28:46Z" uid="3020814" user="BER319" version="7" changeset="142296491">
    <nd ref="994520508" />
    <nd ref="994520525" />
    <tag k="handrail" v="yes" />
    <tag k="highway" v="steps" />
    <tag k="incline" v="down" />
    <tag k="lit" v="yes" />
    <tag k="ramp" v="no" />
    <tag k="step_count" v="12" />
    <tag k="surface" v="metal" />
    <tag k="tactile_paving" v="no" />
  </way>
  <way id="89467150" timestamp="2019-04-06T11:27:03Z" uid="1468248" user="PantherStrix" version="4" changeset="68949481">
    <nd ref="922338026" />
    <nd ref="1068064330" />
    <tag k="highway" v="footway" />
    <tag k="lit" v="yes" />
    <tag k="surface" v="paving_stones" />
  </way>
  <way id="89580273" timestamp="2023-11-05T12:39:19Z" uid="6167506" user="christian_plus1" version="12" changeset="143647960">
    <nd ref="1038351475" />
    <nd ref="1028030146" />
    <nd ref="1038351473" />
    <nd ref="2781520751" />
    <nd ref="11324758218" />
    <nd ref="11324758217" />
    <nd ref="911043442" />
    <nd ref="911043433" />
    <nd ref="420646890" />
    <nd ref="420646892" />
    <tag k="bicycle" v="yes" />
    <tag k="highway" v="footway" />
    <tag k="lit" v="yes" />
    <tag k="segregated" v="no" />
    <tag k="smoothness" v="good" />
    <tag k="surface" v="paving_stones" />
  </way>
  <way id="89581228" timestamp="2023-10-08T09:28:51Z" uid="3020814" user="BER319" version="8" changeset="142296491">
    <nd ref="1038356836" />
    <nd ref="1038356833" />
    <tag k="handrail" v="no" />
    <tag k="highway" v="steps" />
    <tag k="incline" v="down" />
    <tag k="lit" v="yes" />
    <tag k="ramp" v="no" />
    <tag k="step_count" v="3" />
    <tag k="surface" v="concrete" />
    <tag k="tactile_paving" v="no" />
  </way>
  <way id="89581230" timestamp="2023-10-08T09:28:51Z" uid="3020814" user="BER319" version="5" changeset="142296477">
    <nd ref="994059586" />
    <nd ref="7476350753" />
    <nd ref="7476350752" />
    <nd ref="1038356839" />
    <nd ref="1038356836" />
    <tag k="highway" v="footway" />
    <tag k="lit" v="yes" />
    <tag k="smoothness" v="intermediate" />
    <tag k="surface" v="compacted" />
  </way>
  <way id="91923579" timestamp="2024-01-14T18:01:02Z" uid="20888446" user="osm-bd9c0c" version="8" changeset="146253915">
    <nd ref="1068064330" />
    <nd ref="1068064288" />
    <tag k="handrail" v="no" />
    <tag k="highway" v="steps" />
    <tag k="incline" v="down" />
    <tag k="lit" v="yes" />
    <tag k="ramp" v="no" />
    <tag k="step_count" v="5" />
    <tag k="surface" v="paving_stones" />
    <tag k="tactile_paving" v="no" />
  </way>
  <way id="91923580" timestamp="2023-11-05T12:39:19Z" uid="6167506" user="christian_plus1" version="6" changeset="143647960">
    <nd ref="11324758204" />
    <nd ref="1068064362" />
    <tag k="covered" v="yes" />
    <tag k="handrail:center" v="yes" />
    <tag k="highway" v="steps" />
    <tag k="incline" v="down" />
    <tag k="level" v="0;-1" />
    <tag k="lit" v="yes" />
    <tag k="ramp" v="no" />
    <tag k="step_count" v="6" />
    <tag k="surface" v="concrete:plates" />
  </way>
  <way id="96565778" timestamp="2024-12-27T20:33:43Z" uid="17304" user="kartograph" version="11" changeset="160691739">
    <nd ref="931650094" />
    <nd ref="11324279826" />
    <nd ref="7978823941" />
    <nd ref="7978813670" />
    <nd ref="931651114" />
    <nd ref="931650808" />
    <tag k="cycleway:both" v="no" />
    <tag k="highway" v="residential" />
    <tag k="lane_markings" v="no" />
    <tag k="lit" v="yes" />
    <tag k="maxspeed:type" v="DE:urban" />
    <tag k="name" v="Am Klubhaus" />
    <tag k="postal_code" v="14482" />
    <tag k="sidewalk" v="no" />
    <tag k="surface" v="sett" />
  </way>
  <way id="96986729" timestamp="2025-02-27T13:02:22Z" uid="1468248" user="PantherStrix" version="9" changeset="163011624">
    <nd ref="1123753907" />
    <nd ref="12623189796" />
    <nd ref="12623189795" />
    <nd ref="1123753892" />
    <tag k="handrail" v="yes" />
    <tag k="highway" v="steps" />
    <tag k="incline" v="down" />
    <tag k="layer" v="1" />
    <tag k="level" v="1;0" />
    <tag k="lit" v="no" />
    <tag k="ramp" v="no" />
    <tag k="step_count" v="30" />
    <tag k="surface" v="metal" />
    <tag k="tactile_paving" v="no" />
  </way>
  <way id="99340024" timestamp="2023-10-08T09:28:54Z" uid="3020814" user="BER319" version="8" changeset="142296491">
    <nd ref="1149060958" />
    <nd ref="911043436" />
    <tag k="handrail" v="no" />
    <tag k="highway" v="steps" />
    <tag k="incline" v="up" />
    <tag k="lit" v="yes" />
    <tag k="ramp" v="no" />
    <tag k="step_count" v="4" />
    <tag k="surface" v="paving_stones" />
    <tag k="tactile_paving" v="no" />
  </way>
  <way id="99340026" timestamp="2023-10-08T09:28:56Z" uid="3020814" user="BER319" version="6" changeset="142296477">
    <nd ref="911043436" />
    <nd ref="420646913" />
    <nd ref="420646916" />
    <nd ref="3982271636" />
    <nd ref="249783108" />
    <tag k="highway" v="footway" />
    <tag k="lit" v="yes" />
    <tag k="smoothness" v="intermediate" />
    <tag k="surface" v="paving_stones" />
  </way>
  <way id="99340969" timestamp="2023-10-03T11:36:32Z" uid="3020814" user="BER319" version="4" changeset="142096243">
    <nd ref="1037525203" />
    <nd ref="1149068051" />
    <tag k="highway" v="footway" />
    <tag k="lit" v="yes" />
    <tag k="smoothness" v="intermediate" />
    <tag k="surface" v="sett" />
  </way>
  <way id="99340970" timestamp="2023-10-08T09:28:37Z" uid="3020814" user="BER319" version="7" changeset="142296477">
    <nd ref="2781520751" />
    <nd ref="6581424422" />
    <nd ref="2781520750" />
    <nd ref="6581424423" />
    <nd ref="4999325942" />
    <nd ref="1037525245" />
    <nd ref="1149068052" />
    <tag k="highway" v="footway" />
    <tag k="lit" v="yes" />
    <tag k="smoothness" v="intermediate" />
    <tag k="surface" v="sett" />
  </way>
  <way id="122872080" timestamp="2021-04-29T06:46:33Z" uid="1468248" user="PantherStrix" version="12" changeset="103819630">
    <nd ref="1371701047" />
    <nd ref="4537367292" />
    <nd ref="4537367293" />
    <nd ref="253752671" />
    <tag k="bicycle" v="yes" />
    <tag k="foot" v="designated" />
    <tag k="highway" v="path" />
    <tag k="lit" v="yes" />
    <tag k="name" v="Uferweg" />
    <tag k="postal_code" v="14482" />
    <tag k="surface" v="asphalt" />
    <tag k="width" v="3" />
  </way>
  <way id="122872085" timestamp="2020-12-18T10:40:01Z" uid="1468248" user="PantherStrix" version="7" changeset="96061975">
    <nd ref="270798465" />
    <nd ref="1371701041" />
    <nd ref="1371701043" />
    <nd ref="1371701045" />
    <nd ref="1371701049" />
    <tag k="handrail" v="no" />
    <tag k="highway" v="steps" />
    <tag k="incline" v="down" />
    <tag k="lit" v="no" />
    <tag k="ramp" v="no" />
    <tag k="step_count" v="15" />
    <tag k="surface" v="compacted" />
  </way>
  <way id="129002095" timestamp="2023-10-03T13:21:24Z" uid="3020814" user="BER319" version="5" changeset="142099415">
    <nd ref="1123753906" />
    <nd ref="1424157260" />
    <tag k="highway" v="service" />
    <tag k="lit" v="yes" />
    <tag k="service" v="parking_aisle" />
    <tag k="smoothness" v="good" />
    <tag k="surface" v="paving_stones" />
  </way>
  <way id="147163380" timestamp="2025-09-19T09:26:49Z" uid="22897978" user="fmc_Mlvln" version="9" changeset="172151236">
    <nd ref="931635103" />
    <nd ref="1603775556" />
    <nd ref="1603775555" />
    <nd ref="1603775545" />
    <nd ref="1603775540" />
    <nd ref="1603775537" />
    <nd ref="1603775554" />
    <nd ref="1603775546" />
    <nd ref="1603775543" />
    <nd ref="148614159" />
    <nd ref="1603775530" />
    <tag k="highway" v="living_street" />
    <tag k="lit" v="yes" />
    <tag k="name" v="Teltower Straße" />
    <tag k="name:etymology:wikidata" v="Q572512" />
    <tag k="name:etymology:wikipedia" v="de:Teltow" />
    <tag k="parking:both" v="separate" />
    <tag k="postal_code" v="14109" />
    <tag k="surface" v="paving_stones" />
    <tag k="vehicle" v="destination" />
  </way>
  <way id="152850006" timestamp="2025-03-16T19:44:24Z" uid="1468248" user="PantherStrix" version="17" changeset="163703942">
    <nd ref="10873315179" />
    <nd ref="5144960787" />
    <nd ref="8676268322" />
    <nd ref="2185098330" />
    <nd ref="12670702918" />
    <nd ref="11634139816" />
    <nd ref="11634139794" />
    <nd ref="931634094" />
    <tag k="cycleway:both" v="no" />
    <tag k="highway" v="residential" />
    <tag k="lanes" v="2" />
    <tag k="lit" v="yes" />
    <tag k="maxspeed" v="30" />
    <tag k="name" v="Stahnsdorfer Straße" />
    <tag k="name:etymology:wikidata" v="Q640426" />
    <tag k="name:etymology:wikipedia" v="de:Stahnsdorf" />
    <tag k="postal_code" v="14482" />
    <tag k="sidewalk" v="right" />
    <tag k="sidewalk:right:surface" v="paving_stones" />
    <tag k="smoothness" v="excellent" />
    <tag k="source:maxspeed" v="sign" />
    <tag k="surface" v="asphalt" />
  </way>
  <way id="154196345" timestamp="2022-02-09T21:08:24Z" uid="1468248" user="PantherStrix" version="6" changeset="117219363">
    <nd ref="1667653878" />
    <nd ref="5144960788" />
    <nd ref="931634367" />
    <tag k="highway" v="residential" />
    <tag k="lit" v="yes" />
    <tag k="maxspeed" v="30" />
    <tag k="name" v="Rote-Kreuz-Straße" />
    <tag k="postal_code" v="14482" />
    <tag k="sidewalk" v="left" />
    <tag k="source:maxspeed" v="DE:zone30" />
    <tag k="surface" v="asphalt" />
  </way>
  <way id="157339973" timestamp="2023-10-08T09:28:50Z" uid="3020814" user="BER319" version="4" changeset="142296477">
    <nd ref="7477208321" />
    <nd ref="1695556896" />
    <nd ref="266766742" />
    <tag k="highway" v="footway" />
    <tag k="lit" v="yes" />
    <tag k="smoothness" v="good" />
    <tag k="surface" v="paving_stones" />
  </way>
  <way id="157767739" timestamp="2023-10-08T09:28:49Z" uid="3020814" user="BER319" version="10" changeset="142296478">
    <nd ref="2158827969" />
    <nd ref="1700233332" />
    <nd ref="1700233341" />
    <nd ref="4866140027" />
    <nd ref="4866140026" />
    <nd ref="4866140025" />
    <nd ref="1700233324" />
    <nd ref="1700233328" />
    <nd ref="1700233333" />
    <nd ref="1700233330" />
    <nd ref="1424157263" />
    <tag k="highway" v="service" />
    <tag k="lit" v="yes" />
    <tag k="smoothness" v="good" />
    <tag k="surface" v="paving_stones" />
  </way>
  <way id="169091096" timestamp="2023-10-03T11:36:37Z" uid="3020814" user="BER319" version="14" changeset="142096246">
    <nd ref="928107758" />
    <nd ref="928108172" />
    <nd ref="3242531913" />
    <tag k="cycleway:both" v="no" />
    <tag k="highway" v="residential" />
    <tag k="lit" v="yes" />
    <tag k="maxspeed" v="30" />
    <tag k="name" v="Prof.-Dr.-Helmert-Straße" />
    <tag k="postal_code" v="14482" />
    <tag k="sidewalk" v="right" />
    <tag k="sidewalk:right:surface" v="paving_stones" />
    <tag k="smoothness" v="good" />
    <tag k="surface" v="paving_stones" />
  </way>
  <way id="169091152" timestamp="2025-08-01T14:08:02Z" uid="23034332" user="fmc_8" version="9" changeset="169820548">
    <nd ref="249783113" />
    <nd ref="27318284" />
    <tag k="cycleway:both" v="no" />
    <tag k="highway" v="residential" />
    <tag k="lit" v="yes" />
    <tag k="mapillary" v="309662168908440" />
    <tag k="maxspeed" v="30" />
    <tag k="name" v="Stahnsdorfer Straße" />
    <tag k="name:etymology:wikidata" v="Q640426" />
    <tag k="name:etymology:wikipedia" v="de:Stahnsdorf" />
    <tag k="postal_code" v="14482" />
    <tag k="sidewalk" v="right" />
    <tag k="sidewalk:right:surface" v="paving_stones" />
    <tag k="smoothness" v="good" />
    <tag k="surface" v="asphalt" />
  </way>
  <way id="169091153" timestamp="2023-10-08T09:28:40Z" uid="3020814" user="BER319" version="3" changeset="142296477">
    <nd ref="911043401" />
    <nd ref="911043410" />
    <tag k="highway" v="footway" />
    <tag k="lit" v="yes" />
    <tag k="smoothness" v="intermediate" />
    <tag k="surface" v="paving_stones" />
  </way>
  <way id="169091155" timestamp="2025-02-01T17:18:12Z" uid="1468248" user="PantherStrix" version="15" changeset="162019155">
    <nd ref="270798540" />
    <nd ref="11324279816" />
    <nd ref="9759170905" />
    <nd ref="88102902" />
    <tag k="cycleway:both" v="no" />
    <tag k="highway" v="residential" />
    <tag k="lane_markings" v="no" />
    <tag k="lit" v="yes" />
    <tag k="maxspeed" v="50" />
    <tag k="maxspeed:conditional" v="30 @ (06:30-17:30)" />
    <tag k="name" v="Karl-Marx-Straße" />
    <tag k="old_name:1870-1938" v="Kaiserstraße" />
    <tag k="old_name:1938-1945" v="Straße der SA" />
    <tag k="parking:both" v="lane" />
    <tag k="parking:both:orientation" v="parallel" />
    <tag k="parking:lane:parallel" v="on_street" />
    <tag k="postal_code" v="14482" />
    <tag k="sidewalk:both" v="separate" />
    <tag k="surface" v="asphalt" />
  </way>
  <way id="169091158" timestamp="2023-10-08T09:28:39Z" uid="3020814" user="BER319" version="6" changeset="142296477">
    <nd ref="911043402" />
    <nd ref="3982271557" />
    <nd ref="420646904" />
    <nd ref="3982117680" />
    <nd ref="911043410" />
    <nd ref="249783106" />
    <tag k="highway" v="footway" />
    <tag k="lit" v="yes" />
    <tag k="smoothness" v="intermediate" />
    <tag k="surface" v="paving_stones" />
  </way>
  <way id="169091162" timestamp="2026-01-30T17:22:48Z" uid="1468248" user="PantherStrix" version="17" changeset="177899319">
    <nd ref="9922279734" />
    <nd ref="3811289173" />
    <nd ref="3811289174" />
    <nd ref="13512671924" />
    <nd ref="9983270477" />
    <nd ref="11324283379" />
    <nd ref="2525558839" />
    <nd ref="2525558840" />
    <nd ref="11324283382" />
    <nd ref="9983287394" />
    <nd ref="4866140096" />
    <nd ref="11324283388" />
    <nd ref="253752670" />
    <tag k="cycleway:left" v="no" />
    <tag k="cycleway:right" v="lane" />
    <tag k="cycleway:right:lane" v="advisory" />
    <tag k="highway" v="tertiary" />
    <tag k="lanes" v="2" />
    <tag k="lit" v="yes" />
    <tag k="maxspeed" v="10" />
    <tag k="maxspeed:type" v="sign" />
    <tag k="name" v="Rudolf-Breitscheid-Straße" />
    <tag k="old_name" v="Lindenstraße" />
    <tag k="postal_code" v="14482" />
    <tag k="sidewalk:both" v="separate" />
    <tag k="smoothness" v="intermediate" />
    <tag k="source:maxspeed" v="sign" />
    <tag k="surface" v="asphalt" />
    <tag k="traffic_sign" v="DE:274[10]" />
  </way>
  <way id="184389864" timestamp="2022-08-28T12:15:03Z" uid="1468248" user="PantherStrix" version="14" changeset="125475048">
    <nd ref="253752671" />
    <nd ref="1118538664" />
    <nd ref="6899918782" />
    <nd ref="253752345" />
    <nd ref="9983287401" />
    <nd ref="622298617" />
    <nd ref="253752346" />
    <nd ref="414021449" />
    <tag k="bicycle" v="yes" />
    <tag k="foot" v="designated" />
    <tag k="highway" v="path" />
    <tag k="lit" v="yes" />
    <tag k="name" v="Uferweg" />
    <tag k="postal_code" v="14482" />
    <tag k="surface" v="compacted" />
    <tag k="width" v="3" />
  </way>
  <way id="201415909" timestamp="2024-12-27T20:33:43Z" uid="17304" user="kartograph" version="10" changeset="160691739">
    <nd ref="1123753890" />
    <nd ref="2113900837" />
    <nd ref="2113900834" />
    <nd ref="1122218239" />
    <tag k="cycleway:both" v="no" />
    <tag k="highway" v="residential" />
    <tag k="lit" v="yes" />
    <tag k="maxspeed" v="30" />
    <tag k="name" v="Prof.-Dr.-Helmert-Straße" />
    <tag k="postal_code" v="14482" />
    <tag k="sidewalk" v="no" />
    <tag k="smoothness" v="good" />
    <tag k="surface" v="paving_stones" />
  </way>
  <way id="202283277" timestamp="2022-02-05T18:27:37Z" uid="1468248" user="PantherStrix" version="6" changeset="117056303">
    <nd ref="2122561533" />
    <nd ref="2122561547" />
    <nd ref="9481748342" />
    <nd ref="2122561548" />
    <nd ref="9481748344" />
    <nd ref="2122561535" />
    <nd ref="9481748343" />
    <nd ref="9481748345" />
    <nd ref="2122561543" />
    <nd ref="2122561529" />
    <nd ref="2122561544" />
    <nd ref="2122561540" />
    <nd ref="2122561533" />
    <tag k="access" v="permissive" />
    <tag k="bicycle" v="dismount" />
    <tag k="highway" v="footway" />
    <tag k="lit" v="yes" />
    <tag k="motor_vehicle" v="no" />
    <tag k="surface" v="compacted" />
  </way>
  <way id="202283279" timestamp="2022-02-05T16:33:56Z" uid="1468248" user="PantherStrix" version="5" changeset="117050278">
    <nd ref="2122561530" />
    <nd ref="2122561533" />
    <tag k="access" v="permissive" />
    <tag k="bicycle" v="dismount" />
    <tag k="highway" v="footway" />
    <tag k="lit" v="yes" />
    <tag k="motor_vehicle" v="no" />
    <tag k="surface" v="compacted" />
  </way>
  <way id="202283280" timestamp="2021-05-03T17:15:19Z" uid="13196718" user="kapybara" version="6" changeset="104071706">
    <nd ref="2122561525" />
    <nd ref="4874646827" />
    <tag k="access" v="permissive" />
    <tag k="bicycle" v="dismount" />
    <tag k="highway" v="footway" />
    <tag k="lit" v="yes" />
    <tag k="motor_vehicle" v="no" />
    <tag k="surface" v="paving_stones" />
  </way>
  <way id="202283281" timestamp="2022-02-05T16:33:54Z" uid="1468248" user="PantherStrix" version="5" changeset="117050278">
    <nd ref="2122561539" />
    <nd ref="2122561540" />
    <tag k="access" v="permissive" />
    <tag k="bicycle" v="dismount" />
    <tag k="highway" v="footway" />
    <tag k="lit" v="yes" />
    <tag k="motor_vehicle" v="no" />
    <tag k="surface" v="compacted" />
  </way>
  <way id="202283282" timestamp="2022-02-05T18:27:37Z" uid="1468248" user="PantherStrix" version="7" changeset="117056303">
    <nd ref="2122561544" />
    <nd ref="2122561532" />
    <nd ref="5744148133" />
    <nd ref="2122561525" />
    <nd ref="5144960814" />
    <nd ref="5144960813" />
    <nd ref="5144960812" />
    <nd ref="8676268325" />
    <nd ref="2122561526" />
    <nd ref="8676268328" />
    <nd ref="2122561530" />
    <nd ref="2122561539" />
    <nd ref="9481748346" />
    <nd ref="2122561528" />
    <tag k="access" v="permissive" />
    <tag k="bicycle" v="dismount" />
    <tag k="highway" v="footway" />
    <tag k="lit" v="yes" />
    <tag k="motor_vehicle" v="no" />
    <tag k="surface" v="paving_stones" />
  </way>
  <way id="202283283" timestamp="2024-02-17T11:31:05Z" uid="13975512" user="nebuu" version="8" changeset="147566628">
    <nd ref="2122561529" />
    <nd ref="2122561545" />
    <nd ref="9481748341" />
    <nd ref="2122561531" />
    <nd ref="9481748340" />
    <nd ref="2122561546" />
    <nd ref="2122561536" />
    <nd ref="11634139797" />
    <nd ref="2122561532" />
    <tag k="access" v="permissive" />
    <tag k="bicycle" v="dismount" />
    <tag k="highway" v="footway" />
    <tag k="lit" v="yes" />
    <tag k="motor_vehicle" v="no" />
    <tag k="surface" v="compacted" />
  </way>
  <way id="202283284" timestamp="2021-05-03T17:15:21Z" uid="13196718" user="kapybara" version="5" changeset="104071706">
    <nd ref="2122561530" />
    <nd ref="2122561538" />
    <tag k="access" v="permissive" />
    <tag k="bicycle" v="dismount" />
    <tag k="highway" v="footway" />
    <tag k="lit" v="yes" />
    <tag k="motor_vehicle" v="no" />
    <tag k="surface" v="paving_stones" />
  </way>
  <way id="205892493" timestamp="2023-10-08T09:28:47Z" uid="3020814" user="BER319" version="9" changeset="142296477">
    <nd ref="4866140031" />
    <nd ref="4206050065" />
    <nd ref="4206034494" />
    <nd ref="4206034501" />
    <nd ref="4206034500" />
    <tag k="highway" v="footway" />
    <tag k="lit" v="yes" />
    <tag k="smoothness" v="good" />
    <tag k="source" v="approximation" />
    <tag k="surface" v="paving_stones" />
  </way>
  <way id="205893179" timestamp="2024-01-23T12:18:50Z" uid="16371836" user="Till_btn" version="7" changeset="146590568">
    <nd ref="1700233314" />
    <nd ref="2158827969" />
    <nd ref="7477208321" />
    <nd ref="1700233312" />
    <nd ref="1695556890" />
    <tag k="highway" v="service" />
    <tag k="lit" v="yes" />
    <tag k="smoothness" v="good" />
    <tag k="surface" v="paving_stones" />
  </way>
  <way id="208182844" timestamp="2021-04-28T12:22:38Z" uid="13196718" user="kapybara" version="3" changeset="103776374">
    <nd ref="2185098330" />
    <nd ref="7388092310" />
    <nd ref="2185098334" />
    <nd ref="2185098338" />
    <nd ref="2185098344" />
    <nd ref="2185098348" />
    <nd ref="2185098347" />
    <nd ref="2185098346" />
    <nd ref="2185098345" />
    <tag k="access" v="private" />
    <tag k="highway" v="service" />
    <tag k="motor_vehicle" v="private" />
  </way>
  <way id="226878495" timestamp="2022-09-21T07:16:12Z" uid="9450933" user="OpenGreenStreet" version="5" changeset="126450280">
    <nd ref="926885039" />
    <nd ref="4868434117" />
    <nd ref="2356128728" />
    <tag k="highway" v="footway" />
    <tag k="lit" v="yes" />
    <tag k="smoothness" v="good" />
    <tag k="surface" v="paving_stones" />
  </way>
  <way id="236571522" timestamp="2021-07-10T17:47:48Z" uid="550560" user="Seandebasti" version="9" changeset="107757270">
    <nd ref="7388139913" />
    <nd ref="253752342" />
    <nd ref="1371701047" />
    <tag k="access" v="private" />
    <tag k="bicycle" v="no" />
    <tag k="foot" v="no" />
    <tag k="highway" v="path" />
    <tag k="name" v="Uferweg" />
    <tag k="postal_code" v="14482" />
    <tag k="surface" v="paved" />
    <tag k="website" v="https://web.archive.org/web/20170708235556/http://www.potsdam.de/uferwege-der-landeshauptstadt" />
    <tag k="width" v="3" />
  </way>
  <way id="244034983" timestamp="2024-12-07T06:33:49Z" uid="1468248" user="PantherStrix" version="4" changeset="160016896">
    <nd ref="2513869267" />
    <nd ref="12401442164" />
    <nd ref="12401442165" />
    <tag k="highway" v="footway" />
    <tag k="indoor" v="yes" />
    <tag k="lit" v="yes" />
    <tag k="surface" v="paving_stones" />
  </way>
  <way id="244034984" timestamp="2024-12-07T06:33:49Z" uid="1468248" user="PantherStrix" version="5" changeset="160016896">
    <nd ref="2513869267" />
    <nd ref="12401442163" />
    <nd ref="612771896" />
    <nd ref="2513869272" />
    <tag k="highway" v="footway" />
    <tag k="indoor" v="yes" />
    <tag k="layer" v="-1" />
    <tag k="level" v="-1" />
    <tag k="lit" v="yes" />
    <tag k="surface" v="paving_stones" />
    <tag k="tunnel" v="yes" />
  </way>
  <way id="245343314" timestamp="2023-10-03T11:36:39Z" uid="3020814" user="BER319" version="5" changeset="142096243">
    <nd ref="2513869241" />
    <nd ref="2525548853" />
    <tag k="highway" v="footway" />
    <tag k="layer" v="-1" />
    <tag k="lit" v="yes" />
    <tag k="smoothness" v="good" />
    <tag k="surface" v="paving_stones" />
    <tag k="tunnel" v="yes" />
  </way>
  <way id="245343315" timestamp="2023-10-03T11:36:39Z" uid="3020814" user="BER319" version="4" changeset="142096243">
    <nd ref="2525548853" />
    <nd ref="2525548852" />
    <nd ref="309164583" />
    <tag k="highway" v="footway" />
    <tag k="lit" v="yes" />
    <tag k="smoothness" v="good" />
    <tag k="surface" v="paving_stones" />
  </way>
  <way id="245344426" timestamp="2021-07-17T19:45:12Z" uid="1468248" user="PantherStrix" version="5" changeset="108172087">
    <nd ref="2525558829" />
    <nd ref="2525558830" />
    <tag k="highway" v="service" />
    <tag k="service" v="parking_aisle" />
    <tag k="surface" v="paving_stones" />
  </way>
  <way id="245344428" timestamp="2023-11-05T12:13:32Z" uid="6167506" user="christian_plus1" version="5" changeset="143647074">
    <nd ref="2525558840" />
    <nd ref="11324283402" />
    <nd ref="2525558838" />
    <nd ref="2525558827" />
    <nd ref="2525558828" />
    <nd ref="7057686552" />
    <nd ref="2525558831" />
    <nd ref="7057686553" />
    <nd ref="2525558832" />
    <nd ref="2525558833" />
    <tag k="access" v="customers" />
    <tag k="highway" v="service" />
    <tag k="service" v="parking_aisle" />
    <tag k="surface" v="asphalt" />
  </way>
  <way id="245344429" timestamp="2023-11-05T12:13:32Z" uid="6167506" user="christian_plus1" version="7" changeset="143647074">
    <nd ref="2525558839" />
    <nd ref="11324283401" />
    <nd ref="9983287340" />
    <nd ref="2525558830" />
    <nd ref="2525558824" />
    <nd ref="2525558823" />
    <nd ref="2525558829" />
    <nd ref="2525558834" />
    <nd ref="9983287340" />
    <tag k="access" v="customers" />
    <tag k="highway" v="service" />
    <tag k="service" v="parking_aisle" />
    <tag k="surface" v="paving_stones" />
  </way>
  <way id="258405692" action="delete" timestamp="2023-10-08T09:28:52Z" uid="3020814" user="BER319" version="6" changeset="142296477">
    <tag k="highway" v="footway" />
    <tag k="lit" v="yes" />
    <tag k="name" v="Zugang IFI OST" />
    <tag k="smoothness" v="intermediate" />
    <tag k="surface" v="sett" />
  </way>
  <way id="258406166" action="delete" timestamp="2023-10-03T11:36:33Z" uid="3020814" user="BER319" version="6" changeset="142096243">
    <tag k="highway" v="footway" />
    <tag k="lit" v="yes" />
    <tag k="smoothness" v="intermediate" />
    <tag k="surface" v="sett" />
  </way>
  <way id="272269066" action="modify" timestamp="2024-02-27T17:35:51Z" uid="1468248" user="PantherStrix" version="11" changeset="147983389">
    <nd ref="2781520744" />
    <nd ref="7476477606" />
    <nd ref="1028030142" />
    <nd ref="-26297" />
    <nd ref="5198309031" />
    <nd ref="1037525203" />
    <tag k="access" v="private" />
    <tag k="bicycle" v="yes" />
    <tag k="emergency" v="designated" />
    <tag k="foot" v="yes" />
    <tag k="highway" v="service" />
    <tag k="lit" v="yes" />
    <tag k="service" v="parking_aisle" />
    <tag k="smoothness" v="intermediate" />
    <tag k="surface" v="sett" />
  </way>
  <way id="273275850" timestamp="2023-10-08T09:28:37Z" uid="3020814" user="BER319" version="10" changeset="142296477">
    <nd ref="11247711086" />
    <nd ref="2781520749" />
    <nd ref="2781520748" />
    <tag k="highway" v="footway" />
    <tag k="lit" v="yes" />
    <tag k="smoothness" v="intermediate" />
    <tag k="surface" v="sett" />
  </way>
  <way id="281266369" timestamp="2018-08-12T16:56:25Z" uid="1468248" user="PantherStrix" version="4" changeset="61593024">
    <nd ref="2138533029" />
    <nd ref="2852446317" />
    <nd ref="2852446318" />
    <nd ref="2852446323" />
    <tag k="bicycle" v="designated" />
    <tag k="foot" v="designated" />
    <tag k="highway" v="path" />
    <tag k="lit" v="no" />
    <tag k="segregated" v="no" />
    <tag k="surface" v="paving_stones" />
  </way>
  <way id="281266371" timestamp="2025-03-16T19:44:24Z" uid="1468248" user="PantherStrix" version="5" changeset="163703942">
    <nd ref="3270146999" />
    <nd ref="2852446316" />
    <nd ref="2852446315" />
    <nd ref="2852446313" />
    <nd ref="2852446314" />
    <tag k="access" v="private" />
    <tag k="highway" v="footway" />
    <tag k="lit" v="no" />
    <tag k="surface" v="dirt" />
  </way>
  <way id="317918068" timestamp="2022-10-28T07:01:54Z" uid="17428843" user="Barbara Förster" version="6" changeset="128157757">
    <nd ref="955135731" />
    <nd ref="249783097" />
    <nd ref="928107758" />
    <tag k="access" v="no" />
    <tag k="bus" v="yes" />
    <tag k="highway" v="residential" />
    <tag k="maxspeed" v="30" />
    <tag k="name" v="Prof.-Dr.-Helmert-Straße" />
    <tag k="oneway" v="yes" />
    <tag k="postal_code" v="14482" />
    <tag k="sidewalk" v="right" />
    <tag k="sidewalk:right:surface" v="paving_stones" />
    <tag k="surface" v="asphalt" />
  </way>
  <way id="317918069" timestamp="2024-02-27T17:35:51Z" uid="1468248" user="PantherStrix" version="13" changeset="147983389">
    <nd ref="3242531913" />
    <nd ref="928124183" />
    <nd ref="1123753890" />
    <nd ref="11669622006" />
    <nd ref="10264921803" />
    <nd ref="10264921804" />
    <nd ref="11669622005" />
    <nd ref="10264921805" />
    <nd ref="11669622004" />
    <nd ref="1123753904" />
    <nd ref="11669622003" />
    <nd ref="10264921802" />
    <nd ref="11669622002" />
    <nd ref="1123753894" />
    <tag k="cycleway:both" v="no" />
    <tag k="highway" v="residential" />
    <tag k="lit" v="yes" />
    <tag k="maxspeed" v="30" />
    <tag k="name" v="Prof.-Dr.-Helmert-Straße" />
    <tag k="postal_code" v="14482" />
    <tag k="sidewalk" v="right" />
    <tag k="sidewalk:right:surface" v="paving_stones" />
    <tag k="smoothness" v="good" />
    <tag k="surface" v="paving_stones" />
  </way>
  <way id="377733347" timestamp="2018-03-15T17:51:10Z" uid="1468248" user="PantherStrix" version="2" changeset="57218598">
    <nd ref="3811283551" />
    <nd ref="3811283549" />
    <tag k="highway" v="footway" />
    <tag k="lit" v="yes" />
    <tag k="smoothness" v="good" />
    <tag k="surface" v="paving_stones" />
  </way>
  <way id="377733348" timestamp="2022-08-28T12:15:03Z" uid="1468248" user="PantherStrix" version="3" changeset="125475048">
    <nd ref="3811289169" />
    <nd ref="3811289170" />
    <nd ref="9983270472" />
    <tag k="highway" v="footway" />
    <tag k="lit" v="yes" />
    <tag k="smoothness" v="good" />
    <tag k="surface" v="paving_stones" />
  </way>
  <way id="377733349" timestamp="2018-03-15T17:51:17Z" uid="1468248" user="PantherStrix" version="2" changeset="57218598">
    <nd ref="3811289158" />
    <nd ref="3811289159" />
    <nd ref="3811289161" />
    <nd ref="3811289163" />
    <tag k="highway" v="footway" />
    <tag k="lit" v="yes" />
    <tag k="smoothness" v="good" />
    <tag k="surface" v="paving_stones" />
  </way>
  <way id="377733350" timestamp="2023-11-05T12:13:32Z" uid="6167506" user="christian_plus1" version="2" changeset="143647074">
    <nd ref="3811289171" />
    <nd ref="11324279860" />
    <nd ref="3811289169" />
    <nd ref="3811289165" />
    <nd ref="3811289166" />
    <nd ref="3811283546" />
    <tag k="access" v="customers" />
    <tag k="highway" v="service" />
    <tag k="service" v="parking_aisle" />
    <tag k="smoothness" v="good" />
    <tag k="surface" v="paving_stones" />
  </way>
  <way id="377733351" timestamp="2023-11-05T12:13:32Z" uid="6167506" user="christian_plus1" version="4" changeset="143647074">
    <nd ref="3811289173" />
    <nd ref="11324283398" />
    <nd ref="3811289170" />
    <nd ref="3811289159" />
    <nd ref="3811283550" />
    <nd ref="3811283551" />
    <nd ref="3811283552" />
    <nd ref="3811289161" />
    <nd ref="9983270472" />
    <nd ref="11324283399" />
    <nd ref="3811289174" />
    <tag k="highway" v="footway" />
    <tag k="lit" v="yes" />
    <tag k="smoothness" v="good" />
    <tag k="surface" v="paving_stones" />
  </way>
  <way id="381580841" timestamp="2024-03-31T19:30:55Z" uid="13457705" user="Miroka96" version="4" changeset="149404944">
    <nd ref="588653351" />
    <nd ref="4537367321" />
    <nd ref="309169038" />
    <tag k="highway" v="track" />
    <tag k="lit" v="no" />
    <tag k="motor_vehicle" v="forestry" />
    <tag k="name" v="Contrabandensteig" />
    <tag k="surface" v="compacted" />
    <tag k="tracktype" v="grade3" />
  </way>
  <way id="383977237" timestamp="2022-05-16T13:00:50Z" uid="15862952" user="Biohtoaster" version="6" changeset="121053318">
    <nd ref="4866140057" />
    <nd ref="5359343784" />
    <nd ref="5359343783" />
    <nd ref="5359343782" />
    <nd ref="5359343781" />
    <nd ref="5359343780" />
    <nd ref="5359343779" />
    <nd ref="5359343778" />
    <nd ref="9743667406" />
    <nd ref="5359343777" />
    <nd ref="3872783897" />
    <nd ref="3872783898" />
    <nd ref="5359343785" />
    <nd ref="815983460" />
    <tag k="highway" v="footway" />
    <tag k="lit" v="yes" />
    <tag k="surface" v="paving_stones" />
  </way>
  <way id="383977238" timestamp="2023-10-03T13:10:37Z" uid="3020814" user="BER319" version="3" changeset="142099417">
    <nd ref="1028030217" />
    <nd ref="3872783898" />
    <nd ref="3872783874" />
    <tag k="highway" v="service" />
    <tag k="lit" v="yes" />
    <tag k="service" v="parking_aisle" />
    <tag k="smoothness" v="good" />
    <tag k="surface" v="paving_stones" />
  </way>
  <way id="383977239" timestamp="2021-08-06T03:33:07Z" uid="1468248" user="PantherStrix" version="3" changeset="109229810">
    <nd ref="3872783873" />
    <nd ref="3872783897" />
    <nd ref="3872783917" />
    <nd ref="3872783912" />
    <nd ref="5359343777" />
    <nd ref="3872783872" />
    <tag k="highway" v="service" />
    <tag k="lit" v="yes" />
    <tag k="maxspeed" v="20" />
    <tag k="service" v="parking_aisle" />
    <tag k="surface" v="paving_stones" />
  </way>
  <way id="383977240" timestamp="2021-08-06T03:33:03Z" uid="1468248" user="PantherStrix" version="4" changeset="109229810">
    <nd ref="3872783921" />
    <nd ref="3872783920" />
    <nd ref="3872783932" />
    <nd ref="3872783933" />
    <nd ref="3872783921" />
    <nd ref="3872783912" />
    <tag k="highway" v="service" />
    <tag k="lit" v="yes" />
    <tag k="maxspeed" v="20" />
    <tag k="service" v="parking_aisle" />
    <tag k="surface" v="paving_stones" />
  </way>
  <way id="395301589" timestamp="2023-10-08T09:28:40Z" uid="3020814" user="BER319" version="5" changeset="142296477">
    <nd ref="3982109416" />
    <nd ref="3982109435" />
    <tag k="highway" v="footway" />
    <tag k="lit" v="yes" />
    <tag k="smoothness" v="intermediate" />
    <tag k="surface" v="paving_stones" />
  </way>
  <way id="395301590" timestamp="2023-10-08T09:28:41Z" uid="3020814" user="BER319" version="6" changeset="142296477">
    <nd ref="3982109431" />
    <nd ref="3982109432" />
    <nd ref="3982109433" />
    <nd ref="3982109434" />
    <nd ref="3982109435" />
    <nd ref="3982109417" />
    <nd ref="3982109418" />
    <nd ref="3982109419" />
    <nd ref="3982109420" />
    <nd ref="3982109421" />
    <nd ref="3982109427" />
    <nd ref="3982109428" />
    <nd ref="3982109429" />
    <nd ref="3982109430" />
    <nd ref="3982109422" />
    <nd ref="3982109423" />
    <nd ref="3982109424" />
    <nd ref="3982109425" />
    <nd ref="3982109426" />
    <nd ref="3982109431" />
    <tag k="highway" v="footway" />
    <tag k="lit" v="yes" />
    <tag k="smoothness" v="intermediate" />
    <tag k="surface" v="sett" />
  </way>
  <way id="395303023" timestamp="2023-10-08T09:28:39Z" uid="3020814" user="BER319" version="4" changeset="142296477">
    <nd ref="3982117680" />
    <nd ref="3982117681" />
    <tag k="highway" v="footway" />
    <tag k="lit" v="yes" />
    <tag k="smoothness" v="intermediate" />
    <tag k="surface" v="paving_stones" />
  </way>
  <way id="395303024" timestamp="2023-10-08T09:28:39Z" uid="3020814" user="BER319" version="4" changeset="142296477">
    <nd ref="3982117694" />
    <nd ref="3982117695" />
    <nd ref="3982117696" />
    <nd ref="3982117697" />
    <nd ref="3982117698" />
    <nd ref="3982117699" />
    <nd ref="3982117681" />
    <nd ref="3982117682" />
    <nd ref="3982117683" />
    <nd ref="3982117688" />
    <nd ref="3982117689" />
    <nd ref="3982117690" />
    <nd ref="3982117691" />
    <nd ref="3982117692" />
    <nd ref="3982117693" />
    <nd ref="3982117684" />
    <nd ref="3982117685" />
    <nd ref="3982117686" />
    <nd ref="3982117687" />
    <nd ref="3982117694" />
    <tag k="highway" v="footway" />
    <tag k="lit" v="yes" />
    <tag k="smoothness" v="good" />
    <tag k="surface" v="paving_stones" />
  </way>
  <way id="395316030" timestamp="2023-10-08T09:28:39Z" uid="3020814" user="BER319" version="4" changeset="142296477">
    <nd ref="3982271557" />
    <nd ref="3982271558" />
    <tag k="highway" v="footway" />
    <tag k="lit" v="yes" />
    <tag k="smoothness" v="intermediate" />
    <tag k="surface" v="paving_stones" />
  </way>
  <way id="395316033" timestamp="2023-10-08T09:28:39Z" uid="3020814" user="BER319" version="5" changeset="142296477">
    <nd ref="3982271571" />
    <nd ref="3982271572" />
    <nd ref="7006454174" />
    <nd ref="3982271574" />
    <nd ref="3982271575" />
    <nd ref="3982271576" />
    <nd ref="3982271558" />
    <nd ref="3982271559" />
    <nd ref="3982271560" />
    <nd ref="3982271561" />
    <nd ref="3982271566" />
    <nd ref="3982271567" />
    <nd ref="3982271568" />
    <nd ref="3982271569" />
    <nd ref="3982271570" />
    <nd ref="3982271562" />
    <nd ref="3982271563" />
    <nd ref="3982271564" />
    <nd ref="3982271565" />
    <nd ref="3982271571" />
    <tag k="highway" v="footway" />
    <tag k="lit" v="yes" />
    <tag k="smoothness" v="good" />
    <tag k="surface" v="paving_stones" />
  </way>
  <way id="395316035" timestamp="2023-11-07T08:20:45Z" uid="13547320" user="VonMorgen" version="4" changeset="143724680">
    <nd ref="3982271577" />
    <nd ref="3982271578" />
    <tag k="check_date:surface" v="2023-11-07" />
    <tag k="highway" v="footway" />
    <tag k="lit" v="yes" />
    <tag k="surface" v="paving_stones" />
  </way>
  <way id="395316036" timestamp="2023-11-07T08:20:46Z" uid="13547320" user="VonMorgen" version="4" changeset="143724680">
    <nd ref="3982271592" />
    <nd ref="3982271593" />
    <nd ref="3982271594" />
    <nd ref="3982271595" />
    <nd ref="3982271596" />
    <nd ref="3982271578" />
    <nd ref="3982271579" />
    <nd ref="3982271580" />
    <nd ref="3982271581" />
    <nd ref="3982271586" />
    <nd ref="3982271587" />
    <nd ref="3982271588" />
    <nd ref="3982271589" />
    <nd ref="3982271590" />
    <nd ref="3982271591" />
    <nd ref="3982271582" />
    <nd ref="3982271583" />
    <nd ref="3982271584" />
    <nd ref="3982271585" />
    <nd ref="3982271592" />
    <tag k="check_date:surface" v="2023-11-07" />
    <tag k="highway" v="footway" />
    <tag k="lit" v="yes" />
    <tag k="surface" v="paving_stones" />
  </way>
  <way id="395316037" timestamp="2023-11-07T08:20:46Z" uid="13547320" user="VonMorgen" version="4" changeset="143724680">
    <nd ref="3982271597" />
    <nd ref="3982271598" />
    <tag k="check_date:surface" v="2023-11-07" />
    <tag k="highway" v="footway" />
    <tag k="lit" v="yes" />
    <tag k="surface" v="paving_stones" />
  </way>
  <way id="395316038" timestamp="2025-04-19T19:48:06Z" uid="13547320" user="VonMorgen" version="4" changeset="165168682">
    <nd ref="3982271610" />
    <nd ref="3982271611" />
    <nd ref="3982271612" />
    <nd ref="3982271613" />
    <nd ref="3982271614" />
    <nd ref="3982271615" />
    <nd ref="3982271616" />
    <nd ref="3982271598" />
    <nd ref="3982271599" />
    <nd ref="3982271600" />
    <nd ref="3982271605" />
    <nd ref="3982271606" />
    <nd ref="3982271607" />
    <nd ref="3982271608" />
    <nd ref="3982271609" />
    <nd ref="3982271601" />
    <nd ref="3982271602" />
    <nd ref="3982271603" />
    <nd ref="3982271604" />
    <nd ref="3982271610" />
    <tag k="check_date:surface" v="2025-04-19" />
    <tag k="highway" v="footway" />
    <tag k="lit" v="yes" />
    <tag k="surface" v="paving_stones" />
  </way>
  <way id="395316039" timestamp="2023-10-08T09:28:56Z" uid="3020814" user="BER319" version="4" changeset="142296477">
    <nd ref="420646916" />
    <nd ref="3982271617" />
    <tag k="highway" v="footway" />
    <tag k="lit" v="yes" />
    <tag k="smoothness" v="intermediate" />
    <tag k="surface" v="paving_stones" />
  </way>
  <way id="395316040" timestamp="2023-10-08T09:28:57Z" uid="3020814" user="BER319" version="6" changeset="142296477">
    <nd ref="3982271628" />
    <nd ref="3982271629" />
    <nd ref="3982271630" />
    <nd ref="3982271631" />
    <nd ref="3982271632" />
    <nd ref="3982271633" />
    <nd ref="3982271634" />
    <nd ref="3982271635" />
    <nd ref="3982271617" />
    <nd ref="3982271618" />
    <nd ref="3982271619" />
    <nd ref="3982271624" />
    <nd ref="3982271625" />
    <nd ref="3982271626" />
    <nd ref="3982271627" />
    <nd ref="3982271620" />
    <nd ref="3982271621" />
    <nd ref="3982271622" />
    <nd ref="3982271623" />
    <nd ref="3982271628" />
    <tag k="highway" v="footway" />
    <tag k="lit" v="yes" />
    <tag k="smoothness" v="intermediate" />
    <tag k="surface" v="sett" />
  </way>
  <way id="395316041" timestamp="2023-10-08T09:28:57Z" uid="3020814" user="BER319" version="4" changeset="142296477">
    <nd ref="3982271636" />
    <nd ref="3982271637" />
    <tag k="highway" v="footway" />
    <tag k="lit" v="yes" />
    <tag k="smoothness" v="intermediate" />
    <tag k="surface" v="paving_stones" />
  </way>
  <way id="395316042" timestamp="2023-10-08T09:28:57Z" uid="3020814" user="BER319" version="6" changeset="142296477">
    <nd ref="3982271650" />
    <nd ref="3982271651" />
    <nd ref="3982271652" />
    <nd ref="3982271653" />
    <nd ref="3982271654" />
    <nd ref="3982271655" />
    <nd ref="3982271637" />
    <nd ref="3982271638" />
    <nd ref="3982271639" />
    <nd ref="3982271644" />
    <nd ref="3982271645" />
    <nd ref="3982271646" />
    <nd ref="3982271647" />
    <nd ref="3982271648" />
    <nd ref="3982271649" />
    <nd ref="3982271640" />
    <nd ref="3982271641" />
    <nd ref="3982271642" />
    <nd ref="3982271643" />
    <nd ref="3982271650" />
    <tag k="highway" v="footway" />
    <tag k="lit" v="yes" />
    <tag k="smoothness" v="intermediate" />
    <tag k="surface" v="sett" />
  </way>
  <way id="395316043" timestamp="2023-10-08T09:28:54Z" uid="3020814" user="BER319" version="5" changeset="142296477">
    <nd ref="911043407" />
    <nd ref="3982271957" />
    <tag k="highway" v="footway" />
    <tag k="lit" v="yes" />
    <tag k="smoothness" v="intermediate" />
    <tag k="surface" v="paving_stones" />
  </way>
  <way id="395316044" timestamp="2023-10-08T09:28:55Z" uid="3020814" user="BER319" version="5" changeset="142296477">
    <nd ref="3982271957" />
    <nd ref="3982271964" />
    <nd ref="3982271960" />
    <nd ref="3982271962" />
    <nd ref="3982271957" />
    <tag k="highway" v="footway" />
    <tag k="lit" v="yes" />
    <tag k="smoothness" v="intermediate" />
    <tag k="surface" v="paving_stones" />
  </way>
  <way id="395316045" timestamp="2023-10-08T09:28:41Z" uid="3020814" user="BER319" version="5" changeset="142296477">
    <nd ref="3982109416" />
    <nd ref="3982271977" />
    <tag k="highway" v="footway" />
    <tag k="lit" v="yes" />
    <tag k="smoothness" v="intermediate" />
    <tag k="surface" v="paving_stones" />
  </way>
  <way id="395316046" timestamp="2023-10-08T09:28:41Z" uid="3020814" user="BER319" version="6" changeset="142296477">
    <nd ref="3982271989" />
    <nd ref="3982271990" />
    <nd ref="3982271991" />
    <nd ref="3982271992" />
    <nd ref="3982271993" />
    <nd ref="3982271994" />
    <nd ref="3982271995" />
    <nd ref="3982271977" />
    <nd ref="3982271978" />
    <nd ref="3982271979" />
    <nd ref="3982271984" />
    <nd ref="3982271985" />
    <nd ref="3982271986" />
    <nd ref="3982271987" />
    <nd ref="3982271988" />
    <nd ref="3982271980" />
    <nd ref="3982271981" />
    <nd ref="3982271982" />
    <nd ref="3982271983" />
    <nd ref="3982271989" />
    <tag k="highway" v="footway" />
    <tag k="lit" v="yes" />
    <tag k="smoothness" v="intermediate" />
    <tag k="surface" v="sett" />
  </way>
  <way id="419972632" timestamp="2023-10-08T09:28:44Z" uid="3020814" user="BER319" version="6" changeset="142296478">
    <nd ref="4199580122" />
    <nd ref="4199580123" />
    <tag k="highway" v="service" />
    <tag k="lit" v="yes" />
    <tag k="service" v="parking_aisle" />
    <tag k="smoothness" v="intermediate" />
    <tag k="surface" v="paving_stones" />
  </way>
  <way id="419972633" timestamp="2023-10-08T09:28:43Z" uid="3020814" user="BER319" version="7" changeset="142296478">
    <nd ref="924217529" />
    <nd ref="4199580124" />
    <tag k="highway" v="service" />
    <tag k="lit" v="yes" />
    <tag k="service" v="parking_aisle" />
    <tag k="smoothness" v="intermediate" />
    <tag k="surface" v="paving_stones" />
  </way>
  <way id="420645335" timestamp="2023-10-08T09:28:45Z" uid="3020814" user="BER319" version="5" changeset="142296486">
    <nd ref="7476465530" />
    <nd ref="4206008086" />
    <nd ref="4206008087" />
    <tag k="highway" v="service" />
    <tag k="lit" v="yes" />
    <tag k="service" v="parking_aisle" />
    <tag k="smoothness" v="intermediate" />
    <tag k="surface" v="paving_stones" />
  </way>
  <way id="420649487" timestamp="2023-10-08T09:28:47Z" uid="3020814" user="BER319" version="5" changeset="142296477">
    <nd ref="4206034494" />
    <nd ref="4206034495" />
    <nd ref="4206050066" />
    <nd ref="4206034496" />
    <nd ref="4206034497" />
    <nd ref="4206034498" />
    <tag k="highway" v="footway" />
    <tag k="lit" v="yes" />
    <tag k="smoothness" v="good" />
    <tag k="surface" v="paving_stones" />
  </way>
  <way id="420649489" timestamp="2024-02-27T17:35:51Z" uid="1468248" user="PantherStrix" version="8" changeset="147983389">
    <nd ref="4206034499" />
    <nd ref="4206034500" />
    <nd ref="1700233314" />
    <nd ref="1695556896" />
    <nd ref="1695556893" />
    <nd ref="1695556890" />
    <nd ref="994856061" />
    <nd ref="10264921800" />
    <nd ref="10264921801" />
    <nd ref="10264921799" />
    <nd ref="1123753906" />
    <nd ref="11669622001" />
    <nd ref="10264921798" />
    <nd ref="1123753904" />
    <tag k="highway" v="service" />
    <tag k="lit" v="yes" />
    <tag k="smoothness" v="good" />
    <tag k="surface" v="paving_stones" />
  </way>
  <way id="420649490" timestamp="2023-10-08T09:28:49Z" uid="3020814" user="BER319" version="6" changeset="142296477">
    <nd ref="11247718615" />
    <nd ref="2158816021" />
    <nd ref="2158816023" />
    <nd ref="7476350868" />
    <nd ref="2158816024" />
    <nd ref="7476350867" />
    <nd ref="7476350870" />
    <nd ref="2158816026" />
    <nd ref="7476350869" />
    <nd ref="2158816028" />
    <nd ref="7476350872" />
    <nd ref="2158816030" />
    <nd ref="7476350871" />
    <nd ref="7476350873" />
    <nd ref="2158816033" />
    <nd ref="7476350874" />
    <nd ref="2158816036" />
    <nd ref="7476350875" />
    <nd ref="2158816039" />
    <nd ref="7476350876" />
    <nd ref="2158816042" />
    <nd ref="7476350877" />
    <nd ref="2158816046" />
    <nd ref="7476350878" />
    <nd ref="2158816049" />
    <nd ref="7476350879" />
    <nd ref="2158816052" />
    <nd ref="2158816055" />
    <nd ref="2158816058" />
    <nd ref="2158816062" />
    <nd ref="2158816064" />
    <tag k="highway" v="footway" />
    <tag k="lit" v="yes" />
    <tag k="smoothness" v="intermediate" />
    <tag k="surface" v="compacted" />
  </way>
  <way id="420649494" timestamp="2023-10-08T09:28:50Z" uid="3020814" user="BER319" version="5" changeset="142296477">
    <nd ref="2158816021" />
    <nd ref="4206034501" />
    <tag k="highway" v="footway" />
    <tag k="lit" v="yes" />
    <tag k="smoothness" v="intermediate" />
    <tag k="surface" v="compacted" />
  </way>
  <way id="420651091" timestamp="2023-10-08T09:28:50Z" uid="3020814" user="BER319" version="4" changeset="142296477">
    <nd ref="4206043585" />
    <nd ref="4206043586" />
    <nd ref="4206034499" />
    <tag k="highway" v="footway" />
    <tag k="lit" v="yes" />
    <tag k="smoothness" v="good" />
    <tag k="surface" v="paving_stones" />
  </way>
  <way id="420651502" timestamp="2023-10-08T09:28:47Z" uid="3020814" user="BER319" version="4" changeset="142296477">
    <nd ref="4206050064" />
    <nd ref="4206050065" />
    <tag k="highway" v="footway" />
    <tag k="lit" v="yes" />
    <tag k="smoothness" v="good" />
    <tag k="surface" v="paving_stones" />
  </way>
  <way id="420651503" timestamp="2023-10-08T09:28:48Z" uid="3020814" user="BER319" version="5" changeset="142296478">
    <nd ref="1068064262" />
    <nd ref="4206050066" />
    <tag k="highway" v="footway" />
    <tag k="lit" v="yes" />
    <tag k="smoothness" v="good" />
    <tag k="surface" v="paving_stones" />
  </way>
  <way id="420651504" timestamp="2023-10-08T09:28:46Z" uid="3020814" user="BER319" version="6" changeset="142296477">
    <nd ref="4206050070" />
    <nd ref="994059608" />
    <tag k="highway" v="footway" />
    <tag k="lit" v="yes" />
    <tag k="smoothness" v="intermediate" />
    <tag k="surface" v="sett" />
  </way>
  <way id="420651505" timestamp="2023-10-08T09:28:51Z" uid="3020814" user="BER319" version="9" changeset="142296491">
    <nd ref="4206050073" />
    <nd ref="4206050074" />
    <tag k="handrail" v="yes" />
    <tag k="highway" v="steps" />
    <tag k="incline" v="down" />
    <tag k="lit" v="yes" />
    <tag k="ramp" v="no" />
    <tag k="step_count" v="10" />
    <tag k="surface" v="metal" />
    <tag k="tactile_paving" v="no" />
  </way>
  <way id="420651506" timestamp="2023-10-08T09:28:51Z" uid="3020814" user="BER319" version="5" changeset="142296477">
    <nd ref="4206050074" />
    <nd ref="7476350761" />
    <nd ref="7476350762" />
    <nd ref="7476350760" />
    <nd ref="4206050075" />
    <nd ref="1038356837" />
    <tag k="highway" v="footway" />
    <tag k="lit" v="yes" />
    <tag k="smoothness" v="intermediate" />
    <tag k="surface" v="compacted" />
  </way>
  <way id="420842920" timestamp="2020-05-03T15:49:41Z" uid="1468248" user="PantherStrix" version="3" changeset="84569892">
    <nd ref="4207399612" />
    <nd ref="4207399613" />
    <tag k="access" v="private" />
    <tag k="highway" v="service" />
    <tag k="maxspeed" v="10" />
    <tag k="service" v="parking_aisle" />
    <tag k="source:maxspeed" v="sign" />
  </way>
  <way id="444233933" timestamp="2024-12-08T07:11:06Z" uid="66391" user="geozeisig" version="9" changeset="160047411">
    <nd ref="4417232283" />
    <nd ref="4417232281" />
    <tag k="bench" v="yes" />
    <tag k="bin" v="yes" />
    <tag k="bus" v="yes" />
    <tag k="check_date:tactile_paving" v="2021-04-28" />
    <tag k="highway" v="platform" />
    <tag k="kerb" v="raised" />
    <tag k="kerb:approach_aid" v="no" />
    <tag k="lit" v="yes" />
    <tag k="name" v="Stahnsdorfer Brücke" />
    <tag k="passenger_information_display" v="no" />
    <tag k="public_transport" v="platform" />
    <tag k="shelter" v="yes" />
    <tag k="surface" v="paved" />
    <tag k="tactile_paving" v="no" />
  </way>
  <way id="444233934" timestamp="2024-12-08T07:11:07Z" uid="66391" user="geozeisig" version="7" changeset="160047411">
    <nd ref="4417232282" />
    <nd ref="4417232284" />
    <tag k="bench" v="yes" />
    <tag k="bin" v="yes" />
    <tag k="bus" v="yes" />
    <tag k="highway" v="platform" />
    <tag k="kerb" v="raised" />
    <tag k="kerb:approach_aid" v="no" />
    <tag k="lit" v="yes" />
    <tag k="name" v="Stahnsdorfer Brücke" />
    <tag k="passenger_information_display" v="no" />
    <tag k="public_transport" v="platform" />
    <tag k="shelter" v="yes" />
    <tag k="surface" v="paved" />
    <tag k="tactile_paving" v="no" />
  </way>
  <way id="457634985" timestamp="2026-01-30T17:22:48Z" uid="1468248" user="PantherStrix" version="10" changeset="177899319">
    <nd ref="2852446323" />
    <nd ref="1118701106" />
    <nd ref="13512671818" />
    <nd ref="30570816" />
    <tag k="cycleway:both" v="no" />
    <tag k="highway" v="tertiary" />
    <tag k="lanes" v="2" />
    <tag k="lit" v="yes" />
    <tag k="maxspeed" v="30" />
    <tag k="maxspeed:type" v="sign" />
    <tag k="name" v="Rudolf-Breitscheid-Straße" />
    <tag k="old_name" v="Lindenstraße" />
    <tag k="postal_code" v="14482" />
    <tag k="sidewalk" v="both" />
    <tag k="sidewalk:both:surface" v="paving_stones" />
    <tag k="smoothness" v="intermediate" />
    <tag k="source:maxspeed" v="sign" />
    <tag k="surface" v="asphalt" />
    <tag k="traffic_sign" v="DE:274[30]" />
  </way>
  <way id="458887399" timestamp="2024-12-07T06:33:49Z" uid="1468248" user="PantherStrix" version="11" changeset="160016896">
    <nd ref="4548163592" />
    <nd ref="4548163591" />
    <tag k="handrail" v="yes" />
    <tag k="highway" v="steps" />
    <tag k="incline" v="up" />
    <tag k="layer" v="-1" />
    <tag k="level" v="0;-1" />
    <tag k="lit" v="yes" />
    <tag k="platform_lift" v="no" />
    <tag k="ramp" v="no" />
    <tag k="step_count" v="30" />
    <tag k="surface" v="paving_stones" />
    <tag k="tactile_paving" v="yes" />
    <tag k="tactile_writing" v="yes" />
  </way>
  <way id="458887401" timestamp="2024-12-07T06:33:49Z" uid="1468248" user="PantherStrix" version="4" changeset="160016896">
    <nd ref="2513869247" />
    <nd ref="4548163592" />
    <nd ref="4743489048" />
    <tag k="highway" v="footway" />
    <tag k="indoor" v="yes" />
    <tag k="layer" v="-1" />
    <tag k="level" v="-1" />
    <tag k="lit" v="yes" />
    <tag k="surface" v="paving_stones" />
    <tag k="tunnel" v="yes" />
  </way>
  <way id="494849627" timestamp="2025-02-11T22:37:05Z" uid="44217" user="kjon" version="5" changeset="162409619">
    <nd ref="2513869310" />
    <nd ref="695216406" />
    <tag k="highway" v="corridor" />
    <tag k="indoor" v="yes" />
    <tag k="lit" v="yes" />
    <tag k="smoothness" v="excellent" />
    <tag k="surface" v="paving_stones" />
  </way>
  <way id="494849637" timestamp="2023-10-08T09:28:47Z" uid="3020814" user="BER319" version="3" changeset="142296477">
    <nd ref="994059582" />
    <nd ref="994059612" />
    <nd ref="4206050067" />
    <nd ref="3986243907" />
    <tag k="highway" v="footway" />
    <tag k="lit" v="yes" />
    <tag k="smoothness" v="good" />
    <tag k="surface" v="paving_stones" />
  </way>
  <way id="494849638" timestamp="2022-09-21T07:20:06Z" uid="9450933" user="OpenGreenStreet" version="5" changeset="126450280">
    <nd ref="926882849" />
    <nd ref="4868434100" />
    <nd ref="4866140049" />
    <nd ref="4868434099" />
    <nd ref="4868434098" />
    <nd ref="4866140048" />
    <tag k="highway" v="footway" />
    <tag k="lit" v="yes" />
    <tag k="smoothness" v="good" />
    <tag k="surface" v="paving_stones" />
  </way>
  <way id="494849639" timestamp="2019-06-29T17:55:41Z" uid="1468248" user="PantherStrix" version="3" changeset="71740923">
    <nd ref="4866140061" />
    <nd ref="4866140051" />
    <tag k="highway" v="footway" />
    <tag k="lit" v="yes" />
    <tag k="surface" v="sett" />
  </way>
  <way id="494849640" timestamp="2019-06-29T17:56:02Z" uid="1468248" user="PantherStrix" version="3" changeset="71740923">
    <nd ref="4866140058" />
    <nd ref="4866140050" />
    <tag k="highway" v="footway" />
    <tag k="lit" v="yes" />
    <tag k="surface" v="sett" />
  </way>
  <way id="494849642" timestamp="2019-10-03T05:52:26Z" uid="1468248" user="PantherStrix" version="4" changeset="75211105">
    <nd ref="4866140055" />
    <nd ref="4866140057" />
    <nd ref="4866140053" />
    <nd ref="6846246757" />
    <nd ref="6846246755" />
    <nd ref="6846246758" />
    <nd ref="6846246756" />
    <nd ref="6846246759" />
    <nd ref="4866140052" />
    <tag k="emergency" v="designated" />
    <tag k="highway" v="footway" />
    <tag k="lit" v="yes" />
    <tag k="surface" v="sett" />
  </way>
  <way id="494849643" timestamp="2023-10-03T13:10:58Z" uid="3020814" user="BER319" version="7" changeset="142100672">
    <nd ref="4866140059" />
    <nd ref="4866140058" />
    <tag k="handrail" v="yes" />
    <tag k="highway" v="steps" />
    <tag k="incline" v="down" />
    <tag k="layer" v="1" />
    <tag k="level" v="0;1" />
    <tag k="lit" v="no" />
    <tag k="ramp" v="no" />
    <tag k="step_count" v="30" />
    <tag k="surface" v="metal" />
    <tag k="tactile_paving" v="no" />
  </way>
  <way id="494849644" timestamp="2023-10-03T13:10:58Z" uid="3020814" user="BER319" version="7" changeset="142100672">
    <nd ref="4866140060" />
    <nd ref="4866140061" />
    <tag k="handrail" v="yes" />
    <tag k="highway" v="steps" />
    <tag k="incline" v="down" />
    <tag k="layer" v="1" />
    <tag k="level" v="0;1" />
    <tag k="lit" v="no" />
    <tag k="ramp" v="no" />
    <tag k="step_count" v="27" />
    <tag k="surface" v="metal" />
    <tag k="tactile_paving" v="no" />
  </way>
  <way id="494849646" timestamp="2023-11-23T17:08:14Z" uid="16371836" user="Till_btn" version="6" changeset="144377703">
    <nd ref="296937646" />
    <nd ref="10264921783" />
    <nd ref="10264921787" />
    <nd ref="10264921729" />
    <nd ref="10264921784" />
    <nd ref="10264921788" />
    <tag k="highway" v="service" />
    <tag k="motor_vehicle" v="delivery" />
    <tag k="service" v="driveway" />
    <tag k="surface" v="paving_stones" />
  </way>
  <way id="494849648" timestamp="2023-04-17T17:10:03Z" uid="6167506" user="christian_plus1" version="2" changeset="135024578">
    <nd ref="4866140101" />
    <nd ref="4866140091" />
    <nd ref="10820010504" />
    <nd ref="4866140092" />
    <nd ref="4866140093" />
    <nd ref="10820048605" />
    <nd ref="4866140094" />
    <nd ref="10820048606" />
    <nd ref="4866140095" />
    <nd ref="4866140100" />
    <tag k="access" v="private" />
    <tag k="highway" v="service" />
    <tag k="service" v="driveway" />
  </way>
  <way id="494849649" timestamp="2024-02-02T11:14:48Z" uid="6167506" user="christian_plus1" version="6" changeset="146980642">
    <nd ref="4866140096" />
    <nd ref="11324279861" />
    <nd ref="11578672401" />
    <nd ref="4866140098" />
    <nd ref="9983287388" />
    <nd ref="9983287389" />
    <nd ref="4866140099" />
    <nd ref="4866140100" />
    <nd ref="9983287392" />
    <nd ref="4866140101" />
    <nd ref="4866140103" />
    <nd ref="10820048607" />
    <nd ref="10820048608" />
    <nd ref="4866140104" />
    <nd ref="9983287390" />
    <nd ref="4866140090" />
    <nd ref="7057689090" />
    <nd ref="4866140087" />
    <nd ref="4866140103" />
    <tag k="access" v="private" />
    <tag k="emergency" v="designated" />
    <tag k="highway" v="service" />
    <tag k="service" v="driveway" />
  </way>
  <way id="495056585" timestamp="2024-11-14T16:45:29Z" uid="1468248" user="PantherStrix" version="7" changeset="159138243">
    <nd ref="528571257" />
    <nd ref="937675581" />
    <nd ref="926885593" />
    <tag k="emergency" v="designated" />
    <tag k="highway" v="service" />
    <tag k="lit" v="yes" />
    <tag k="maxspeed" v="20" />
    <tag k="surface" v="paving_stones" />
  </way>
  <way id="495056589" timestamp="2025-04-16T19:46:38Z" uid="13547320" user="VonMorgen" version="5" changeset="165044252">
    <nd ref="296937660" />
    <nd ref="5198309044" />
    <nd ref="5198309045" />
    <nd ref="5198309046" />
    <nd ref="4868434117" />
    <nd ref="4868434116" />
    <tag k="check_date:surface" v="2025-04-16" />
    <tag k="highway" v="footway" />
    <tag k="lit" v="yes" />
    <tag k="surface" v="paving_stones" />
  </way>
  <way id="495731449" timestamp="2025-02-27T13:02:22Z" uid="1468248" user="PantherStrix" version="9" changeset="163011624">
    <nd ref="931634094" />
    <nd ref="4880488460" />
    <nd ref="4866140050" />
    <nd ref="4866140051" />
    <nd ref="931634367" />
    <tag k="cycleway:both" v="no" />
    <tag k="highway" v="residential" />
    <tag k="lanes" v="2" />
    <tag k="lit" v="yes" />
    <tag k="maxspeed" v="30" />
    <tag k="name" v="Stahnsdorfer Straße" />
    <tag k="name:etymology:wikidata" v="Q640426" />
    <tag k="name:etymology:wikipedia" v="de:Stahnsdorf" />
    <tag k="parking:left" v="no" />
    <tag k="parking:left:restriction" v="no_stopping" />
    <tag k="postal_code" v="14482" />
    <tag k="sidewalk" v="right" />
    <tag k="smoothness" v="good" />
    <tag k="source:maxspeed" v="sign" />
    <tag k="surface" v="asphalt" />
    <tag k="traffic_sign" v="DE:274[30]" />
  </way>
  <way id="495731451" timestamp="2017-05-24T18:28:24Z" uid="1468248" user="PantherStrix" version="1" changeset="48954045">
    <nd ref="4874646418" />
    <nd ref="4874646825" />
    <tag k="highway" v="service" />
    <tag k="service" v="driveway" />
  </way>
  <way id="495731452" timestamp="2021-04-28T12:22:38Z" uid="13196718" user="kapybara" version="3" changeset="103776374">
    <nd ref="4874646824" />
    <nd ref="5144960813" />
    <nd ref="4874646419" />
    <tag k="access" v="permissive" />
    <tag k="covered" v="no" />
    <tag k="highway" v="service" />
    <tag k="motor_vehicle" v="private" />
    <tag k="service" v="driveway" />
  </way>
  <way id="495731453" timestamp="2021-04-28T12:22:38Z" uid="13196718" user="kapybara" version="3" changeset="103776374">
    <nd ref="4874646825" />
    <nd ref="4874646824" />
    <nd ref="4874646823" />
    <nd ref="5144960812" />
    <nd ref="4874646822" />
    <nd ref="4874646419" />
    <nd ref="4874646821" />
    <nd ref="5144960814" />
    <nd ref="4874646420" />
    <nd ref="4874646824" />
    <tag k="access" v="permissive" />
    <tag k="covered" v="no" />
    <tag k="highway" v="service" />
    <tag k="motor_vehicle" v="private" />
    <tag k="service" v="driveway" />
  </way>
  <way id="495731456" timestamp="2024-01-23T12:18:50Z" uid="16371836" user="Till_btn" version="2" changeset="146590568">
    <nd ref="4874646836" />
    <nd ref="4874646834" />
    <nd ref="4874646835" />
    <tag k="access" v="private" />
    <tag k="highway" v="service" />
  </way>
  <way id="496343331" timestamp="2019-06-29T17:55:58Z" uid="1468248" user="PantherStrix" version="3" changeset="71740923">
    <nd ref="4880488460" />
    <nd ref="4880488466" />
    <tag k="highway" v="footway" />
    <tag k="lit" v="yes" />
    <tag k="surface" v="paving_stones" />
  </way>
  <way id="496343332" timestamp="2017-05-27T18:03:17Z" uid="1468248" user="PantherStrix" version="1" changeset="49030315">
    <nd ref="4880488466" />
    <nd ref="4880488465" />
    <tag k="access" v="private" />
    <tag k="highway" v="path" />
  </way>
  <way id="510973165" timestamp="2023-10-08T09:28:38Z" uid="3020814" user="BER319" version="6" changeset="142296477">
    <nd ref="2122566979" />
    <nd ref="9540378004" />
    <nd ref="9540378007" />
    <nd ref="9540378003" />
    <nd ref="9540378008" />
    <nd ref="9540378002" />
    <nd ref="9540378006" />
    <nd ref="9540378001" />
    <nd ref="4999325940" />
    <nd ref="9540378005" />
    <nd ref="5761724404" />
    <nd ref="4999325941" />
    <tag k="highway" v="footway" />
    <tag k="lit" v="yes" />
    <tag k="smoothness" v="intermediate" />
    <tag k="surface" v="sett" />
  </way>
  <way id="510973167" timestamp="2023-10-08T09:28:37Z" uid="3020814" user="BER319" version="5" changeset="142296477">
    <nd ref="4999325940" />
    <nd ref="9540377998" />
    <nd ref="9540377999" />
    <nd ref="4999325942" />
    <tag k="highway" v="footway" />
    <tag k="lit" v="yes" />
    <tag k="smoothness" v="intermediate" />
    <tag k="surface" v="sett" />
  </way>
  <way id="510973168" timestamp="2024-02-27T17:35:51Z" uid="1468248" user="PantherStrix" version="5" changeset="147983389">
    <nd ref="931639287" />
    <nd ref="5761733038" />
    <nd ref="5761733037" />
    <tag k="highway" v="footway" />
    <tag k="lit" v="yes" />
    <tag k="surface" v="sett" />
  </way>
  <way id="510973173" timestamp="2023-10-03T11:36:34Z" uid="3020814" user="BER319" version="5" changeset="142096243">
    <nd ref="4207399612" />
    <nd ref="2781520744" />
    <tag k="highway" v="footway" />
    <tag k="lit" v="yes" />
    <tag k="smoothness" v="intermediate" />
    <tag k="surface" v="paving_stones" />
  </way>
  <way id="510974357" timestamp="2021-04-28T11:29:27Z" uid="13196718" user="kapybara" version="3" changeset="103772102">
    <nd ref="4999333027" />
    <nd ref="1700233333" />
    <tag k="highway" v="footway" />
    <tag k="lit" v="yes" />
    <tag k="surface" v="paving_stones" />
  </way>
  <way id="510974358" timestamp="2024-03-31T19:39:00Z" uid="13457705" user="Miroka96" version="5" changeset="149404944">
    <nd ref="8676077358" />
    <nd ref="7476350882" />
    <nd ref="7476350880" />
    <nd ref="7476350881" />
    <nd ref="7476350883" />
    <nd ref="2158816106" />
    <tag k="highway" v="path" />
    <tag k="lit" v="no" />
    <tag k="surface" v="grass" />
  </way>
  <way id="510974359" timestamp="2024-03-31T19:30:44Z" uid="13457705" user="Miroka96" version="5" changeset="149404944">
    <nd ref="4999333029" />
    <nd ref="4999333030" />
    <nd ref="309169035" />
    <tag k="highway" v="path" />
    <tag k="lit" v="no" />
    <tag k="smoothness" v="bad" />
    <tag k="surface" v="sand" />
    <tag k="width" v="1" />
  </way>
  <way id="529670628" timestamp="2025-04-16T19:46:14Z" uid="13547320" user="VonMorgen" version="4" changeset="165044252">
    <nd ref="4874646827" />
    <nd ref="2122561537" />
    <tag k="check_date:surface" v="2025-04-16" />
    <tag k="highway" v="footway" />
    <tag k="lit" v="yes" />
    <tag k="surface" v="sett" />
  </way>
  <way id="536677298" timestamp="2023-10-03T11:36:33Z" uid="3020814" user="BER319" version="5" changeset="142096243">
    <nd ref="3249122762" />
    <nd ref="7476477586" />
    <nd ref="5198309034" />
    <nd ref="5198309031" />
    <tag k="highway" v="footway" />
    <tag k="lit" v="yes" />
    <tag k="smoothness" v="intermediate" />
    <tag k="surface" v="sett" />
  </way>
  <way id="587745394" timestamp="2025-08-01T05:58:25Z" uid="66391" user="geozeisig" version="10" changeset="169799282">
    <nd ref="5613991733" />
    <nd ref="9215892569" />
    <nd ref="1737829962" />
    <nd ref="928107755" />
    <tag k="cycleway:both" v="no" />
    <tag k="fee" v="no" />
    <tag k="highway" v="residential" />
    <tag k="lane_markings" v="no" />
    <tag k="lit" v="yes" />
    <tag k="maxspeed" v="50" />
    <tag k="name" v="Prof.-Dr.-Helmert-Straße" />
    <tag k="parking:left" v="separate" />
    <tag k="parking:left:orientation" v="perpendicular" />
    <tag k="parking:right" v="no" />
    <tag k="postal_code" v="14482" />
    <tag k="sidewalk" v="right" />
    <tag k="sidewalk:right:surface" v="paving_stones" />
    <tag k="smoothness" v="good" />
    <tag k="source:maxspeed" v="sign" />
    <tag k="surface" v="asphalt" />
  </way>
  <way id="608087559" timestamp="2022-02-27T10:10:15Z" uid="1468248" user="PantherStrix" version="3" changeset="117902296">
    <nd ref="5761733038" />
    <nd ref="5761733039" />
    <nd ref="9540377995" />
    <nd ref="5761733036" />
    <tag k="highway" v="footway" />
    <tag k="lit" v="yes" />
    <tag k="surface" v="sett" />
  </way>
  <way id="608087561" timestamp="2022-12-15T12:57:19Z" uid="1468248" user="PantherStrix" version="3" changeset="130114280">
    <nd ref="1123753890" />
    <nd ref="7476477607" />
    <nd ref="1930735667" />
    <nd ref="931639287" />
    <nd ref="5761733036" />
    <nd ref="7476477585" />
    <nd ref="2781520749" />
    <nd ref="7476477584" />
    <nd ref="7476477579" />
    <nd ref="7476477583" />
    <nd ref="7476477580" />
    <nd ref="7476477582" />
    <nd ref="7476477581" />
    <nd ref="5761733036" />
    <tag k="access" v="private" />
    <tag k="emergency" v="designated" />
    <tag k="highway" v="service" />
    <tag k="lit" v="yes" />
    <tag k="service" v="driveway" />
    <tag k="surface" v="cobblestone" />
  </way>
  <way id="611992459" timestamp="2019-06-29T18:01:51Z" uid="1468248" user="PantherStrix" version="3" changeset="71741047">
    <nd ref="5793712872" />
    <nd ref="5793712873" />
    <nd ref="5793712874" />
    <tag k="highway" v="footway" />
    <tag k="lit" v="no" />
    <tag k="surface" v="paving_stones" />
  </way>
  <way id="611992460" timestamp="2023-10-08T09:28:35Z" uid="3020814" user="BER319" version="2" changeset="142296477">
    <nd ref="5793712880" />
    <nd ref="5761733043" />
    <tag k="bicycle" v="yes" />
    <tag k="emergency" v="designated" />
    <tag k="highway" v="footway" />
    <tag k="lit" v="yes" />
    <tag k="smoothness" v="good" />
    <tag k="surface" v="paving_stones" />
  </way>
  <way id="700815038" timestamp="2023-10-03T11:36:34Z" uid="3020814" user="BER319" version="5" changeset="142096246">
    <nd ref="2113900834" />
    <nd ref="2781520744" />
    <tag k="access" v="private" />
    <tag k="bicycle" v="yes" />
    <tag k="emergency" v="designated" />
    <tag k="foot" v="yes" />
    <tag k="highway" v="service" />
    <tag k="lit" v="yes" />
    <tag k="service" v="parking_aisle" />
    <tag k="smoothness" v="good" />
    <tag k="surface" v="paving_stones" />
  </way>
  <way id="730964948" timestamp="2025-03-16T19:44:24Z" uid="1468248" user="PantherStrix" version="3" changeset="163703942">
    <nd ref="6846246720" />
    <nd ref="4866140056" />
    <nd ref="4866140057" />
    <tag k="highway" v="footway" />
    <tag k="lit" v="no" />
    <tag k="smoothness" v="intermediate" />
    <tag k="surface" v="sett" />
  </way>
  <way id="730964950" timestamp="2024-11-14T16:45:29Z" uid="1468248" user="PantherStrix" version="5" changeset="159138243">
    <nd ref="4874646417" />
    <nd ref="528571257" />
    <tag k="access" v="private" />
    <tag k="bicycle" v="yes" />
    <tag k="delivery" v="yes" />
    <tag k="emergency" v="yes" />
    <tag k="foot" v="yes" />
    <tag k="highway" v="service" />
    <tag k="lit" v="yes" />
    <tag k="maxspeed" v="20" />
    <tag k="smoothness" v="good" />
    <tag k="surface" v="paving_stones" />
  </way>
  <way id="736993452" timestamp="2021-01-12T18:52:50Z" uid="1468248" user="PantherStrix" version="3" changeset="97392430">
    <nd ref="6899918784" />
    <nd ref="7057686567" />
    <tag k="highway" v="path" />
    <tag k="surface" v="paving_stones" />
  </way>
  <way id="755593154" timestamp="2022-08-28T12:15:03Z" uid="1468248" user="PantherStrix" version="4" changeset="125475048">
    <nd ref="9983270489" />
    <nd ref="7388139915" />
    <nd ref="6899918782" />
    <tag k="highway" v="path" />
    <tag k="surface" v="paving_stones" />
  </way>
  <way id="755593162" timestamp="2023-07-11T08:33:51Z" uid="16807137" user="Fbarbe" version="5" changeset="138368800">
    <nd ref="7057686568" />
    <nd ref="6899918784" />
    <tag k="handrail" v="yes" />
    <tag k="highway" v="steps" />
    <tag k="incline" v="down" />
    <tag k="lit" v="yes" />
    <tag k="ramp" v="no" />
    <tag k="step_count" v="22" />
    <tag k="surface" v="sett" />
    <tag k="tactile_paving" v="no" />
  </way>
  <way id="755593172" timestamp="2024-02-27T17:35:51Z" uid="1468248" user="PantherStrix" version="2" changeset="147983389">
    <nd ref="7057689123" />
    <nd ref="11669607519" />
    <nd ref="7057689133" />
    <nd ref="7057689124" />
    <nd ref="7057689125" />
    <nd ref="11669622056" />
    <nd ref="7057689126" />
    <nd ref="11669622055" />
    <nd ref="7057689127" />
    <nd ref="7057689128" />
    <tag k="access" v="private" />
    <tag k="highway" v="service" />
    <tag k="service" v="driveway" />
  </way>
  <way id="799387641" timestamp="2025-11-01T21:44:47Z" uid="23034323" user="fmc_6" version="16" changeset="174081452">
    <nd ref="13154953171" />
    <nd ref="10984927172" />
    <nd ref="1748997367" />
    <nd ref="296939563" />
    <nd ref="13154953172" />
    <tag k="cycleway:left" v="no" />
    <tag k="cycleway:right" v="track" />
    <tag k="cycleway:right:bicycle" v="designated" />
    <tag k="cycleway:right:mapillary" v="715794690388448" />
    <tag k="cycleway:right:oneway" v="yes" />
    <tag k="cycleway:right:segregated" v="yes" />
    <tag k="cycleway:right:separation:left" v="tree_row;kerb" />
    <tag k="cycleway:right:separation:right" v="no" />
    <tag k="cycleway:right:surface" v="asphalt" />
    <tag k="cycleway:right:surface:colour" v="none" />
    <tag k="cycleway:right:traffic_sign" v="none" />
    <tag k="cycleway:right:width" v="1.5" />
    <tag k="highway" v="tertiary" />
    <tag k="lanes" v="2" />
    <tag k="lit" v="yes" />
    <tag k="maxspeed" v="50" />
    <tag k="name" v="Bernhard-Beyer-Straße" />
    <tag k="name:etymology:wikidata" v="Q83424294" />
    <tag k="parking:both" v="no" />
    <tag k="postal_code" v="14109" />
    <tag k="sidewalk" v="right" />
    <tag k="sidewalk:right:surface" v="paving_stones" />
    <tag k="smoothness" v="good" />
    <tag k="source:cycleway:right:width" v="Luftbild 2025" />
    <tag k="surface" v="asphalt" />
    <tag k="wikidata" v="Q83424085" />
    <tag k="wikimedia_commons" v="Category:Bernhard-Beyer-Straße (Berlin-Wannsee)" />
  </way>
  <way id="799400707" timestamp="2024-02-08T10:03:02Z" uid="17428843" user="Barbara Förster" version="6" changeset="147210167">
    <nd ref="4206050072" />
    <nd ref="7476350763" />
    <tag k="highway" v="footway" />
    <tag k="lit" v="no" />
    <tag k="smoothness" v="intermediate" />
    <tag k="surface" v="sett" />
  </way>
  <way id="799400708" timestamp="2024-02-08T10:03:02Z" uid="17428843" user="Barbara Förster" version="7" changeset="147210167">
    <nd ref="4206050071" />
    <nd ref="7476350764" />
    <tag k="highway" v="footway" />
    <tag k="lit" v="no" />
    <tag k="smoothness" v="intermediate" />
    <tag k="surface" v="sett" />
  </way>
  <way id="799400709" timestamp="2024-02-08T10:03:01Z" uid="17428843" user="Barbara Förster" version="6" changeset="147210167">
    <nd ref="7476350768" />
    <nd ref="7476350766" />
    <nd ref="7476350765" />
    <nd ref="7476350767" />
    <tag k="highway" v="footway" />
    <tag k="lit" v="no" />
    <tag k="smoothness" v="intermediate" />
    <tag k="surface" v="sett" />
  </way>
  <way id="799400710" timestamp="2024-02-08T10:03:01Z" uid="17428843" user="Barbara Förster" version="6" changeset="147210167">
    <nd ref="7476350772" />
    <nd ref="7476350770" />
    <nd ref="7476350769" />
    <nd ref="7476350771" />
    <tag k="highway" v="footway" />
    <tag k="lit" v="no" />
    <tag k="smoothness" v="intermediate" />
    <tag k="surface" v="sett" />
  </way>
  <way id="799400711" timestamp="2024-02-08T10:03:01Z" uid="17428843" user="Barbara Förster" version="6" changeset="147210167">
    <nd ref="7476350776" />
    <nd ref="7476350774" />
    <nd ref="7476350773" />
    <nd ref="7476350775" />
    <tag k="highway" v="footway" />
    <tag k="lit" v="no" />
    <tag k="smoothness" v="intermediate" />
    <tag k="surface" v="sett" />
  </way>
  <way id="799400712" timestamp="2024-02-08T10:03:01Z" uid="17428843" user="Barbara Förster" version="6" changeset="147210167">
    <nd ref="7476350778" />
    <nd ref="7476350784" />
    <nd ref="7476350782" />
    <nd ref="7476350780" />
    <nd ref="7476350764" />
    <nd ref="7476350768" />
    <nd ref="7476350772" />
    <nd ref="7476350776" />
    <nd ref="7476350763" />
    <nd ref="7476350779" />
    <nd ref="7476350781" />
    <nd ref="7476350783" />
    <nd ref="7476350777" />
    <nd ref="7476350775" />
    <nd ref="7476350771" />
    <nd ref="7476350767" />
    <nd ref="7476350778" />
    <tag k="highway" v="footway" />
    <tag k="lit" v="no" />
    <tag k="smoothness" v="intermediate" />
    <tag k="surface" v="sett" />
  </way>
  <way id="799400713" timestamp="2024-02-08T10:03:01Z" uid="17428843" user="Barbara Förster" version="6" changeset="147210167">
    <nd ref="7476350782" />
    <nd ref="7476350766" />
    <nd ref="7476350770" />
    <nd ref="7476350774" />
    <nd ref="7476350781" />
    <tag k="highway" v="footway" />
    <tag k="lit" v="no" />
    <tag k="smoothness" v="intermediate" />
    <tag k="surface" v="sett" />
  </way>
  <way id="799400714" timestamp="2024-02-08T10:03:01Z" uid="17428843" user="Barbara Förster" version="7" changeset="147210167">
    <nd ref="7476350784" />
    <nd ref="7476350765" />
    <nd ref="7476350769" />
    <nd ref="7476350773" />
    <nd ref="7476350783" />
    <tag k="highway" v="footway" />
    <tag k="lit" v="no" />
    <tag k="smoothness" v="intermediate" />
    <tag k="surface" v="sett" />
  </way>
  <way id="799409339" timestamp="2024-03-31T19:30:23Z" uid="13457705" user="Miroka96" version="2" changeset="149404944">
    <nd ref="7476393204" />
    <nd ref="7476393203" />
    <tag k="highway" v="path" />
    <tag k="lit" v="no" />
    <tag k="surface" v="ground" />
  </way>
  <way id="799409342" timestamp="2024-03-31T19:30:57Z" uid="13457705" user="Miroka96" version="2" changeset="149404944">
    <nd ref="7476393249" />
    <nd ref="7476393243" />
    <nd ref="7476393242" />
    <nd ref="7476393241" />
    <nd ref="7476393240" />
    <nd ref="7476393239" />
    <nd ref="7476393238" />
    <nd ref="7476393237" />
    <nd ref="7476393236" />
    <nd ref="7476393235" />
    <nd ref="7476393234" />
    <nd ref="7476393233" />
    <nd ref="7476393232" />
    <nd ref="7476393231" />
    <nd ref="7476393230" />
    <nd ref="7476393229" />
    <nd ref="7476393228" />
    <tag k="highway" v="path" />
    <tag k="lit" v="no" />
    <tag k="surface" v="ground" />
  </way>
  <way id="799409343" timestamp="2025-11-05T18:01:39Z" uid="655630" user="cront" version="3" changeset="174252904">
    <nd ref="6275223529" />
    <nd ref="13283561967" />
    <nd ref="13283561968" />
    <nd ref="13283561969" />
    <nd ref="13283561970" />
    <nd ref="13283561971" />
    <nd ref="1403896371" />
    <nd ref="7476393256" />
    <nd ref="7476393255" />
    <nd ref="7476393254" />
    <nd ref="7476393253" />
    <nd ref="7476393252" />
    <nd ref="7476393251" />
    <nd ref="7476393250" />
    <nd ref="7476393249" />
    <nd ref="7476393248" />
    <nd ref="7476393247" />
    <nd ref="7476393246" />
    <nd ref="7476393245" />
    <nd ref="7476393244" />
    <nd ref="4537367321" />
    <tag k="highway" v="path" />
    <tag k="lit" v="no" />
    <tag k="surface" v="ground" />
  </way>
  <way id="799414611" timestamp="2020-05-03T16:42:19Z" uid="1468248" user="PantherStrix" version="1" changeset="84572274">
    <nd ref="3982271592" />
    <nd ref="249783150" />
    <tag k="highway" v="footway" />
    <tag k="lit" v="yes" />
    <tag k="surface" v="paving_stones" />
  </way>
  <way id="799414612" timestamp="2020-05-03T16:42:19Z" uid="1468248" user="PantherStrix" version="1" changeset="84572274">
    <nd ref="3982271591" />
    <nd ref="249783151" />
    <tag k="highway" v="footway" />
    <tag k="lit" v="yes" />
    <tag k="surface" v="paving_stones" />
  </way>
  <way id="799414613" timestamp="2020-05-03T16:42:19Z" uid="1468248" user="PantherStrix" version="1" changeset="84572274">
    <nd ref="3982271587" />
    <nd ref="249783152" />
    <tag k="highway" v="footway" />
    <tag k="lit" v="yes" />
    <tag k="surface" v="paving_stones" />
  </way>
  <way id="818740494" timestamp="2024-03-31T19:30:51Z" uid="13457705" user="Miroka96" version="3" changeset="149404944">
    <nd ref="30582607" />
    <nd ref="309169038" />
    <tag k="highway" v="track" />
    <tag k="lit" v="no" />
    <tag k="motor_vehicle" v="forestry" />
    <tag k="smoothness" v="intermediate" />
    <tag k="surface" v="ground" />
    <tag k="tracktype" v="grade4" />
    <tag k="width" v="2" />
  </way>
  <way id="851602576" timestamp="2025-01-03T12:03:26Z" uid="20936257" user="Sandplaice" version="4" changeset="160945647">
    <nd ref="7942873393" />
    <nd ref="12471105876" />
    <nd ref="7942873392" />
    <tag k="highway" v="service" />
    <tag k="service" v="parking_aisle" />
    <tag k="surface" v="paving_stones" />
  </way>
  <way id="851607389" timestamp="2020-09-25T17:35:50Z" uid="1468248" user="PantherStrix" version="1" changeset="91524325">
    <nd ref="7942881478" />
    <nd ref="7942881479" />
    <tag k="access" v="private" />
    <tag k="highway" v="service" />
    <tag k="service" v="driveway" />
  </way>
  <way id="886979725" timestamp="2021-09-06T11:07:35Z" uid="10961311" user="StefanHRT" version="2" changeset="110796413">
    <nd ref="8247764156" />
    <nd ref="8247764157" />
    <nd ref="8247764158" />
    <nd ref="8247764159" />
    <nd ref="8247764160" />
    <tag k="access" v="private" />
    <tag k="highway" v="service" />
    <tag k="service" v="driveway" />
  </way>
  <way id="888032813" timestamp="2021-09-06T11:07:35Z" uid="10961311" user="StefanHRT" version="2" changeset="110796413">
    <nd ref="8256336449" />
    <nd ref="8256336446" />
    <tag k="access" v="private" />
    <tag k="highway" v="footway" />
  </way>
  <way id="888032814" timestamp="2022-03-27T09:48:24Z" uid="9563" user="gthoele" version="4" changeset="118974341">
    <nd ref="8256336448" />
    <nd ref="8256336447" />
    <tag k="highway" v="footway" />
    <tag k="lit" v="yes" />
    <tag k="surface" v="dirt" />
  </way>
  <way id="888032815" timestamp="2021-09-06T11:07:35Z" uid="10961311" user="StefanHRT" version="2" changeset="110796413">
    <nd ref="8256336447" />
    <nd ref="8256336449" />
    <nd ref="8256336450" />
    <tag k="access" v="private" />
    <tag k="highway" v="footway" />
  </way>
  <way id="888032816" timestamp="2021-09-06T11:07:35Z" uid="10961311" user="StefanHRT" version="2" changeset="110796413">
    <nd ref="8256336455" />
    <nd ref="8256336433" />
    <nd ref="8256336456" />
    <tag k="access" v="private" />
    <tag k="highway" v="footway" />
  </way>
  <way id="888032817" timestamp="2022-10-31T08:12:29Z" uid="17428843" user="Barbara Förster" version="4" changeset="128284278">
    <nd ref="8256336454" />
    <nd ref="8256336455" />
    <tag k="highway" v="footway" />
    <tag k="lit" v="yes" />
    <tag k="surface" v="dirt" />
  </way>
  <way id="888032820" timestamp="2020-12-24T04:08:58Z" uid="1468248" user="PantherStrix" version="1" changeset="96356160">
    <nd ref="8256336485" />
    <nd ref="8256336488" />
    <tag k="access" v="private" />
    <tag k="highway" v="service" />
    <tag k="service" v="parking_aisle" />
  </way>
  <way id="888032821" timestamp="2020-12-24T04:08:58Z" uid="1468248" user="PantherStrix" version="1" changeset="96356160">
    <nd ref="8256336486" />
    <nd ref="8256336488" />
    <nd ref="8256336446" />
    <tag k="access" v="private" />
    <tag k="highway" v="service" />
    <tag k="service" v="parking_aisle" />
  </way>
  <way id="888032822" timestamp="2020-12-24T04:08:58Z" uid="1468248" user="PantherStrix" version="1" changeset="96356160">
    <nd ref="8256336487" />
    <nd ref="8256336485" />
    <tag k="highway" v="service" />
    <tag k="service" v="driveway" />
  </way>
  <way id="931150811" timestamp="2023-11-05T12:13:32Z" uid="6167506" user="christian_plus1" version="4" changeset="143647074">
    <nd ref="11324279800" />
    <nd ref="11324279818" />
    <tag k="highway" v="footway" />
    <tag k="lit" v="no" />
    <tag k="surface" v="sett" />
  </way>
  <way id="936317576" timestamp="2024-03-26T15:26:26Z" uid="13975512" user="nebuu" version="3" changeset="149183293">
    <nd ref="4999333027" />
    <nd ref="4999333028" />
    <nd ref="8676077358" />
    <tag k="highway" v="path" />
    <tag k="lit" v="yes" />
    <tag k="surface" v="sett" />
  </way>
  <way id="936334420" timestamp="2022-02-05T18:27:37Z" uid="1468248" user="PantherStrix" version="4" changeset="117056303">
    <nd ref="2122561536" />
    <nd ref="8676246116" />
    <nd ref="8676268317" />
    <nd ref="8676268318" />
    <nd ref="9481748339" />
    <nd ref="8676268319" />
    <nd ref="9481748338" />
    <nd ref="8676268320" />
    <tag k="access" v="permissive" />
    <tag k="bicycle" v="dismount" />
    <tag k="highway" v="footway" />
    <tag k="lit" v="yes" />
    <tag k="motor_vehicle" v="no" />
    <tag k="surface" v="compacted" />
  </way>
  <way id="936334422" timestamp="2024-01-23T12:18:50Z" uid="16371836" user="Till_btn" version="6" changeset="146590568">
    <nd ref="8676268323" />
    <nd ref="10873315173" />
    <nd ref="10873315176" />
    <tag k="access" v="permissive" />
    <tag k="covered" v="no" />
    <tag k="highway" v="service" />
    <tag k="motor_vehicle" v="private" />
    <tag k="oneway" v="no" />
    <tag k="smoothness" v="excellent" />
    <tag k="surface" v="paving_stones" />
  </way>
  <way id="936334423" timestamp="2021-05-03T17:15:22Z" uid="13196718" user="kapybara" version="3" changeset="104071706">
    <nd ref="8676268323" />
    <nd ref="8676268325" />
    <tag k="access" v="permissive" />
    <tag k="bicycle" v="dismount" />
    <tag k="highway" v="footway" />
    <tag k="lit" v="yes" />
    <tag k="motor_vehicle" v="no" />
    <tag k="surface" v="paving_stones" />
  </way>
  <way id="936334424" timestamp="2021-04-28T12:22:38Z" uid="13196718" user="kapybara" version="1" changeset="103776374">
    <nd ref="4874646419" />
    <nd ref="8676268326" />
    <tag k="access" v="permissive" />
    <tag k="covered" v="no" />
    <tag k="highway" v="service" />
    <tag k="motor_vehicle" v="private" />
    <tag k="service" v="driveway" />
  </way>
  <way id="936334425" timestamp="2021-05-03T17:15:22Z" uid="13196718" user="kapybara" version="3" changeset="104071706">
    <nd ref="8676268327" />
    <nd ref="8676268328" />
    <tag k="access" v="permissive" />
    <tag k="bicycle" v="dismount" />
    <tag k="highway" v="footway" />
    <tag k="lit" v="yes" />
    <tag k="motor_vehicle" v="no" />
    <tag k="surface" v="paving_stones" />
  </way>
  <way id="936334426" timestamp="2022-02-05T18:27:37Z" uid="1468248" user="PantherStrix" version="4" changeset="117056303">
    <nd ref="8676268329" />
    <nd ref="2122561532" />
    <tag k="access" v="permissive" />
    <tag k="bicycle" v="dismount" />
    <tag k="highway" v="footway" />
    <tag k="lit" v="yes" />
    <tag k="motor_vehicle" v="no" />
    <tag k="surface" v="compacted" />
  </way>
  <way id="963245290" timestamp="2022-05-21T10:35:08Z" uid="1468248" user="PantherStrix" version="2" changeset="121276363">
    <nd ref="4880499669" />
    <nd ref="9759177343" />
    <nd ref="8910129161" />
    <nd ref="9759170908" />
    <nd ref="8910129160" />
    <tag k="access" v="private" />
    <tag k="highway" v="footway" />
  </way>
  <way id="963245291" timestamp="2022-05-11T13:43:01Z" uid="13256627" user="Pieper13" version="2" changeset="120841799">
    <nd ref="8910129163" />
    <nd ref="8910129164" />
    <nd ref="8910129165" />
    <nd ref="8910129166" />
    <nd ref="8910129167" />
    <nd ref="8910129168" />
    <nd ref="8910129169" />
    <tag k="access" v="private" />
    <tag k="highway" v="path" />
  </way>
  <way id="963245298" timestamp="2023-11-05T12:13:32Z" uid="6167506" user="christian_plus1" version="3" changeset="143647074">
    <nd ref="11324283384" />
    <nd ref="8910129199" />
    <tag k="highway" v="footway" />
    <tag k="lit" v="yes" />
    <tag k="ramp:stroller" v="yes" />
    <tag k="smoothness" v="intermediate" />
    <tag k="surface" v="paving_stones" />
  </way>
  <way id="970133465" timestamp="2025-02-27T13:02:22Z" uid="1468248" user="PantherStrix" version="5" changeset="163011624">
    <nd ref="8977535599" />
    <nd ref="11634139783" />
    <nd ref="11634139784" />
    <nd ref="11634139785" />
    <nd ref="11634139787" />
    <nd ref="12623246409" />
    <nd ref="11634139788" />
    <nd ref="12623246410" />
    <nd ref="11634139789" />
    <nd ref="11634139790" />
    <nd ref="12623246407" />
    <nd ref="9773470155" />
    <nd ref="11634139794" />
    <tag k="highway" v="service" />
    <tag k="surface" v="sett" />
  </way>
  <way id="1062299235" timestamp="2022-05-21T10:35:08Z" uid="1468248" user="PantherStrix" version="1" changeset="121276363">
    <nd ref="9759177343" />
    <nd ref="9759170897" />
    <tag k="access" v="private" />
    <tag k="highway" v="footway" />
  </way>
  <way id="1062299237" timestamp="2022-05-26T13:43:00Z" uid="1468248" user="PantherStrix" version="3" changeset="121526948">
    <nd ref="9759177342" />
    <nd ref="4880499669" />
    <tag k="highway" v="footway" />
    <tag k="lit" v="yes" />
    <tag k="surface" v="sett" />
  </way>
  <way id="1062299238" timestamp="2023-11-05T12:13:32Z" uid="6167506" user="christian_plus1" version="2" changeset="143647074">
    <nd ref="9759170905" />
    <nd ref="11324283393" />
    <nd ref="9759170904" />
    <tag k="highway" v="service" />
    <tag k="service" v="driveway" />
  </way>
  <way id="1062299239" timestamp="2022-05-21T10:35:08Z" uid="1468248" user="PantherStrix" version="1" changeset="121276363">
    <nd ref="9759170904" />
    <nd ref="9759170906" />
    <nd ref="9759170907" />
    <tag k="access" v="private" />
    <tag k="highway" v="service" />
    <tag k="service" v="parking_aisle" />
  </way>
  <way id="1062299240" timestamp="2022-05-21T10:35:08Z" uid="1468248" user="PantherStrix" version="1" changeset="121276363">
    <nd ref="9759170896" />
    <nd ref="9759170908" />
    <nd ref="9759170909" />
    <tag k="access" v="private" />
    <tag k="highway" v="footway" />
  </way>
  <way id="1062516574" timestamp="2022-05-22T07:29:27Z" uid="1468248" user="PantherStrix" version="1" changeset="121306842">
    <nd ref="9761100542" />
    <nd ref="9761100544" />
    <tag k="access" v="private" />
    <tag k="emergency" v="designated" />
    <tag k="highway" v="service" />
    <tag k="service" v="driveway" />
  </way>
  <way id="1062516575" timestamp="2023-11-05T12:13:32Z" uid="6167506" user="christian_plus1" version="2" changeset="143647074">
    <nd ref="9761100543" />
    <nd ref="11324283394" />
    <nd ref="9761100542" />
    <tag k="emergency" v="designated" />
    <tag k="highway" v="service" />
    <tag k="service" v="driveway" />
  </way>
  <way id="1062651947" timestamp="2026-01-30T17:22:48Z" uid="1468248" user="PantherStrix" version="5" changeset="177899319">
    <nd ref="88102902" />
    <nd ref="11324283390" />
    <nd ref="11324283418" />
    <nd ref="9759170890" />
    <tag k="cycleway:both" v="no" />
    <tag k="hazard" v="children" />
    <tag k="highway" v="tertiary" />
    <tag k="lane_markings" v="no" />
    <tag k="lit" v="yes" />
    <tag k="maxspeed" v="50" />
    <tag k="maxspeed:conditional" v="30 @ (06:30-17:30)" />
    <tag k="name" v="Karl-Marx-Straße" />
    <tag k="old_name:1870-1938" v="Kaiserstraße" />
    <tag k="old_name:1938-1945" v="Straße der SA" />
    <tag k="postal_code" v="14482" />
    <tag k="sidewalk:both" v="separate" />
    <tag k="source:width" v="ARCore" />
    <tag k="surface" v="asphalt" />
    <tag k="width" v="7.9" />
  </way>
  <way id="1082673827" timestamp="2025-12-12T16:03:07Z" uid="16371836" user="Till_btn" version="5" changeset="175853336">
    <nd ref="410940701" />
    <nd ref="2852446323" />
    <tag k="cycleway:right" v="lane" />
    <tag k="cycleway:right:lane" v="advisory" />
    <tag k="highway" v="tertiary" />
    <tag k="lanes" v="2" />
    <tag k="lit" v="yes" />
    <tag k="maxspeed" v="30" />
    <tag k="maxspeed:type" v="sign" />
    <tag k="name" v="Rudolf-Breitscheid-Straße" />
    <tag k="old_name" v="Lindenstraße" />
    <tag k="postal_code" v="14482" />
    <tag k="sidewalk" v="both" />
    <tag k="sidewalk:both:surface" v="paving_stones" />
    <tag k="smoothness" v="intermediate" />
    <tag k="source:maxspeed" v="sign" />
    <tag k="surface" v="asphalt" />
    <tag k="traffic_sign" v="DE:274[30]" />
  </way>
  <way id="1082673828" timestamp="2024-05-17T12:16:47Z" uid="16371836" user="Till_btn" version="4" changeset="151451504">
    <nd ref="30570808" />
    <nd ref="3811289171" />
    <nd ref="9922279734" />
    <tag k="cycleway" v="lane" />
    <tag k="cycleway:both:lane" v="advisory" />
    <tag k="highway" v="tertiary" />
    <tag k="lanes" v="2" />
    <tag k="lit" v="yes" />
    <tag k="maxspeed" v="10" />
    <tag k="maxspeed:type" v="sign" />
    <tag k="name" v="Rudolf-Breitscheid-Straße" />
    <tag k="old_name" v="Lindenstraße" />
    <tag k="postal_code" v="14482" />
    <tag k="sidewalk:both" v="separate" />
    <tag k="smoothness" v="intermediate" />
    <tag k="source:maxspeed" v="sign" />
    <tag k="surface" v="asphalt" />
    <tag k="traffic_sign" v="DE:274[10]" />
  </way>
  <way id="1089847908" timestamp="2023-11-05T12:13:32Z" uid="6167506" user="christian_plus1" version="2" changeset="143647074">
    <nd ref="9983270478" />
    <nd ref="11324283400" />
    <nd ref="9983270477" />
    <tag k="access" v="private" />
    <tag k="highway" v="service" />
    <tag k="service" v="parking_aisle" />
  </way>
  <way id="1089847916" timestamp="2025-05-31T07:04:41Z" uid="1468248" user="PantherStrix" version="3" changeset="166999189">
    <nd ref="9983287332" />
    <nd ref="253752671" />
    <nd ref="9983287331" />
    <tag k="highway" v="footway" />
    <tag k="lit" v="no" />
    <tag k="surface" v="paving_stones" />
  </way>
  <way id="1089847917" timestamp="2026-03-03T18:33:17Z" uid="609703" user="adrgru" version="3" changeset="179317529">
    <nd ref="9983287340" />
    <nd ref="13615231959" />
    <tag k="highway" v="footway" />
    <tag k="surface" v="paving_stones" />
  </way>
  <way id="1089847939" timestamp="2023-11-05T12:13:32Z" uid="6167506" user="christian_plus1" version="2" changeset="143647074">
    <nd ref="9983287395" />
    <nd ref="11324283403" />
    <nd ref="9983287394" />
    <tag k="access" v="customers" />
    <tag k="highway" v="service" />
    <tag k="service" v="driveway" />
  </way>
  <way id="1107652981" timestamp="2022-10-28T07:04:03Z" uid="17428843" user="Barbara Förster" version="4" changeset="128157757">
    <nd ref="10134831648" />
    <nd ref="420646785" />
    <nd ref="266766742" />
    <tag k="access" v="permit" />
    <tag k="bicycle" v="designated" />
    <tag k="emergency" v="designated" />
    <tag k="foot" v="designated" />
    <tag k="highway" v="service" />
    <tag k="horse" v="no" />
    <tag k="lit" v="yes" />
    <tag k="maxspeed" v="10" />
    <tag k="motor_vehicle" v="private" />
    <tag k="service" v="driveway" />
    <tag k="sidewalk" v="right" />
    <tag k="sidewalk:right:surface" v="paving_stones" />
    <tag k="source:maxspeed" v="sign" />
  </way>
  <way id="1107653016" timestamp="2022-10-28T07:03:26Z" uid="17428843" user="Barbara Förster" version="3" changeset="128157757">
    <nd ref="420646817" />
    <nd ref="10134831648" />
    <tag k="access" v="permit" />
    <tag k="bicycle" v="designated" />
    <tag k="emergency" v="designated" />
    <tag k="foot" v="designated" />
    <tag k="highway" v="service" />
    <tag k="horse" v="no" />
    <tag k="lit" v="yes" />
    <tag k="maxspeed" v="10" />
    <tag k="motor_vehicle" v="private" />
    <tag k="service" v="driveway" />
    <tag k="sidewalk" v="both" />
    <tag k="sidewalk:both:surface" v="paving_stones" />
    <tag k="source:maxspeed" v="sign" />
  </way>
  <way id="1122292050" timestamp="2024-12-31T13:58:33Z" uid="1468248" user="PantherStrix" version="10" changeset="160833050">
    <nd ref="10264921735" />
    <nd ref="10264921736" />
    <tag k="handrail" v="no" />
    <tag k="highway" v="steps" />
    <tag k="incline" v="up" />
    <tag k="lit" v="yes" />
    <tag k="ramp" v="no" />
    <tag k="step_count" v="3" />
    <tag k="surface" v="concrete" />
    <tag k="tactile_paving" v="no" />
  </way>
  <way id="1122292051" timestamp="2023-10-03T13:27:42Z" uid="3020814" user="BER319" version="2" changeset="142101415">
    <nd ref="10264921788" />
    <nd ref="10264921730" />
    <nd ref="5359343790" />
    <nd ref="10264921734" />
    <tag k="highway" v="footway" />
    <tag k="lit" v="yes" />
    <tag k="smoothness" v="excellent" />
    <tag k="surface" v="paving_stones" />
  </way>
  <way id="1122292052" timestamp="2023-10-03T11:36:37Z" uid="3020814" user="BER319" version="4" changeset="142096243">
    <nd ref="10264921791" />
    <nd ref="249783097" />
    <nd ref="928108172" />
    <tag k="highway" v="footway" />
    <tag k="lit" v="yes" />
    <tag k="smoothness" v="good" />
    <tag k="surface" v="paving_stones" />
  </way>
  <way id="1122292053" timestamp="2023-10-03T11:36:38Z" uid="3020814" user="BER319" version="4" changeset="142096243">
    <nd ref="10264921792" />
    <nd ref="10264921791" />
    <nd ref="650285954" />
    <tag k="highway" v="footway" />
    <tag k="lit" v="yes" />
    <tag k="smoothness" v="good" />
    <tag k="surface" v="paving_stones" />
    <tag k="tactile_paving" v="yes" />
  </way>
  <way id="1122292056" timestamp="2024-12-08T07:11:09Z" uid="66391" user="geozeisig" version="3" changeset="160047411">
    <nd ref="10264924509" />
    <nd ref="1748997371" />
    <tag k="bench" v="yes" />
    <tag k="bin" v="yes" />
    <tag k="bus" v="yes" />
    <tag k="covered" v="no" />
    <tag k="highway" v="platform" />
    <tag k="kerb" v="raised" />
    <tag k="kerb:approach_aid" v="no" />
    <tag k="lit" v="yes" />
    <tag k="name" v="Stahnsdorfer Straße/August-Bebel-Straße" />
    <tag k="passenger_information_display" v="no" />
    <tag k="public_transport" v="platform" />
    <tag k="shelter" v="no" />
    <tag k="surface" v="paved" />
    <tag k="tactile_paving" v="yes" />
    <tag k="wheelchair" v="yes" />
  </way>
  <way id="1122292057" timestamp="2024-12-08T07:11:09Z" uid="66391" user="geozeisig" version="5" changeset="160047411">
    <nd ref="1748997370" />
    <nd ref="10264924510" />
    <tag k="bench" v="yes" />
    <tag k="bin" v="yes" />
    <tag k="bus" v="yes" />
    <tag k="covered" v="no" />
    <tag k="highway" v="platform" />
    <tag k="kerb" v="raised" />
    <tag k="kerb:approach_aid" v="no" />
    <tag k="lit" v="yes" />
    <tag k="name" v="Stahnsdorfer Straße/August-Bebel-Straße" />
    <tag k="passenger_information_display" v="no" />
    <tag k="public_transport" v="platform" />
    <tag k="shelter" v="no" />
    <tag k="surface" v="paved" />
    <tag k="tactile_paving" v="no" />
    <tag k="wheelchair" v="limited" />
  </way>
  <way id="1167152841" timestamp="2023-10-08T09:28:56Z" uid="3020814" user="BER319" version="4" changeset="142296478">
    <nd ref="3982271962" />
    <nd ref="249783191" />
    <tag k="highway" v="footway" />
    <tag k="lit" v="yes" />
    <tag k="smoothness" v="intermediate" />
    <tag k="surface" v="paving_stones" />
  </way>
  <way id="1167152842" timestamp="2023-10-08T09:28:56Z" uid="3020814" user="BER319" version="4" changeset="142296478">
    <nd ref="3982271960" />
    <nd ref="249783190" />
    <tag k="highway" v="footway" />
    <tag k="lit" v="yes" />
    <tag k="smoothness" v="intermediate" />
    <tag k="surface" v="paving_stones" />
  </way>
  <way id="1167152843" timestamp="2023-10-08T09:28:56Z" uid="3020814" user="BER319" version="4" changeset="142296478">
    <nd ref="3982271964" />
    <nd ref="249783189" />
    <tag k="highway" v="footway" />
    <tag k="lit" v="yes" />
    <tag k="smoothness" v="intermediate" />
    <tag k="surface" v="paving_stones" />
  </way>
  <way id="1169314224" timestamp="2023-05-06T12:59:31Z" uid="10121078" user="klnkengi" version="1" changeset="135776282">
    <nd ref="10873315176" />
    <nd ref="10873315175" />
    <nd ref="10873315174" />
    <nd ref="9481748398" />
    <nd ref="8676268322" />
    <tag k="access" v="permissive" />
    <tag k="covered" v="no" />
    <tag k="highway" v="service" />
    <tag k="motor_vehicle" v="private" />
    <tag k="oneway" v="no" />
    <tag k="smoothness" v="excellent" />
    <tag k="surface" v="paving_stones" />
  </way>
  <way id="1183018026" timestamp="2023-10-03T13:27:42Z" uid="3020814" user="BER319" version="2" changeset="142101415">
    <nd ref="928107755" />
    <nd ref="10264921734" />
    <tag k="cycleway:both" v="no" />
    <tag k="highway" v="residential" />
    <tag k="lit" v="yes" />
    <tag k="maxspeed" v="30" />
    <tag k="name" v="Prof.-Dr.-Helmert-Straße" />
    <tag k="postal_code" v="14482" />
    <tag k="sidewalk" v="both" />
    <tag k="sidewalk:both:surface" v="paving_stones" />
    <tag k="surface" v="asphalt" />
  </way>
  <way id="1212729978" timestamp="2023-10-03T11:36:31Z" uid="3020814" user="BER319" version="4" changeset="142096243">
    <nd ref="911043405" />
    <nd ref="1149068051" />
    <nd ref="249783102" />
    <nd ref="249783103" />
    <nd ref="11235668035" />
    <tag k="highway" v="footway" />
    <tag k="lit" v="yes" />
    <tag k="smoothness" v="intermediate" />
    <tag k="surface" v="sett" />
  </way>
  <way id="1212758383" timestamp="2025-08-01T14:08:02Z" uid="23034332" user="fmc_8" version="4" changeset="169820548">
    <nd ref="5058851560" />
    <nd ref="931635103" />
    <nd ref="249783113" />
    <tag k="cycleway:both" v="no" />
    <tag k="highway" v="residential" />
    <tag k="lanes" v="2" />
    <tag k="lit" v="yes" />
    <tag k="mapillary" v="25897553239892301" />
    <tag k="maxspeed" v="30" />
    <tag k="name" v="Stahnsdorfer Straße" />
    <tag k="name:etymology:wikidata" v="Q640426" />
    <tag k="name:etymology:wikipedia" v="de:Stahnsdorf" />
    <tag k="postal_code" v="14482" />
    <tag k="sidewalk" v="right" />
    <tag k="sidewalk:right:surface" v="paving_stones" />
    <tag k="smoothness" v="good" />
    <tag k="surface" v="asphalt" />
  </way>
  <way id="1212762776" timestamp="2025-07-21T13:17:55Z" uid="16371836" user="Till_btn" version="4" changeset="169243884">
    <nd ref="12670697444" />
    <nd ref="10264921739" />
    <nd ref="10264921738" />
    <nd ref="13015488887" />
    <nd ref="10264921789" />
    <nd ref="1037525242" />
    <nd ref="13015488877" />
    <nd ref="309164583" />
    <tag k="highway" v="footway" />
    <tag k="lit" v="yes" />
    <tag k="smoothness" v="excellent" />
    <tag k="surface" v="paving_stones" />
  </way>
  <way id="1212762777" timestamp="2024-12-07T06:33:49Z" uid="1468248" user="PantherStrix" version="2" changeset="160016896">
    <nd ref="4866139606" />
    <nd ref="1060494127" />
    <tag k="highway" v="footway" />
    <tag k="lit" v="yes" />
    <tag k="smoothness" v="excellent" />
    <tag k="surface" v="paving_stones" />
  </way>
  <way id="1212762778" timestamp="2023-10-03T13:27:42Z" uid="3020814" user="BER319" version="1" changeset="142101415">
    <nd ref="10264921734" />
    <nd ref="10264921737" />
    <tag k="cycleway:both" v="no" />
    <tag k="highway" v="residential" />
    <tag k="lit" v="yes" />
    <tag k="maxspeed" v="30" />
    <tag k="name" v="Prof.-Dr.-Helmert-Straße" />
    <tag k="postal_code" v="14482" />
    <tag k="sidewalk" v="both" />
    <tag k="sidewalk:both:surface" v="paving_stones" />
    <tag k="surface" v="asphalt" />
  </way>
  <way id="1212762779" timestamp="2023-10-03T13:27:42Z" uid="3020814" user="BER319" version="1" changeset="142101415">
    <nd ref="2138533027" />
    <nd ref="7057689087" />
    <nd ref="7057689123" />
    <nd ref="2138533029" />
    <nd ref="11030670247" />
    <nd ref="4866140022" />
    <nd ref="11030670246" />
    <nd ref="1737829969" />
    <nd ref="410940701" />
    <tag k="highway" v="service" />
    <tag k="lit" v="yes" />
    <tag k="oneway" v="yes" />
    <tag k="service" v="driveway" />
    <tag k="sidewalk" v="right" />
    <tag k="sidewalk:right:surface" v="paving_stones" />
    <tag k="smoothness" v="intermediate" />
    <tag k="surface" v="cobblestone" />
  </way>
  <way id="1212762780" timestamp="2025-02-27T13:02:22Z" uid="1468248" user="PantherStrix" version="3" changeset="163011624">
    <nd ref="10264921788" />
    <nd ref="10264921785" />
    <nd ref="10264921786" />
    <nd ref="11324758196" />
    <nd ref="4866140069" />
    <nd ref="11324758195" />
    <nd ref="4866140068" />
    <nd ref="11324758216" />
    <nd ref="6846246721" />
    <nd ref="4866140067" />
    <nd ref="10264921731" />
    <tag k="highway" v="service" />
    <tag k="motor_vehicle" v="delivery" />
    <tag k="service" v="driveway" />
  </way>
  <way id="1212762781" timestamp="2025-07-21T13:17:55Z" uid="16371836" user="Till_btn" version="2" changeset="169243884">
    <nd ref="309164583" />
    <nd ref="10264921792" />
    <nd ref="13015488864" />
    <nd ref="928107758" />
    <tag k="highway" v="footway" />
    <tag k="lit" v="yes" />
    <tag k="smoothness" v="good" />
    <tag k="surface" v="paving_stones" />
  </way>
  <way id="1214014382" timestamp="2023-10-08T09:28:37Z" uid="3020814" user="BER319" version="2" changeset="142296480">
    <nd ref="1038351473" />
    <nd ref="11247711086" />
    <tag k="highway" v="footway" />
    <tag k="lit" v="yes" />
    <tag k="surface" v="metal" />
  </way>
  <way id="1214014403" timestamp="2023-10-08T09:28:50Z" uid="3020814" user="BER319" version="3" changeset="142296477">
    <nd ref="4206034498" />
    <nd ref="2158816070" />
    <nd ref="4206034493" />
    <nd ref="2158816091" />
    <nd ref="2158816095" />
    <nd ref="7476350866" />
    <nd ref="11247718615" />
    <tag k="highway" v="footway" />
    <tag k="lit" v="yes" />
    <tag k="smoothness" v="intermediate" />
    <tag k="surface" v="compacted" />
  </way>
  <way id="1214014404" timestamp="2023-10-08T09:28:49Z" uid="3020814" user="BER319" version="4" changeset="142296477">
    <nd ref="2158816064" />
    <nd ref="2158816067" />
    <nd ref="4206034498" />
    <tag k="highway" v="footway" />
    <tag k="lit" v="yes" />
    <tag k="smoothness" v="good" />
    <tag k="surface" v="paving_stones" />
  </way>
  <way id="1214014406" timestamp="2023-10-08T09:28:54Z" uid="3020814" user="BER319" version="4" changeset="142296477">
    <nd ref="11247712175" />
    <nd ref="420646911" />
    <tag k="highway" v="footway" />
    <tag k="lit" v="yes" />
    <tag k="smoothness" v="intermediate" />
    <tag k="surface" v="sett" />
  </way>
  <way id="1214016297" timestamp="2024-03-31T19:29:24Z" uid="13457705" user="Miroka96" version="2" changeset="149404944">
    <nd ref="30582607" />
    <nd ref="5329585050" />
    <nd ref="30582605" />
    <nd ref="5329585047" />
    <nd ref="5329585048" />
    <nd ref="5329585049" />
    <nd ref="7476211540" />
    <nd ref="30582599" />
    <tag k="highway" v="track" />
    <tag k="lit" v="no" />
    <tag k="motor_vehicle" v="forestry" />
    <tag k="mtb:scale" v="1" />
    <tag k="smoothness" v="intermediate" />
    <tag k="surface" v="sand" />
    <tag k="tracktype" v="grade4" />
    <tag k="width" v="2" />
  </way>
  <way id="1221275888" timestamp="2023-11-05T12:13:32Z" uid="6167506" user="christian_plus1" version="1" changeset="143647074">
    <nd ref="7942873394" />
    <nd ref="11324279819" />
    <nd ref="7942873393" />
    <tag k="highway" v="service" />
    <tag k="service" v="driveway" />
    <tag k="surface" v="paving_stones" />
  </way>
  <way id="1221275892" timestamp="2026-01-30T17:22:48Z" uid="1468248" user="PantherStrix" version="4" changeset="177899319">
    <nd ref="11324279797" />
    <nd ref="11324279799" />
    <nd ref="11324279798" />
    <tag k="crossing" v="unmarked" />
    <tag k="crossing:markings" v="no" />
    <tag k="footway" v="crossing" />
    <tag k="highway" v="footway" />
    <tag k="lit" v="yes" />
    <tag k="surface" v="sett" />
  </way>
  <way id="1221275893" timestamp="2024-12-31T14:05:44Z" uid="1468248" user="PantherStrix" version="3" changeset="160833050">
    <nd ref="11324279798" />
    <nd ref="11324283406" />
    <nd ref="11324283409" />
    <nd ref="11324283404" />
    <nd ref="11324279817" />
    <nd ref="11324279800" />
    <nd ref="11324279801" />
    <tag k="footway" v="sidewalk" />
    <tag k="highway" v="footway" />
    <tag k="lit" v="no" />
    <tag k="surface" v="sett" />
  </way>
  <way id="1221275894" timestamp="2026-04-12T07:06:50Z" uid="9607" user="hfs" version="6" changeset="181216322">
    <nd ref="11324279802" />
    <nd ref="11324279801" />
    <nd ref="11324279818" />
    <nd ref="13512671788" />
    <nd ref="11324279803" />
    <tag k="access:conditional" v="no @ (2026 Mar 1 - 2027 Mar 31)" />
    <tag k="check_date" v="2026-04-12" />
    <tag k="footway" v="sidewalk" />
    <tag k="highway" v="construction" />
    <tag k="lit" v="yes" />
    <tag k="surface" v="sett" />
  </way>
  <way id="1221275895" timestamp="2026-01-30T17:22:48Z" uid="1468248" user="PantherStrix" version="4" changeset="177899319">
    <nd ref="13512671788" />
    <nd ref="11324279805" />
    <tag k="footway" v="sidewalk" />
    <tag k="highway" v="footway" />
    <tag k="lit" v="yes" />
    <tag k="surface" v="paving_stones" />
  </way>
  <way id="1221275896" timestamp="2026-01-30T17:22:48Z" uid="1468248" user="PantherStrix" version="4" changeset="177899319">
    <nd ref="11324279805" />
    <nd ref="7942873445" />
    <tag k="highway" v="footway" />
    <tag k="lit" v="yes" />
    <tag k="surface" v="sett" />
  </way>
  <way id="1221275897" timestamp="2026-01-30T17:22:48Z" uid="1468248" user="PantherStrix" version="4" changeset="177899319">
    <nd ref="11324279803" />
    <nd ref="11324279807" />
    <nd ref="11324279806" />
    <tag k="crossing" v="unmarked" />
    <tag k="crossing:markings" v="no" />
    <tag k="footway" v="crossing" />
    <tag k="highway" v="footway" />
    <tag k="lit" v="yes" />
    <tag k="surface" v="sett" />
  </way>
  <way id="1221275898" timestamp="2024-12-31T14:07:22Z" uid="1468248" user="PantherStrix" version="3" changeset="160833050">
    <nd ref="11324279808" />
    <nd ref="4537367294" />
    <nd ref="11324279809" />
    <tag k="crossing" v="traffic_signals" />
    <tag k="footway" v="crossing" />
    <tag k="highway" v="footway" />
    <tag k="lit" v="yes" />
    <tag k="surface" v="asphalt" />
  </way>
  <way id="1221275899" timestamp="2024-12-31T14:07:20Z" uid="1468248" user="PantherStrix" version="3" changeset="160833050">
    <nd ref="11324279806" />
    <nd ref="11324279811" />
    <nd ref="11324279810" />
    <tag k="footway" v="sidewalk" />
    <tag k="highway" v="footway" />
    <tag k="lit" v="yes" />
    <tag k="surface" v="sett" />
  </way>
  <way id="1221275900" timestamp="2024-12-31T14:07:16Z" uid="1468248" user="PantherStrix" version="3" changeset="160833050">
    <nd ref="11324279810" />
    <nd ref="11324279808" />
    <tag k="footway" v="sidewalk" />
    <tag k="highway" v="footway" />
    <tag k="lit" v="yes" />
    <tag k="surface" v="sett" />
  </way>
  <way id="1221275901" timestamp="2024-12-31T14:07:02Z" uid="1468248" user="PantherStrix" version="2" changeset="160833050">
    <nd ref="11324279811" />
    <nd ref="11324283413" />
    <nd ref="11324283415" />
    <nd ref="11324279812" />
    <tag k="footway" v="sidewalk" />
    <tag k="highway" v="footway" />
    <tag k="lit" v="yes" />
    <tag k="surface" v="paving_stones" />
  </way>
  <way id="1221275902" timestamp="2026-01-30T17:22:48Z" uid="1468248" user="PantherStrix" version="4" changeset="177899319">
    <nd ref="11324279797" />
    <nd ref="11324279812" />
    <nd ref="11324283420" />
    <nd ref="13512671794" />
    <nd ref="11324279813" />
    <tag k="footway" v="sidewalk" />
    <tag k="highway" v="footway" />
    <tag k="lit" v="yes" />
    <tag k="surface" v="sett" />
  </way>
  <way id="1221275905" timestamp="2023-11-05T12:13:32Z" uid="6167506" user="christian_plus1" version="1" changeset="143647074">
    <nd ref="11324279816" />
    <nd ref="11324279817" />
    <nd ref="7942873444" />
    <tag k="highway" v="service" />
    <tag k="service" v="driveway" />
  </way>
  <way id="1221275906" timestamp="2024-12-31T14:05:11Z" uid="1468248" user="PantherStrix" version="3" changeset="160833050">
    <nd ref="11324283371" />
    <nd ref="11324283372" />
    <nd ref="11324279802" />
    <tag k="crossing" v="unmarked" />
    <tag k="crossing:markings" v="no" />
    <tag k="footway" v="crossing" />
    <tag k="highway" v="footway" />
    <tag k="lit" v="yes" />
    <tag k="surface" v="asphalt" />
  </way>
  <way id="1221275907" timestamp="2024-01-14T18:03:17Z" uid="20888446" user="osm-bd9c0c" version="3" changeset="146253911">
    <nd ref="11324279819" />
    <nd ref="11324279820" />
    <tag k="footway" v="sidewalk" />
    <tag k="highway" v="footway" />
    <tag k="surface" v="asphalt" />
  </way>
  <way id="1221275908" timestamp="2024-12-31T14:07:18Z" uid="1468248" user="PantherStrix" version="3" changeset="160833050">
    <nd ref="11324279809" />
    <nd ref="11324279820" />
    <tag k="footway" v="sidewalk" />
    <tag k="highway" v="footway" />
    <tag k="lit" v="yes" />
    <tag k="surface" v="asphalt" />
  </way>
  <way id="1221275909" timestamp="2024-03-31T20:26:55Z" uid="13457705" user="Miroka96" version="3" changeset="149404944">
    <nd ref="11324279820" />
    <nd ref="11324279821" />
    <nd ref="11324279822" />
    <nd ref="11324279845" />
    <nd ref="11324279823" />
    <tag k="footway" v="sidewalk" />
    <tag k="highway" v="footway" />
    <tag k="lit" v="yes" />
    <tag k="surface" v="paving_stones" />
  </way>
  <way id="1221275910" timestamp="2024-01-14T18:05:37Z" uid="20888446" user="osm-bd9c0c" version="2" changeset="146253911">
    <nd ref="11324279823" />
    <nd ref="11324279824" />
    <tag k="highway" v="footway" />
    <tag k="surface" v="paving_stones" />
  </way>
  <way id="1221275911" timestamp="2025-01-03T10:44:18Z" uid="20936257" user="Sandplaice" version="4" changeset="160942382">
    <nd ref="11324279823" />
    <nd ref="12470958735" />
    <nd ref="11324279840" />
    <nd ref="11324279839" />
    <nd ref="11324279825" />
    <tag k="footway" v="sidewalk" />
    <tag k="highway" v="footway" />
    <tag k="lit" v="yes" />
    <tag k="surface" v="paving_stones" />
  </way>
  <way id="1221275912" timestamp="2024-03-31T20:26:09Z" uid="13457705" user="Miroka96" version="3" changeset="149404944">
    <nd ref="11324279825" />
    <nd ref="11324279826" />
    <tag k="crossing" v="unmarked" />
    <tag k="crossing:markings" v="no" />
    <tag k="footway" v="crossing" />
    <tag k="highway" v="footway" />
    <tag k="lit" v="yes" />
    <tag k="surface" v="paving_stones" />
  </way>
  <way id="1221275913" timestamp="2024-03-31T19:32:48Z" uid="13457705" user="Miroka96" version="3" changeset="149404944">
    <nd ref="11324279827" />
    <nd ref="11324279832" />
    <nd ref="11324279828" />
    <tag k="footway" v="sidewalk" />
    <tag k="highway" v="footway" />
    <tag k="lit" v="yes" />
    <tag k="surface" v="paving_stones" />
  </way>
  <way id="1221275914" timestamp="2024-03-31T19:32:55Z" uid="13457705" user="Miroka96" version="3" changeset="149404944">
    <nd ref="11324279828" />
    <nd ref="11324279830" />
    <nd ref="11324279829" />
    <tag k="crossing" v="uncontrolled" />
    <tag k="crossing:markings" v="yes" />
    <tag k="footway" v="crossing" />
    <tag k="highway" v="footway" />
    <tag k="lit" v="yes" />
    <tag k="surface" v="asphalt" />
  </way>
  <way id="1221275915" timestamp="2026-04-12T07:06:45Z" uid="9607" user="hfs" version="5" changeset="181216322">
    <nd ref="11324279829" />
    <nd ref="11324279848" />
    <tag k="access:conditional" v="no @ (2026 Mar 1 - 2027 Mar 31)" />
    <tag k="check_date" v="2026-04-12" />
    <tag k="footway" v="sidewalk" />
    <tag k="highway" v="construction" />
    <tag k="lit" v="yes" />
    <tag k="surface" v="paving_stones" />
  </way>
  <way id="1221275916" timestamp="2024-03-31T20:26:38Z" uid="13457705" user="Miroka96" version="3" changeset="149404944">
    <nd ref="11324279832" />
    <nd ref="11324279833" />
    <tag k="footway" v="sidewalk" />
    <tag k="highway" v="footway" />
    <tag k="lit" v="yes" />
    <tag k="surface" v="paving_stones" />
  </way>
  <way id="1221275917" timestamp="2024-03-31T20:26:18Z" uid="13457705" user="Miroka96" version="3" changeset="149404944">
    <nd ref="11324279833" />
    <nd ref="11324279836" />
    <nd ref="11324279834" />
    <tag k="crossing" v="unmarked" />
    <tag k="crossing:markings" v="no" />
    <tag k="footway" v="crossing" />
    <tag k="highway" v="footway" />
    <tag k="lit" v="yes" />
    <tag k="surface" v="asphalt" />
  </way>
  <way id="1221275918" timestamp="2024-03-31T20:26:44Z" uid="13457705" user="Miroka96" version="3" changeset="149404944">
    <nd ref="11324279834" />
    <nd ref="11324279856" />
    <nd ref="11324279837" />
    <tag k="highway" v="footway" />
    <tag k="lit" v="yes" />
    <tag k="surface" v="paving_stones" />
  </way>
  <way id="1221275919" timestamp="2024-03-31T20:26:21Z" uid="13457705" user="Miroka96" version="7" changeset="149404944">
    <nd ref="11324279837" />
    <nd ref="11324279838" />
    <tag k="handrail" v="no" />
    <tag k="highway" v="steps" />
    <tag k="incline" v="up" />
    <tag k="lit" v="yes" />
    <tag k="ramp" v="yes" />
    <tag k="ramp:wheelchair" v="yes" />
    <tag k="step_count" v="2" />
    <tag k="surface" v="paving_stones" />
    <tag k="tactile_paving" v="no" />
  </way>
  <way id="1221275920" timestamp="2024-03-31T20:26:47Z" uid="13457705" user="Miroka96" version="3" changeset="149404944">
    <nd ref="11324279838" />
    <nd ref="11324279839" />
    <tag k="highway" v="footway" />
    <tag k="lit" v="yes" />
    <tag k="surface" v="paving_stones" />
  </way>
  <way id="1221275921" timestamp="2026-03-04T15:45:25Z" uid="16371836" user="Till_btn" version="4" changeset="179355835">
    <nd ref="11324279848" />
    <nd ref="11324279843" />
    <nd ref="11324279844" />
    <tag k="footway" v="sidewalk" />
    <tag k="highway" v="footway" />
    <tag k="lit" v="yes" />
    <tag k="surface" v="paving_stones" />
  </way>
  <way id="1221275922" timestamp="2024-03-31T20:43:14Z" uid="13457705" user="Miroka96" version="3" changeset="149404944">
    <nd ref="11324279845" />
    <nd ref="11324279851" />
    <nd ref="11324279846" />
    <tag k="highway" v="footway" />
    <tag k="lit" v="yes" />
    <tag k="surface" v="paving_stones" />
  </way>
  <way id="1221275923" timestamp="2024-03-31T20:43:17Z" uid="13457705" user="Miroka96" version="3" changeset="149404944">
    <nd ref="11324279847" />
    <nd ref="11324279848" />
    <tag k="highway" v="footway" />
    <tag k="lit" v="yes" />
    <tag k="surface" v="paving_stones" />
  </way>
  <way id="1221275924" timestamp="2024-03-31T20:43:07Z" uid="13457705" user="Miroka96" version="3" changeset="149404944">
    <nd ref="11324279846" />
    <nd ref="11324279849" />
    <nd ref="11324279847" />
    <tag k="crossing" v="unmarked" />
    <tag k="crossing:markings" v="no" />
    <tag k="footway" v="crossing" />
    <tag k="highway" v="footway" />
    <tag k="lit" v="yes" />
    <tag k="surface" v="asphalt" />
  </way>
  <way id="1221275925" timestamp="2026-04-12T07:06:17Z" uid="9607" user="hfs" version="6" changeset="181216322">
    <nd ref="30569600" />
    <nd ref="11324279850" />
    <tag k="access:conditional" v="no @ (2026 Mar 1 - 2027 Mar 31)" />
    <tag k="check_date" v="2026-04-12" />
    <tag k="crossing" v="unmarked" />
    <tag k="crossing:markings" v="no" />
    <tag k="cycleway" v="crossing" />
    <tag k="highway" v="construction" />
    <tag k="is_sidepath" v="yes" />
    <tag k="lit" v="yes" />
    <tag k="oneway" v="yes" />
    <tag k="surface" v="paving_stones" />
  </way>
  <way id="1221275926" timestamp="2026-04-12T07:06:37Z" uid="9607" user="hfs" version="8" changeset="181216322">
    <nd ref="11324279850" />
    <nd ref="11324279851" />
    <nd ref="11324279852" />
    <nd ref="11324279853" />
    <nd ref="11324279854" />
    <nd ref="11324279855" />
    <tag k="access:conditional" v="no @ (2026 Mar 1 - 2027 Mar 31)" />
    <tag k="check_date" v="2026-04-12" />
    <tag k="highway" v="construction" />
    <tag k="is_sidepath" v="yes" />
    <tag k="lit" v="yes" />
    <tag k="oneway" v="yes" />
    <tag k="smoothness" v="intermediate" />
    <tag k="surface" v="paving_stones" />
    <tag k="width" v="1" />
  </way>
  <way id="1221275927" timestamp="2025-08-29T16:23:44Z" uid="250433" user="david_" version="5" changeset="171193085">
    <nd ref="11324279857" />
    <nd ref="931650094" />
    <tag k="crossing" v="uncontrolled" />
    <tag k="crossing:markings" v="yes" />
    <tag k="cycleway" v="crossing" />
    <tag k="highway" v="cycleway" />
    <tag k="is_sidepath" v="yes" />
    <tag k="lit" v="yes" />
    <tag k="oneway" v="yes" />
    <tag k="surface" v="asphalt" />
    <tag k="width" v="1" />
  </way>
  <way id="1221275928" timestamp="2023-11-05T12:13:32Z" uid="6167506" user="christian_plus1" version="1" changeset="143647074">
    <nd ref="928110049" />
    <nd ref="11324279836" />
    <nd ref="570596666" />
    <nd ref="931650094" />
    <tag k="cycleway:left" v="lane" />
    <tag k="cycleway:left:lane" v="advisory" />
    <tag k="cycleway:right" v="separate" />
    <tag k="highway" v="tertiary" />
    <tag k="lanes" v="2" />
    <tag k="lit" v="yes" />
    <tag k="maxspeed" v="50" />
    <tag k="name" v="August-Bebel-Straße" />
    <tag k="name:etymology:wikidata" v="Q76520" />
    <tag k="name:etymology:wikipedia" v="de:August Bebel" />
    <tag k="old_name:1927-1938" v="Böckmannstraße" />
    <tag k="old_name:1927-1938:etymology:wikidata" v="Q73673" />
    <tag k="old_name:1938-1945" v="Filmakademiestraße" />
    <tag k="old_name:1938-1945:etymology:wikidata" v="Q1202527" />
    <tag k="sidewalk:both" v="separate" />
    <tag k="smoothness" v="good" />
    <tag k="source:maxspeed" v="urban" />
    <tag k="surface" v="asphalt" />
    <tag k="wikidata" v="Q100349322" />
    <tag k="wikimedia_commons" v="Category:August-Bebel-Straße (Potsdam)" />
  </way>
  <way id="1221275929" timestamp="2024-03-31T19:32:05Z" uid="13457705" user="Miroka96" version="3" changeset="149404944">
    <nd ref="11324279844" />
    <nd ref="11324279858" />
    <nd ref="11324279859" />
    <nd ref="11324279860" />
    <nd ref="11324283398" />
    <nd ref="11324283399" />
    <nd ref="11324283400" />
    <nd ref="11324283401" />
    <nd ref="11324283402" />
    <nd ref="11324283403" />
    <nd ref="11324279861" />
    <nd ref="11324283389" />
    <tag k="footway" v="sidewalk" />
    <tag k="highway" v="footway" />
    <tag k="lit" v="yes" />
    <tag k="surface" v="compacted" />
  </way>
  <way id="1221275930" timestamp="2024-03-31T19:32:02Z" uid="13457705" user="Miroka96" version="2" changeset="149404944">
    <nd ref="11324283395" />
    <nd ref="11324283375" />
    <nd ref="11324283380" />
    <nd ref="11324283383" />
    <nd ref="11324283370" />
    <nd ref="11324283385" />
    <tag k="footway" v="sidewalk" />
    <tag k="highway" v="footway" />
    <tag k="lit" v="yes" />
    <tag k="surface" v="paving_stones" />
  </way>
  <way id="1221275931" timestamp="2026-01-30T17:22:48Z" uid="1468248" user="PantherStrix" version="2" changeset="177899319">
    <nd ref="13512671924" />
    <nd ref="11324283375" />
    <nd ref="11324283373" />
    <tag k="highway" v="service" />
    <tag k="service" v="driveway" />
  </way>
  <way id="1221275932" timestamp="2026-01-30T17:22:48Z" uid="1468248" user="PantherStrix" version="2" changeset="177899319">
    <nd ref="11324283379" />
    <nd ref="11324283380" />
    <nd ref="11324283378" />
    <nd ref="13512671894" />
    <nd ref="11324283377" />
    <nd ref="13512671895" />
    <nd ref="11324283376" />
    <nd ref="13512671896" />
    <nd ref="13512671897" />
    <tag k="highway" v="service" />
    <tag k="service" v="driveway" />
  </way>
  <way id="1221275933" timestamp="2023-11-05T12:13:32Z" uid="6167506" user="christian_plus1" version="1" changeset="143647074">
    <nd ref="11324283381" />
    <nd ref="11324283383" />
    <nd ref="11324283382" />
    <tag k="highway" v="service" />
    <tag k="service" v="driveway" />
  </way>
  <way id="1221275934" timestamp="2023-11-05T12:13:32Z" uid="6167506" user="christian_plus1" version="1" changeset="143647074">
    <nd ref="11324283370" />
    <nd ref="7057686568" />
    <tag k="highway" v="path" />
    <tag k="surface" v="paving_stones" />
  </way>
  <way id="1221275935" timestamp="2024-12-31T13:59:13Z" uid="1468248" user="PantherStrix" version="4" changeset="160833050">
    <nd ref="11324283385" />
    <nd ref="11324283384" />
    <tag k="footway" v="sidewalk" />
    <tag k="highway" v="footway" />
    <tag k="lit" v="yes" />
    <tag k="surface" v="paving_stones" />
  </way>
  <way id="1221275936" timestamp="2026-05-05T16:02:17Z" uid="1468248" user="PantherStrix" version="3" changeset="182256743">
    <nd ref="11324283385" />
    <nd ref="11324283386" />
    <tag k="footway" v="sidewalk" />
    <tag k="highway" v="footway" />
    <tag k="lit" v="yes" />
    <tag k="surface" v="sett" />
  </way>
  <way id="1221275937" timestamp="2024-03-31T20:44:43Z" uid="13457705" user="Miroka96" version="3" changeset="149404944">
    <nd ref="11324283386" />
    <nd ref="11324283388" />
    <nd ref="11324283387" />
    <tag k="crossing" v="unmarked" />
    <tag k="crossing:markings" v="no" />
    <tag k="footway" v="crossing" />
    <tag k="highway" v="footway" />
    <tag k="lit" v="yes" />
    <tag k="surface" v="asphalt" />
  </way>
  <way id="1221275938" timestamp="2024-07-07T16:41:38Z" uid="2414126" user="Weasel-Wiesel" version="4" changeset="153670054">
    <nd ref="11324283387" />
    <nd ref="11324283389" />
    <tag k="footway" v="sidewalk" />
    <tag k="highway" v="footway" />
    <tag k="lit" v="yes" />
    <tag k="surface" v="paving_stones" />
  </way>
  <way id="1221275941" timestamp="2024-12-31T14:06:05Z" uid="1468248" user="PantherStrix" version="3" changeset="160833050">
    <nd ref="11324283392" />
    <nd ref="11324283391" />
    <nd ref="9759177342" />
    <nd ref="11324283393" />
    <nd ref="11324283396" />
    <tag k="footway" v="sidewalk" />
    <tag k="highway" v="footway" />
    <tag k="lit" v="yes" />
    <tag k="surface" v="sett" />
  </way>
  <way id="1221275942" timestamp="2024-12-31T14:05:13Z" uid="1468248" user="PantherStrix" version="3" changeset="160833050">
    <nd ref="11324283396" />
    <nd ref="11324283394" />
    <nd ref="11324283395" />
    <tag k="footway" v="sidewalk" />
    <tag k="highway" v="footway" />
    <tag k="lit" v="yes" />
    <tag k="surface" v="sett" />
  </way>
  <way id="1221275943" timestamp="2024-12-31T14:05:09Z" uid="1468248" user="PantherStrix" version="3" changeset="160833050">
    <nd ref="11324283395" />
    <nd ref="11324283371" />
    <tag k="footway" v="sidewalk" />
    <tag k="highway" v="footway" />
    <tag k="lit" v="yes" />
    <tag k="surface" v="sett" />
  </way>
  <way id="1221275944" timestamp="2023-11-05T12:13:32Z" uid="6167506" user="christian_plus1" version="1" changeset="143647074">
    <nd ref="2138533027" />
    <nd ref="11324283369" />
    <tag k="highway" v="footway" />
    <tag k="lit" v="yes" />
    <tag k="smoothness" v="good" />
    <tag k="surface" v="paving_stones" />
  </way>
  <way id="1221275945" timestamp="2024-07-07T16:41:38Z" uid="2414126" user="Weasel-Wiesel" version="5" changeset="153670054">
    <nd ref="11324283389" />
    <nd ref="11324279862" />
    <nd ref="11324283397" />
    <nd ref="11324279863" />
    <nd ref="11324279864" />
    <nd ref="11324279865" />
    <nd ref="11324279866" />
    <nd ref="11669622066" />
    <nd ref="11324279867" />
    <nd ref="11324279868" />
    <nd ref="11324283369" />
    <tag k="footway" v="sidewalk" />
    <tag k="highway" v="footway" />
    <tag k="lit" v="yes" />
    <tag k="surface" v="paving_stones" />
  </way>
  <way id="1221275946" timestamp="2025-04-16T19:52:40Z" uid="13547320" user="VonMorgen" version="2" changeset="165044252">
    <nd ref="11324283404" />
    <nd ref="11324283405" />
    <tag k="highway" v="footway" />
    <tag k="surface" v="sett" />
  </way>
  <way id="1221275947" timestamp="2024-12-31T14:06:18Z" uid="1468248" user="PantherStrix" version="3" changeset="160833050">
    <nd ref="11324283406" />
    <nd ref="11324283407" />
    <nd ref="11324283410" />
    <nd ref="11324283408" />
    <tag k="highway" v="footway" />
    <tag k="lit" v="yes" />
    <tag k="surface" v="paving_stones" />
  </way>
  <way id="1221275948" timestamp="2024-12-31T14:05:57Z" uid="1468248" user="PantherStrix" version="3" changeset="160833050">
    <nd ref="11324283409" />
    <nd ref="11324283410" />
    <tag k="highway" v="footway" />
    <tag k="lit" v="no" />
    <tag k="surface" v="paving_stones" />
  </way>
  <way id="1221275949" timestamp="2026-01-30T17:22:48Z" uid="1468248" user="PantherStrix" version="4" changeset="177899319">
    <nd ref="11324283405" />
    <nd ref="11324283412" />
    <nd ref="11324283411" />
    <tag k="crossing" v="unmarked" />
    <tag k="crossing:markings" v="no" />
    <tag k="footway" v="crossing" />
    <tag k="highway" v="footway" />
    <tag k="lit" v="yes" />
    <tag k="surface" v="sett" />
  </way>
  <way id="1221275950" timestamp="2024-12-31T14:06:56Z" uid="1468248" user="PantherStrix" version="3" changeset="160833050">
    <nd ref="11324283411" />
    <nd ref="11324283413" />
    <tag k="highway" v="footway" />
    <tag k="lit" v="yes" />
    <tag k="surface" v="sett" />
  </way>
  <way id="1221275951" timestamp="2026-01-30T17:22:48Z" uid="1468248" user="PantherStrix" version="2" changeset="177899319">
    <nd ref="11324283414" />
    <nd ref="11324283415" />
    <nd ref="11324283416" />
    <nd ref="11324283417" />
    <tag k="highway" v="service" />
    <tag k="service" v="driveway" />
  </way>
  <way id="1221275952" timestamp="2023-11-05T12:13:32Z" uid="6167506" user="christian_plus1" version="1" changeset="143647074">
    <nd ref="11324283418" />
    <nd ref="11324283420" />
    <nd ref="11324283419" />
    <tag k="highway" v="service" />
    <tag k="service" v="driveway" />
  </way>
  <way id="1221291387" timestamp="2024-12-31T10:10:23Z" uid="1468248" user="PantherStrix" version="4" changeset="160825677">
    <nd ref="11324758192" />
    <nd ref="11324758194" />
    <nd ref="11324758193" />
    <tag k="highway" v="footway" />
    <tag k="lit" v="yes" />
    <tag k="surface" v="sett" />
  </way>
  <way id="1221291388" timestamp="2024-12-31T10:10:42Z" uid="1468248" user="PantherStrix" version="4" changeset="160825677">
    <nd ref="11324758195" />
    <nd ref="11324758211" />
    <tag k="highway" v="footway" />
    <tag k="lit" v="yes" />
    <tag k="surface" v="sett" />
  </way>
  <way id="1221291389" timestamp="2024-12-31T10:10:51Z" uid="1468248" user="PantherStrix" version="4" changeset="160825677">
    <nd ref="10264921735" />
    <nd ref="11324758196" />
    <tag k="highway" v="footway" />
    <tag k="lit" v="yes" />
    <tag k="surface" v="sett" />
  </way>
  <way id="1221291391" timestamp="2024-12-31T10:10:45Z" uid="1468248" user="PantherStrix" version="4" changeset="160825677">
    <nd ref="11324758196" />
    <nd ref="11324758197" />
    <nd ref="1123753892" />
    <tag k="highway" v="footway" />
    <tag k="lit" v="yes" />
    <tag k="surface" v="sett" />
  </way>
  <way id="1221291393" timestamp="2023-11-05T12:39:19Z" uid="6167506" user="christian_plus1" version="1" changeset="143647960">
    <nd ref="922330058" />
    <nd ref="11324758204" />
    <tag k="covered" v="yes" />
    <tag k="highway" v="footway" />
  </way>
  <way id="1221291394" timestamp="2025-02-27T13:02:22Z" uid="1468248" user="PantherStrix" version="2" changeset="163011624">
    <nd ref="1068064362" />
    <nd ref="11324758206" />
    <nd ref="12623246425" />
    <nd ref="11324758208" />
    <nd ref="11324758205" />
    <tag k="covered" v="yes" />
    <tag k="highway" v="footway" />
  </way>
  <way id="1221291395" timestamp="2023-11-05T12:39:19Z" uid="6167506" user="christian_plus1" version="1" changeset="143647960">
    <nd ref="11324758206" />
    <nd ref="11324758207" />
    <tag k="covered" v="yes" />
    <tag k="highway" v="footway" />
  </way>
  <way id="1221291396" timestamp="2023-11-05T12:39:19Z" uid="6167506" user="christian_plus1" version="1" changeset="143647960">
    <nd ref="11324758205" />
    <nd ref="922330052" />
    <tag k="highway" v="footway" />
  </way>
  <way id="1221291397" timestamp="2023-11-05T12:39:19Z" uid="6167506" user="christian_plus1" version="1" changeset="143647960">
    <nd ref="11324758209" />
    <nd ref="1068064377" />
    <tag k="highway" v="footway" />
  </way>
  <way id="1221291398" timestamp="2023-11-05T12:39:19Z" uid="6167506" user="christian_plus1" version="1" changeset="143647960">
    <nd ref="11324758208" />
    <nd ref="11324758209" />
    <tag k="covered" v="yes" />
    <tag k="highway" v="footway" />
  </way>
  <way id="1221291399" timestamp="2024-12-31T10:10:31Z" uid="1468248" user="PantherStrix" version="4" changeset="160825677">
    <nd ref="11324758211" />
    <nd ref="11324758212" />
    <tag k="highway" v="footway" />
    <tag k="lit" v="yes" />
    <tag k="surface" v="sett" />
  </way>
  <way id="1221291400" timestamp="2024-12-31T10:10:37Z" uid="1468248" user="PantherStrix" version="7" changeset="160825677">
    <nd ref="11324758212" />
    <nd ref="11324758213" />
    <tag k="handrail" v="no" />
    <tag k="highway" v="steps" />
    <tag k="incline" v="up" />
    <tag k="lit" v="yes" />
    <tag k="ramp" v="yes" />
    <tag k="ramp:wheelchair" v="yes" />
    <tag k="step_count" v="1" />
    <tag k="surface" v="sett" />
    <tag k="tactile_paving" v="no" />
  </way>
  <way id="1221291401" timestamp="2025-02-27T13:02:22Z" uid="1468248" user="PantherStrix" version="4" changeset="163011624">
    <nd ref="1068064288" />
    <nd ref="4866140068" />
    <nd ref="11324758214" />
    <nd ref="926893992" />
    <tag k="highway" v="footway" />
    <tag k="lit" v="yes" />
    <tag k="surface" v="sett" />
  </way>
  <way id="1221291402" timestamp="2025-02-27T13:02:22Z" uid="1468248" user="PantherStrix" version="5" changeset="163011624">
    <nd ref="11324758213" />
    <nd ref="11324758214" />
    <nd ref="11324758215" />
    <nd ref="11324758216" />
    <tag k="highway" v="footway" />
    <tag k="lit" v="yes" />
    <tag k="surface" v="sett" />
  </way>
  <way id="1242196361" timestamp="2024-01-23T12:18:50Z" uid="16371836" user="Till_btn" version="1" changeset="146590568">
    <nd ref="11542800258" />
    <nd ref="4206034499" />
    <tag k="highway" v="footway" />
    <tag k="lit" v="yes" />
    <tag k="smoothness" v="good" />
    <tag k="surface" v="paving_stones" />
  </way>
  <way id="1242752117" timestamp="2024-01-25T08:36:01Z" uid="17428843" user="Barbara Förster" version="2" changeset="146662402">
    <nd ref="249783113" />
    <nd ref="7476465529" />
    <nd ref="282843467" />
    <tag k="cycleway:both" v="no" />
    <tag k="emergency" v="designated" />
    <tag k="highway" v="residential" />
    <tag k="lit" v="yes" />
    <tag k="maxspeed" v="20" />
    <tag k="maxspeed:type" v="sign" />
    <tag k="name" v="Stahnsdorfer Straße" />
    <tag k="name:etymology:wikidata" v="Q640426" />
    <tag k="name:etymology:wikipedia" v="de:Stahnsdorf" />
    <tag k="parking:left" v="separate" />
    <tag k="parking:right" v="no" />
    <tag k="postal_code" v="14482" />
    <tag k="sidewalk" v="left" />
    <tag k="sidewalk:left:surface" v="paving_stones" />
    <tag k="smoothness" v="good" />
    <tag k="surface" v="paving_stones" />
  </way>
  <way id="1242752118" timestamp="2024-01-25T08:36:09Z" uid="17428843" user="Barbara Förster" version="2" changeset="146662402">
    <nd ref="282843467" />
    <nd ref="4199580124" />
    <nd ref="1737829959" />
    <tag k="cycleway:both" v="no" />
    <tag k="emergency" v="designated" />
    <tag k="highway" v="residential" />
    <tag k="lit" v="yes" />
    <tag k="maxspeed" v="20" />
    <tag k="maxspeed:type" v="sign" />
    <tag k="name" v="Stahnsdorfer Straße" />
    <tag k="name:etymology:wikidata" v="Q640426" />
    <tag k="name:etymology:wikipedia" v="de:Stahnsdorf" />
    <tag k="parking:both" v="separate" />
    <tag k="postal_code" v="14482" />
    <tag k="sidewalk" v="left" />
    <tag k="sidewalk:left:surface" v="paving_stones" />
    <tag k="smoothness" v="good" />
    <tag k="surface" v="paving_stones" />
  </way>
  <way id="1245498966" timestamp="2024-02-02T11:14:48Z" uid="6167506" user="christian_plus1" version="1" changeset="146980642">
    <nd ref="1118701106" />
    <nd ref="11578672408" />
    <nd ref="11578672409" />
    <nd ref="2852446316" />
    <tag k="highway" v="service" />
    <tag k="service" v="driveway" />
  </way>
  <way id="1251560813" timestamp="2026-05-05T16:00:57Z" uid="1468248" user="PantherStrix" version="3" changeset="182256743">
    <nd ref="11634139785" />
    <nd ref="11634139786" />
    <tag k="highway" v="footway" />
    <tag k="lit" v="yes" />
    <tag k="surface" v="paving_stones" />
  </way>
  <way id="1251560814" timestamp="2025-02-27T13:02:22Z" uid="1468248" user="PantherStrix" version="3" changeset="163011624">
    <nd ref="11634139787" />
    <nd ref="12623246408" />
    <nd ref="11634139791" />
    <nd ref="11634139792" />
    <nd ref="11634139793" />
    <nd ref="11634139790" />
    <tag k="highway" v="service" />
    <tag k="surface" v="paving_stones" />
  </way>
  <way id="1251560816" timestamp="2026-02-12T21:19:12Z" uid="1468248" user="PantherStrix" version="3" changeset="178476027">
    <nd ref="2122561531" />
    <nd ref="11634139797" />
    <tag k="highway" v="footway" />
    <tag k="lit" v="yes" />
    <tag k="surface" v="fine_gravel" />
  </way>
  <way id="1251560817" timestamp="2026-02-12T21:19:14Z" uid="1468248" user="PantherStrix" version="3" changeset="178476027">
    <nd ref="9481748340" />
    <nd ref="11634139800" />
    <nd ref="11634139801" />
    <tag k="highway" v="footway" />
    <tag k="lit" v="yes" />
    <tag k="surface" v="fine_gravel" />
  </way>
  <way id="1251560818" timestamp="2026-02-12T21:19:18Z" uid="1468248" user="PantherStrix" version="3" changeset="178476027">
    <nd ref="9481748341" />
    <nd ref="11634139802" />
    <nd ref="11634139803" />
    <nd ref="11634139800" />
    <tag k="highway" v="footway" />
    <tag k="lit" v="yes" />
    <tag k="surface" v="fine_gravel" />
  </way>
  <way id="1251560822" timestamp="2026-02-12T21:19:07Z" uid="1468248" user="PantherStrix" version="4" changeset="178476027">
    <nd ref="11634139816" />
    <nd ref="11634139817" />
    <nd ref="11634139818" />
    <nd ref="12623246406" />
    <nd ref="12623246407" />
    <tag k="highway" v="footway" />
    <tag k="lit" v="no" />
    <tag k="surface" v="compacted" />
  </way>
  <way id="1255327591" timestamp="2024-02-27T17:35:51Z" uid="1468248" user="PantherStrix" version="1" changeset="147983389">
    <nd ref="11324283369" />
    <nd ref="11669607519" />
    <nd ref="11669622065" />
    <nd ref="2852446317" />
    <tag k="footway" v="sidewalk" />
    <tag k="highway" v="footway" />
    <tag k="lit" v="yes" />
    <tag k="surface" v="paving_stones" />
  </way>
  <way id="1294945872" timestamp="2024-12-11T12:59:00Z" uid="22031542" user="JangoJR" version="2" changeset="160168020">
    <nd ref="12000555903" />
    <nd ref="12000555902" />
    <nd ref="12000555901" />
    <nd ref="420646910" />
    <tag k="highway" v="path" />
    <tag k="smoothness" v="good" />
    <tag k="surface" v="compacted" />
  </way>
  <way id="1294945873" timestamp="2024-12-11T12:59:06Z" uid="22031542" user="JangoJR" version="2" changeset="160168020">
    <nd ref="420646809" />
    <nd ref="12000555907" />
    <nd ref="12000555906" />
    <nd ref="12000555905" />
    <nd ref="12000555904" />
    <nd ref="12000555903" />
    <tag k="highway" v="path" />
    <tag k="smoothness" v="intermediate" />
    <tag k="surface" v="sett" />
  </way>
  <way id="1323921580" timestamp="2025-06-08T17:13:18Z" uid="1468248" user="PantherStrix" version="3" changeset="167361431">
    <nd ref="12251042016" />
    <nd ref="10873315168" />
    <nd ref="12897339226" />
    <nd ref="5144960785" />
    <nd ref="10873315179" />
    <tag k="bicycle" v="designated" />
    <tag k="bicycle_road" v="yes" />
    <tag k="bus" v="yes" />
    <tag k="highway" v="residential" />
    <tag k="lanes" v="2" />
    <tag k="lit" v="yes" />
    <tag k="maxspeed" v="30" />
    <tag k="name" v="Stahnsdorfer Straße" />
    <tag k="name:etymology:wikidata" v="Q640426" />
    <tag k="name:etymology:wikipedia" v="de:Stahnsdorf" />
    <tag k="parking:both" v="no" />
    <tag k="sidewalk" v="both" />
    <tag k="sidewalk:both:surface" v="paving_stones" />
    <tag k="smoothness" v="good" />
    <tag k="source:maxspeed" v="DE:bicycle_road" />
    <tag k="surface" v="asphalt" />
    <tag k="traffic_sign" v="DE:244.1;1020-30;1026-32" />
    <tag k="vehicle" v="destination" />
  </way>
  <way id="1340691875" timestamp="2024-12-07T06:33:49Z" uid="1468248" user="PantherStrix" version="1" changeset="160016896">
    <nd ref="4743489048" />
    <nd ref="4743471751" />
    <tag k="highway" v="footway" />
    <tag k="indoor" v="yes" />
    <tag k="layer" v="1" />
    <tag k="lit" v="yes" />
    <tag k="surface" v="paving_stones" />
  </way>
  <way id="1348203307" timestamp="2025-01-03T10:44:18Z" uid="20936257" user="Sandplaice" version="1" changeset="160942382">
    <nd ref="11324279835" />
    <nd ref="12470958735" />
    <tag k="highway" v="path" />
    <tag k="surface" v="dirt" />
  </way>
  <way id="1348215830" timestamp="2025-01-03T12:03:26Z" uid="20936257" user="Sandplaice" version="1" changeset="160945647">
    <nd ref="2120552537" />
    <nd ref="12471105876" />
    <tag k="highway" v="path" />
    <tag k="surface" v="ground" />
  </way>
  <way id="1363320812" timestamp="2025-02-27T13:02:22Z" uid="1468248" user="PantherStrix" version="1" changeset="163011624">
    <nd ref="12623246447" />
    <nd ref="926887819" />
    <nd ref="2356128728" />
    <nd ref="4874646417" />
    <tag k="highway" v="service" />
    <tag k="lit" v="yes" />
    <tag k="maxspeed" v="20" />
    <tag k="smoothness" v="good" />
    <tag k="surface" v="paving_stones" />
  </way>
  <way id="1363320813" timestamp="2026-05-05T16:00:39Z" uid="1468248" user="PantherStrix" version="8" changeset="182256727">
    <nd ref="12623246446" />
    <nd ref="12623246447" />
    <tag k="check_date" v="2026-05-05" />
    <tag k="highway" v="construction" />
    <tag k="lit" v="yes" />
    <tag k="maxspeed" v="20" />
    <tag k="smoothness" v="good" />
    <tag k="surface" v="paving_stones" />
  </way>
  <way id="1368158589" timestamp="2025-03-16T19:44:24Z" uid="1468248" user="PantherStrix" version="1" changeset="163703942">
    <nd ref="2852446318" />
    <nd ref="2852446319" />
    <nd ref="3270146999" />
    <tag k="highway" v="footway" />
    <tag k="lit" v="no" />
    <tag k="surface" v="dirt" />
  </way>
  <way id="1368158591" timestamp="2025-03-16T19:44:24Z" uid="1468248" user="PantherStrix" version="1" changeset="163703942">
    <nd ref="10264921737" />
    <nd ref="12670697444" />
    <tag k="highway" v="footway" />
    <tag k="lit" v="yes" />
    <tag k="smoothness" v="excellent" />
    <tag k="surface" v="paving_stones" />
  </way>
  <way id="1416307619" timestamp="2026-01-18T16:37:03Z" uid="1468248" user="PantherStrix" version="2" changeset="177381726">
    <nd ref="10264921738" />
    <nd ref="13015488866" />
    <nd ref="13015488861" />
    <nd ref="13015488865" />
    <nd ref="13015488862" />
    <nd ref="13015488863" />
    <nd ref="13015488864" />
    <tag k="highway" v="footway" />
    <tag k="lit" v="yes" />
    <tag k="surface" v="paving_stones" />
  </way>
  <way id="1416307622" timestamp="2026-01-18T16:37:05Z" uid="1468248" user="PantherStrix" version="2" changeset="177381726">
    <nd ref="13015488877" />
    <nd ref="13015488876" />
    <tag k="highway" v="footway" />
    <tag k="lit" v="yes" />
    <tag k="smoothness" v="excellent" />
    <tag k="surface" v="paving_stones" />
  </way>
  <way id="1416307625" timestamp="2026-01-18T16:36:58Z" uid="1468248" user="PantherStrix" version="2" changeset="177381726">
    <nd ref="13015488887" />
    <nd ref="13015488886" />
    <tag k="highway" v="footway" />
    <tag k="lit" v="yes" />
    <tag k="smoothness" v="excellent" />
    <tag k="surface" v="paving_stones" />
  </way>
  <way id="1416307626" timestamp="2026-01-18T16:36:59Z" uid="1468248" user="PantherStrix" version="2" changeset="177381726">
    <nd ref="1037525242" />
    <nd ref="13015488886" />
    <nd ref="13015488861" />
    <tag k="highway" v="footway" />
    <tag k="lit" v="yes" />
    <tag k="smoothness" v="excellent" />
    <tag k="surface" v="paving_stones" />
  </way>
  <way id="1431125778" timestamp="2025-11-01T21:44:47Z" uid="23034323" user="fmc_6" version="3" changeset="174081452">
    <nd ref="27318287" />
    <nd ref="13154953171" />
    <tag k="cycleway:left" v="no" />
    <tag k="cycleway:right" v="track" />
    <tag k="cycleway:right:bicycle" v="designated" />
    <tag k="cycleway:right:mapillary" v="715794690388448" />
    <tag k="cycleway:right:oneway" v="yes" />
    <tag k="cycleway:right:segregated" v="yes" />
    <tag k="cycleway:right:separation:left" v="tree_row;kerb" />
    <tag k="cycleway:right:separation:right" v="no" />
    <tag k="cycleway:right:surface" v="asphalt" />
    <tag k="cycleway:right:surface:colour" v="none" />
    <tag k="cycleway:right:traffic_sign" v="none" />
    <tag k="cycleway:right:width" v="1.5" />
    <tag k="highway" v="tertiary" />
    <tag k="lanes" v="2" />
    <tag k="lit" v="yes" />
    <tag k="maxspeed" v="50" />
    <tag k="name" v="Bernhard-Beyer-Straße" />
    <tag k="name:etymology:wikidata" v="Q83424294" />
    <tag k="parking:left" v="lane" />
    <tag k="parking:left:fee" v="no" />
    <tag k="parking:left:orientation" v="parallel" />
    <tag k="parking:right" v="no" />
    <tag k="parking:right:restriction" v="no_parking" />
    <tag k="postal_code" v="14109" />
    <tag k="sidewalk" v="right" />
    <tag k="sidewalk:right:surface" v="paving_stones" />
    <tag k="smoothness" v="good" />
    <tag k="source:cycleway:right:width" v="Luftbild 2025" />
    <tag k="surface" v="asphalt" />
    <tag k="wikidata" v="Q83424085" />
    <tag k="wikimedia_commons" v="Category:Bernhard-Beyer-Straße (Berlin-Wannsee)" />
  </way>
  <way id="1472757773" timestamp="2026-01-30T17:22:48Z" uid="1468248" user="PantherStrix" version="1" changeset="177899319">
    <nd ref="13512671791" />
    <nd ref="13512671792" />
    <tag k="access" v="private" />
    <tag k="highway" v="service" />
    <tag k="service" v="driveway" />
  </way>
  <way id="1472757774" timestamp="2026-01-30T17:22:48Z" uid="1468248" user="PantherStrix" version="1" changeset="177899319">
    <nd ref="13512671793" />
    <nd ref="13512671794" />
    <nd ref="13512671791" />
    <tag k="highway" v="service" />
    <tag k="service" v="driveway" />
  </way>
  <way id="1472757778" timestamp="2026-01-30T17:22:48Z" uid="1468248" user="PantherStrix" version="1" changeset="177899319">
    <nd ref="13512671818" />
    <nd ref="13512671819" />
    <tag k="highway" v="service" />
    <tag k="service" v="driveway" />
  </way>
  <way id="1473990161" timestamp="2026-02-03T20:44:43Z" uid="1468248" user="PantherStrix" version="1" changeset="178067476">
    <nd ref="13522794931" />
    <nd ref="13522794933" />
    <tag k="access" v="private" />
    <tag k="highway" v="service" />
    <tag k="service" v="driveway" />
  </way>
  <way id="1473990162" timestamp="2026-02-03T20:44:43Z" uid="1468248" user="PantherStrix" version="1" changeset="178067476">
    <nd ref="13522794932" />
    <nd ref="13522794931" />
    <tag k="highway" v="service" />
    <tag k="service" v="driveway" />
  </way>
  <way id="1485412395" timestamp="2026-03-04T15:45:25Z" uid="16371836" user="Till_btn" version="1" changeset="179355835">
    <nd ref="11324279855" />
    <nd ref="11324279856" />
    <nd ref="11324279857" />
    <tag k="highway" v="cycleway" />
    <tag k="is_sidepath" v="yes" />
    <tag k="lit" v="yes" />
    <tag k="oneway" v="yes" />
    <tag k="smoothness" v="intermediate" />
    <tag k="surface" v="paving_stones" />
    <tag k="width" v="1" />
  </way>
  <way id="1485412396" timestamp="2026-04-12T07:06:19Z" uid="9607" user="hfs" version="2" changeset="181216322">
    <nd ref="30569600" />
    <nd ref="4537367294" />
    <nd ref="13618121331" />
    <tag k="access:conditional" v="no @ (2026 Mar 1 - 2027 Mar 31)" />
    <tag k="check_date" v="2026-04-12" />
    <tag k="cycleway:both" v="lane" />
    <tag k="cycleway:both:lane" v="advisory" />
    <tag k="highway" v="construction" />
    <tag k="lanes" v="2" />
    <tag k="lit" v="yes" />
    <tag k="maxspeed" v="50" />
    <tag k="name" v="Rudolf-Breitscheid-Straße" />
    <tag k="name:etymology:wikidata" v="Q70890" />
    <tag k="old_name" v="Lindenstraße" />
    <tag k="postal_code" v="14482" />
    <tag k="priority_road" v="designated" />
    <tag k="sidewalk" v="both" />
    <tag k="sidewalk:both:surface" v="paving_stones" />
    <tag k="smoothness" v="intermediate" />
    <tag k="surface" v="asphalt" />
  </way>
  <way id="1504534993" timestamp="2026-04-27T15:50:11Z" uid="10630643" user="janolezab" version="2" changeset="181897602">
    <nd ref="10873315179" />
    <nd ref="30570787" />
    <nd ref="11621901368" />
    <tag k="cycleway:left" v="lane" />
    <tag k="cycleway:left:lane" v="advisory" />
    <tag k="cycleway:left:smoothness" v="good" />
    <tag k="cycleway:right" v="track" />
    <tag k="cycleway:right:segregated" v="no" />
    <tag k="cycleway:right:smoothness" v="intermediate" />
    <tag k="highway" v="tertiary" />
    <tag k="lanes" v="2" />
    <tag k="lit" v="yes" />
    <tag k="maxspeed" v="50" />
    <tag k="name" v="August-Bebel-Straße" />
    <tag k="name:etymology:wikidata" v="Q76520" />
    <tag k="name:etymology:wikipedia" v="de:August Bebel" />
    <tag k="old_name:1927-1938" v="Böckmannstraße" />
    <tag k="old_name:1927-1938:etymology:wikidata" v="Q73673" />
    <tag k="old_name:1938-1945" v="Filmakademiestraße" />
    <tag k="old_name:1938-1945:etymology:wikidata" v="Q1202527" />
    <tag k="parking:left" v="street_side" />
    <tag k="parking:left:orientation" v="parallel" />
    <tag k="postal_code" v="14482" />
    <tag k="sidewalk" v="both" />
    <tag k="sidewalk:both:surface" v="paving_stones" />
    <tag k="smoothness" v="good" />
    <tag k="source:maxspeed" v="urban" />
    <tag k="surface" v="asphalt" />
    <tag k="wikidata" v="Q100349322" />
    <tag k="wikimedia_commons" v="Category:August-Bebel-Straße (Potsdam)" />
  </way>
</osm>